phone,score,status,first_seen,last_seen,age_days,seen_runs,independent_spam_groups,safe_groups,best_evidence,max_source_weight,reasons
919973025,99.8,BLOCK,2026-09-02T19:27:12+00:00,2026-09-30T20:53:12+00:00,3,17,2,0,explicit_spam,0.95,"max_source_weight=0.95 -> 42.8 | best_evidence=explicit_spam -> +25.0 | independent_spam_groups=2 -> +12.0 | seen_runs=17 -> +12.0 | age_days=3 -> recency +8.0, stale 0.0 | safe_groups=0 -> 0.0"
865449580,96.8,BLOCK,2026-08-26T17:34:45+00:00,2026-09-11T19:13:24+00:00,23,17,2,0,explicit_spam,0.95,"max_source_weight=0.95 -> 42.8 | best_evidence=explicit_spam -> +25.0 | independent_spam_groups=2 -> +12.0 | seen_runs=17 -> +12.0 | age_days=23 -> recency +5.0, stale 0.0 | safe_groups=0 -> 0.0"
919896017,96.8,BLOCK,2026-08-31T21:32:23+00:00,2026-09-14T20:22:20+00:00,19,15,2,0,explicit_spam,0.95,"max_source_weight=0.95 -> 42.8 | best_evidence=explicit_spam -> +25.0 | independent_spam_groups=2 -> +12.0 | seen_runs=15 -> +12.0 | age_days=19 -> recency +5.0, stale 0.0 | safe_groups=0 -> 0.0"
919970259,96.8,BLOCK,2026-09-02T19:27:12+00:00,2026-09-15T19:45:50+00:00,18,14,2,0,explicit_spam,0.95,"max_source_weight=0.95 -> 42.8 | best_evidence=explicit_spam -> +25.0 | independent_spam_groups=2 -> +12.0 | seen_runs=14 -> +12.0 | age_days=18 -> recency +5.0, stale 0.0 | safe_groups=0 -> 0.0"
920501958,96.8,BLOCK,2026-08-25T20:48:08+00:00,2026-09-09T19:21:13+00:00,25,16,2,0,explicit_spam,0.95,"max_source_weight=0.95 -> 42.8 | best_evidence=explicit_spam -> +25.0 | independent_spam_groups=2 -> +12.0 | seen_runs=16 -> +12.0 | age_days=25 -> recency +5.0, stale 0.0 | safe_groups=0 -> 0.0"
967831703,96.8,BLOCK,2026-08-25T20:48:08+00:00,2026-09-11T19:13:24+00:00,23,18,2,0,explicit_spam,0.95,"max_source_weight=0.95 -> 42.8 | best_evidence=explicit_spam -> +25.0 | independent_spam_groups=2 -> +12.0 | seen_runs=18 -> +12.0 | age_days=23 -> recency +5.0, stale 0.0 | safe_groups=0 -> 0.0"
627382938,93.9,BLOCK,2026-09-16T19:37:49+00:00,2026-10-04T19:43:02+00:00,0,19,2,0,explicit_spam,0.82,"max_source_weight=0.82 -> 36.9 | best_evidence=explicit_spam -> +25.0 | independent_spam_groups=2 -> +12.0 | seen_runs=19 -> +12.0 | age_days=0 -> recency +8.0, stale 0.0 | safe_groups=0 -> 0.0"
604060886,87.8,BLOCK,2026-08-25T20:48:08+00:00,2026-10-02T20:50:00+00:00,1,16,1,0,explicit_spam,0.95,"max_source_weight=0.95 -> 42.8 | best_evidence=explicit_spam -> +25.0 | independent_spam_groups=1 -> +0.0 | seen_runs=16 -> +12.0 | age_days=1 -> recency +8.0, stale 0.0 | safe_groups=0 -> 0.0"
606549096,87.8,BLOCK,2026-09-04T19:03:03+00:00,2026-09-30T20:53:12+00:00,3,13,1,0,explicit_spam,0.95,"max_source_weight=0.95 -> 42.8 | best_evidence=explicit_spam -> +25.0 | independent_spam_groups=1 -> +0.0 | seen_runs=13 -> +12.0 | age_days=3 -> recency +8.0, stale 0.0 | safe_groups=0 -> 0.0"
695703892,87.8,BLOCK,2026-09-02T19:27:12+00:00,2026-10-03T19:18:00+00:00,1,12,1,0,explicit_spam,0.95,"max_source_weight=0.95 -> 42.8 | best_evidence=explicit_spam -> +25.0 | independent_spam_groups=1 -> +0.0 | seen_runs=12 -> +12.0 | age_days=1 -> recency +8.0, stale 0.0 | safe_groups=0 -> 0.0"
800009890,87.8,BLOCK,2026-09-04T19:03:03+00:00,2026-09-29T20:52:44+00:00,4,6,1,0,explicit_spam,0.95,"max_source_weight=0.95 -> 42.8 | best_evidence=explicit_spam -> +25.0 | independent_spam_groups=1 -> +0.0 | seen_runs=6 -> +12.0 | age_days=4 -> recency +8.0, stale 0.0 | safe_groups=0 -> 0.0"
846636000,87.8,BLOCK,2026-09-26T19:17:09+00:00,2026-10-01T21:06:14+00:00,2,4,1,0,explicit_spam,0.95,"max_source_weight=0.95 -> 42.8 | best_evidence=explicit_spam -> +25.0 | independent_spam_groups=1 -> +0.0 | seen_runs=4 -> +12.0 | age_days=2 -> recency +8.0, stale 0.0 | safe_groups=0 -> 0.0"
848982683,87.8,BLOCK,2026-08-25T20:48:08+00:00,2026-10-02T20:50:00+00:00,1,30,1,0,explicit_spam,0.95,"max_source_weight=0.95 -> 42.8 | best_evidence=explicit_spam -> +25.0 | independent_spam_groups=1 -> +0.0 | seen_runs=30 -> +12.0 | age_days=1 -> recency +8.0, stale 0.0 | safe_groups=0 -> 0.0"
851816698,87.8,BLOCK,2026-09-25T20:05:11+00:00,2026-10-03T19:18:00+00:00,1,7,1,0,explicit_spam,0.95,"max_source_weight=0.95 -> 42.8 | best_evidence=explicit_spam -> +25.0 | independent_spam_groups=1 -> +0.0 | seen_runs=7 -> +12.0 | age_days=1 -> recency +8.0, stale 0.0 | safe_groups=0 -> 0.0"
851823505,87.8,BLOCK,2026-09-26T19:17:09+00:00,2026-10-02T20:50:00+00:00,1,4,1,0,explicit_spam,0.95,"max_source_weight=0.95 -> 42.8 | best_evidence=explicit_spam -> +25.0 | independent_spam_groups=1 -> +0.0 | seen_runs=4 -> +12.0 | age_days=1 -> recency +8.0, stale 0.0 | safe_groups=0 -> 0.0"
851823557,87.8,BLOCK,2026-09-02T19:27:12+00:00,2026-10-01T21:06:14+00:00,2,12,1,0,explicit_spam,0.95,"max_source_weight=0.95 -> 42.8 | best_evidence=explicit_spam -> +25.0 | independent_spam_groups=1 -> +0.0 | seen_runs=12 -> +12.0 | age_days=2 -> recency +8.0, stale 0.0 | safe_groups=0 -> 0.0"
854794025,87.8,BLOCK,2026-09-25T20:05:11+00:00,2026-10-01T21:06:14+00:00,2,5,1,0,explicit_spam,0.95,"max_source_weight=0.95 -> 42.8 | best_evidence=explicit_spam -> +25.0 | independent_spam_groups=1 -> +0.0 | seen_runs=5 -> +12.0 | age_days=2 -> recency +8.0, stale 0.0 | safe_groups=0 -> 0.0"
854794731,87.8,BLOCK,2026-08-25T20:48:08+00:00,2026-10-01T21:06:14+00:00,2,5,1,0,explicit_spam,0.95,"max_source_weight=0.95 -> 42.8 | best_evidence=explicit_spam -> +25.0 | independent_spam_groups=1 -> +0.0 | seen_runs=5 -> +12.0 | age_days=2 -> recency +8.0, stale 0.0 | safe_groups=0 -> 0.0"
854900334,87.8,BLOCK,2026-08-25T20:48:08+00:00,2026-09-29T20:52:44+00:00,4,7,1,0,explicit_spam,0.95,"max_source_weight=0.95 -> 42.8 | best_evidence=explicit_spam -> +25.0 | independent_spam_groups=1 -> +0.0 | seen_runs=7 -> +12.0 | age_days=4 -> recency +8.0, stale 0.0 | safe_groups=0 -> 0.0"
854900338,87.8,BLOCK,2026-08-26T17:34:45+00:00,2026-10-02T20:50:00+00:00,1,12,1,0,explicit_spam,0.95,"max_source_weight=0.95 -> 42.8 | best_evidence=explicit_spam -> +25.0 | independent_spam_groups=1 -> +0.0 | seen_runs=12 -> +12.0 | age_days=1 -> recency +8.0, stale 0.0 | safe_groups=0 -> 0.0"
856638743,87.8,BLOCK,2026-08-25T20:48:08+00:00,2026-09-29T20:52:44+00:00,4,22,1,0,explicit_spam,0.95,"max_source_weight=0.95 -> 42.8 | best_evidence=explicit_spam -> +25.0 | independent_spam_groups=1 -> +0.0 | seen_runs=22 -> +12.0 | age_days=4 -> recency +8.0, stale 0.0 | safe_groups=0 -> 0.0"
856638753,87.8,BLOCK,2026-08-25T20:48:08+00:00,2026-10-02T20:50:00+00:00,1,21,1,0,explicit_spam,0.95,"max_source_weight=0.95 -> 42.8 | best_evidence=explicit_spam -> +25.0 | independent_spam_groups=1 -> +0.0 | seen_runs=21 -> +12.0 | age_days=1 -> recency +8.0, stale 0.0 | safe_groups=0 -> 0.0"
856638767,87.8,BLOCK,2026-09-11T19:13:24+00:00,2026-10-03T19:18:00+00:00,1,17,1,0,explicit_spam,0.95,"max_source_weight=0.95 -> 42.8 | best_evidence=explicit_spam -> +25.0 | independent_spam_groups=1 -> +0.0 | seen_runs=17 -> +12.0 | age_days=1 -> recency +8.0, stale 0.0 | safe_groups=0 -> 0.0"
856638772,87.8,BLOCK,2026-09-16T19:37:49+00:00,2026-10-03T19:18:00+00:00,1,7,1,0,explicit_spam,0.95,"max_source_weight=0.95 -> 42.8 | best_evidence=explicit_spam -> +25.0 | independent_spam_groups=1 -> +0.0 | seen_runs=7 -> +12.0 | age_days=1 -> recency +8.0, stale 0.0 | safe_groups=0 -> 0.0"
856638774,87.8,BLOCK,2026-09-02T19:27:12+00:00,2026-10-03T19:18:00+00:00,1,6,1,0,explicit_spam,0.95,"max_source_weight=0.95 -> 42.8 | best_evidence=explicit_spam -> +25.0 | independent_spam_groups=1 -> +0.0 | seen_runs=6 -> +12.0 | age_days=1 -> recency +8.0, stale 0.0 | safe_groups=0 -> 0.0"
865449415,87.8,BLOCK,2026-09-23T19:44:46+00:00,2026-10-01T21:06:14+00:00,2,5,1,0,explicit_spam,0.95,"max_source_weight=0.95 -> 42.8 | best_evidence=explicit_spam -> +25.0 | independent_spam_groups=1 -> +0.0 | seen_runs=5 -> +12.0 | age_days=2 -> recency +8.0, stale 0.0 | safe_groups=0 -> 0.0"
865449467,87.8,BLOCK,2026-09-18T19:06:05+00:00,2026-09-29T20:52:44+00:00,4,6,1,0,explicit_spam,0.95,"max_source_weight=0.95 -> 42.8 | best_evidence=explicit_spam -> +25.0 | independent_spam_groups=1 -> +0.0 | seen_runs=6 -> +12.0 | age_days=4 -> recency +8.0, stale 0.0 | safe_groups=0 -> 0.0"
865449560,87.8,BLOCK,2026-09-09T19:21:13+00:00,2026-10-02T20:50:00+00:00,1,5,1,0,explicit_spam,0.95,"max_source_weight=0.95 -> 42.8 | best_evidence=explicit_spam -> +25.0 | independent_spam_groups=1 -> +0.0 | seen_runs=5 -> +12.0 | age_days=1 -> recency +8.0, stale 0.0 | safe_groups=0 -> 0.0"
868293044,87.8,BLOCK,2026-09-17T19:47:48+00:00,2026-09-29T20:52:44+00:00,4,9,1,0,explicit_spam,0.95,"max_source_weight=0.95 -> 42.8 | best_evidence=explicit_spam -> +25.0 | independent_spam_groups=1 -> +0.0 | seen_runs=9 -> +12.0 | age_days=4 -> recency +8.0, stale 0.0 | safe_groups=0 -> 0.0"
868293051,87.8,BLOCK,2026-09-23T19:44:46+00:00,2026-09-29T20:52:44+00:00,4,5,1,0,explicit_spam,0.95,"max_source_weight=0.95 -> 42.8 | best_evidence=explicit_spam -> +25.0 | independent_spam_groups=1 -> +0.0 | seen_runs=5 -> +12.0 | age_days=4 -> recency +8.0, stale 0.0 | safe_groups=0 -> 0.0"
868359043,87.8,BLOCK,2026-08-25T20:48:08+00:00,2026-10-02T20:50:00+00:00,1,10,1,0,explicit_spam,0.95,"max_source_weight=0.95 -> 42.8 | best_evidence=explicit_spam -> +25.0 | independent_spam_groups=1 -> +0.0 | seen_runs=10 -> +12.0 | age_days=1 -> recency +8.0, stale 0.0 | safe_groups=0 -> 0.0"
900470000,87.8,BLOCK,2026-08-25T20:48:08+00:00,2026-10-01T21:06:14+00:00,2,14,1,0,explicit_spam,0.95,"max_source_weight=0.95 -> 42.8 | best_evidence=explicit_spam -> +25.0 | independent_spam_groups=1 -> +0.0 | seen_runs=14 -> +12.0 | age_days=2 -> recency +8.0, stale 0.0 | safe_groups=0 -> 0.0"
900499101,87.8,BLOCK,2026-08-29T00:37:48+00:00,2026-09-30T20:53:12+00:00,3,9,1,0,explicit_spam,0.95,"max_source_weight=0.95 -> 42.8 | best_evidence=explicit_spam -> +25.0 | independent_spam_groups=1 -> +0.0 | seen_runs=9 -> +12.0 | age_days=3 -> recency +8.0, stale 0.0 | safe_groups=0 -> 0.0"
910054265,87.8,BLOCK,2026-09-25T20:05:11+00:00,2026-10-02T20:50:00+00:00,1,6,1,0,explicit_spam,0.95,"max_source_weight=0.95 -> 42.8 | best_evidence=explicit_spam -> +25.0 | independent_spam_groups=1 -> +0.0 | seen_runs=6 -> +12.0 | age_days=1 -> recency +8.0, stale 0.0 | safe_groups=0 -> 0.0"
910204334,87.8,BLOCK,2026-09-21T20:29:27+00:00,2026-09-30T20:53:12+00:00,3,6,1,0,explicit_spam,0.95,"max_source_weight=0.95 -> 42.8 | best_evidence=explicit_spam -> +25.0 | independent_spam_groups=1 -> +0.0 | seen_runs=6 -> +12.0 | age_days=3 -> recency +8.0, stale 0.0 | safe_groups=0 -> 0.0"
910612385,87.8,BLOCK,2026-09-01T19:28:04+00:00,2026-10-01T21:06:14+00:00,2,10,1,0,explicit_spam,0.95,"max_source_weight=0.95 -> 42.8 | best_evidence=explicit_spam -> +25.0 | independent_spam_groups=1 -> +0.0 | seen_runs=10 -> +12.0 | age_days=2 -> recency +8.0, stale 0.0 | safe_groups=0 -> 0.0"
910612398,87.8,BLOCK,2026-08-25T20:48:08+00:00,2026-10-01T21:06:14+00:00,2,15,1,0,explicit_spam,0.95,"max_source_weight=0.95 -> 42.8 | best_evidence=explicit_spam -> +25.0 | independent_spam_groups=1 -> +0.0 | seen_runs=15 -> +12.0 | age_days=2 -> recency +8.0, stale 0.0 | safe_groups=0 -> 0.0"
910629753,87.8,BLOCK,2026-09-02T19:27:12+00:00,2026-10-02T20:50:00+00:00,1,11,1,0,explicit_spam,0.95,"max_source_weight=0.95 -> 42.8 | best_evidence=explicit_spam -> +25.0 | independent_spam_groups=1 -> +0.0 | seen_runs=11 -> +12.0 | age_days=1 -> recency +8.0, stale 0.0 | safe_groups=0 -> 0.0"
910629757,87.8,BLOCK,2026-09-04T19:03:03+00:00,2026-09-29T20:52:44+00:00,4,6,1,0,explicit_spam,0.95,"max_source_weight=0.95 -> 42.8 | best_evidence=explicit_spam -> +25.0 | independent_spam_groups=1 -> +0.0 | seen_runs=6 -> +12.0 | age_days=4 -> recency +8.0, stale 0.0 | safe_groups=0 -> 0.0"
910629848,87.8,BLOCK,2026-09-08T19:29:58+00:00,2026-10-02T20:50:00+00:00,1,4,1,0,explicit_spam,0.95,"max_source_weight=0.95 -> 42.8 | best_evidence=explicit_spam -> +25.0 | independent_spam_groups=1 -> +0.0 | seen_runs=4 -> +12.0 | age_days=1 -> recency +8.0, stale 0.0 | safe_groups=0 -> 0.0"
910861524,87.8,BLOCK,2026-08-29T19:28:26+00:00,2026-10-02T20:50:00+00:00,1,12,1,0,explicit_spam,0.95,"max_source_weight=0.95 -> 42.8 | best_evidence=explicit_spam -> +25.0 | independent_spam_groups=1 -> +0.0 | seen_runs=12 -> +12.0 | age_days=1 -> recency +8.0, stale 0.0 | safe_groups=0 -> 0.0"
911173706,87.8,BLOCK,2026-09-09T19:21:13+00:00,2026-10-03T19:18:00+00:00,1,17,1,0,explicit_spam,0.95,"max_source_weight=0.95 -> 42.8 | best_evidence=explicit_spam -> +25.0 | independent_spam_groups=1 -> +0.0 | seen_runs=17 -> +12.0 | age_days=1 -> recency +8.0, stale 0.0 | safe_groups=0 -> 0.0"
911173813,87.8,BLOCK,2026-09-18T19:06:05+00:00,2026-10-03T19:18:00+00:00,1,5,1,0,explicit_spam,0.95,"max_source_weight=0.95 -> 42.8 | best_evidence=explicit_spam -> +25.0 | independent_spam_groups=1 -> +0.0 | seen_runs=5 -> +12.0 | age_days=1 -> recency +8.0, stale 0.0 | safe_groups=0 -> 0.0"
911319342,87.8,BLOCK,2026-08-29T19:28:26+00:00,2026-10-02T20:50:00+00:00,1,10,1,0,explicit_spam,0.95,"max_source_weight=0.95 -> 42.8 | best_evidence=explicit_spam -> +25.0 | independent_spam_groups=1 -> +0.0 | seen_runs=10 -> +12.0 | age_days=1 -> recency +8.0, stale 0.0 | safe_groups=0 -> 0.0"
911319345,87.8,BLOCK,2026-08-28T01:00:53+00:00,2026-10-03T19:18:00+00:00,1,9,1,0,explicit_spam,0.95,"max_source_weight=0.95 -> 42.8 | best_evidence=explicit_spam -> +25.0 | independent_spam_groups=1 -> +0.0 | seen_runs=9 -> +12.0 | age_days=1 -> recency +8.0, stale 0.0 | safe_groups=0 -> 0.0"
911319346,87.8,BLOCK,2026-09-10T19:11:24+00:00,2026-09-29T20:52:44+00:00,4,6,1,0,explicit_spam,0.95,"max_source_weight=0.95 -> 42.8 | best_evidence=explicit_spam -> +25.0 | independent_spam_groups=1 -> +0.0 | seen_runs=6 -> +12.0 | age_days=4 -> recency +8.0, stale 0.0 | safe_groups=0 -> 0.0"
911319347,87.8,BLOCK,2026-08-25T20:48:08+00:00,2026-10-01T21:06:14+00:00,2,8,1,0,explicit_spam,0.95,"max_source_weight=0.95 -> 42.8 | best_evidence=explicit_spam -> +25.0 | independent_spam_groups=1 -> +0.0 | seen_runs=8 -> +12.0 | age_days=2 -> recency +8.0, stale 0.0 | safe_groups=0 -> 0.0"
911969175,87.8,BLOCK,2026-08-28T01:00:53+00:00,2026-10-02T20:50:00+00:00,1,12,1,0,explicit_spam,0.95,"max_source_weight=0.95 -> 42.8 | best_evidence=explicit_spam -> +25.0 | independent_spam_groups=1 -> +0.0 | seen_runs=12 -> +12.0 | age_days=1 -> recency +8.0, stale 0.0 | safe_groups=0 -> 0.0"
911969176,87.8,BLOCK,2026-08-25T20:48:08+00:00,2026-10-03T19:18:00+00:00,1,31,1,0,explicit_spam,0.95,"max_source_weight=0.95 -> 42.8 | best_evidence=explicit_spam -> +25.0 | independent_spam_groups=1 -> +0.0 | seen_runs=31 -> +12.0 | age_days=1 -> recency +8.0, stale 0.0 | safe_groups=0 -> 0.0"
912222123,87.8,BLOCK,2026-08-25T20:48:08+00:00,2026-10-03T19:18:00+00:00,1,32,1,0,explicit_spam,0.95,"max_source_weight=0.95 -> 42.8 | best_evidence=explicit_spam -> +25.0 | independent_spam_groups=1 -> +0.0 | seen_runs=32 -> +12.0 | age_days=1 -> recency +8.0, stale 0.0 | safe_groups=0 -> 0.0"
914566686,87.8,BLOCK,2026-08-25T20:48:08+00:00,2026-10-02T20:50:00+00:00,1,26,1,0,explicit_spam,0.95,"max_source_weight=0.95 -> 42.8 | best_evidence=explicit_spam -> +25.0 | independent_spam_groups=1 -> +0.0 | seen_runs=26 -> +12.0 | age_days=1 -> recency +8.0, stale 0.0 | safe_groups=0 -> 0.0"
917220650,87.8,BLOCK,2026-08-29T00:37:48+00:00,2026-10-02T20:50:00+00:00,1,10,1,0,explicit_spam,0.95,"max_source_weight=0.95 -> 42.8 | best_evidence=explicit_spam -> +25.0 | independent_spam_groups=1 -> +0.0 | seen_runs=10 -> +12.0 | age_days=1 -> recency +8.0, stale 0.0 | safe_groups=0 -> 0.0"
917938587,87.8,BLOCK,2026-09-21T20:29:27+00:00,2026-09-29T20:52:44+00:00,4,5,1,0,explicit_spam,0.95,"max_source_weight=0.95 -> 42.8 | best_evidence=explicit_spam -> +25.0 | independent_spam_groups=1 -> +0.0 | seen_runs=5 -> +12.0 | age_days=4 -> recency +8.0, stale 0.0 | safe_groups=0 -> 0.0"
917938589,87.8,BLOCK,2026-09-17T19:47:48+00:00,2026-10-01T21:06:14+00:00,2,6,1,0,explicit_spam,0.95,"max_source_weight=0.95 -> 42.8 | best_evidence=explicit_spam -> +25.0 | independent_spam_groups=1 -> +0.0 | seen_runs=6 -> +12.0 | age_days=2 -> recency +8.0, stale 0.0 | safe_groups=0 -> 0.0"
917938665,87.8,BLOCK,2026-09-08T19:29:58+00:00,2026-10-02T20:50:00+00:00,1,7,1,0,explicit_spam,0.95,"max_source_weight=0.95 -> 42.8 | best_evidence=explicit_spam -> +25.0 | independent_spam_groups=1 -> +0.0 | seen_runs=7 -> +12.0 | age_days=1 -> recency +8.0, stale 0.0 | safe_groups=0 -> 0.0"
917938666,87.8,BLOCK,2026-09-03T19:21:36+00:00,2026-10-02T20:50:00+00:00,1,6,1,0,explicit_spam,0.95,"max_source_weight=0.95 -> 42.8 | best_evidence=explicit_spam -> +25.0 | independent_spam_groups=1 -> +0.0 | seen_runs=6 -> +12.0 | age_days=1 -> recency +8.0, stale 0.0 | safe_groups=0 -> 0.0"
917938670,87.8,BLOCK,2026-09-03T19:21:36+00:00,2026-10-02T20:50:00+00:00,1,12,1,0,explicit_spam,0.95,"max_source_weight=0.95 -> 42.8 | best_evidence=explicit_spam -> +25.0 | independent_spam_groups=1 -> +0.0 | seen_runs=12 -> +12.0 | age_days=1 -> recency +8.0, stale 0.0 | safe_groups=0 -> 0.0"
917938677,87.8,BLOCK,2026-09-24T20:03:41+00:00,2026-10-03T19:18:00+00:00,1,4,1,0,explicit_spam,0.95,"max_source_weight=0.95 -> 42.8 | best_evidence=explicit_spam -> +25.0 | independent_spam_groups=1 -> +0.0 | seen_runs=4 -> +12.0 | age_days=1 -> recency +8.0, stale 0.0 | safe_groups=0 -> 0.0"
919462039,87.8,BLOCK,2026-09-18T19:06:05+00:00,2026-10-03T19:18:00+00:00,1,12,1,0,explicit_spam,0.95,"max_source_weight=0.95 -> 42.8 | best_evidence=explicit_spam -> +25.0 | independent_spam_groups=1 -> +0.0 | seen_runs=12 -> +12.0 | age_days=1 -> recency +8.0, stale 0.0 | safe_groups=0 -> 0.0"
919462043,87.8,BLOCK,2026-09-08T19:29:58+00:00,2026-10-02T20:50:00+00:00,1,7,1,0,explicit_spam,0.95,"max_source_weight=0.95 -> 42.8 | best_evidence=explicit_spam -> +25.0 | independent_spam_groups=1 -> +0.0 | seen_runs=7 -> +12.0 | age_days=1 -> recency +8.0, stale 0.0 | safe_groups=0 -> 0.0"
919462054,87.8,BLOCK,2026-09-12T18:28:48+00:00,2026-10-02T20:50:00+00:00,1,12,1,0,explicit_spam,0.95,"max_source_weight=0.95 -> 42.8 | best_evidence=explicit_spam -> +25.0 | independent_spam_groups=1 -> +0.0 | seen_runs=12 -> +12.0 | age_days=1 -> recency +8.0, stale 0.0 | safe_groups=0 -> 0.0"
919462203,87.8,BLOCK,2026-09-25T20:05:11+00:00,2026-10-03T19:18:00+00:00,1,7,1,0,explicit_spam,0.95,"max_source_weight=0.95 -> 42.8 | best_evidence=explicit_spam -> +25.0 | independent_spam_groups=1 -> +0.0 | seen_runs=7 -> +12.0 | age_days=1 -> recency +8.0, stale 0.0 | safe_groups=0 -> 0.0"
919462405,87.8,BLOCK,2026-09-21T20:29:27+00:00,2026-10-03T19:18:00+00:00,1,11,1,0,explicit_spam,0.95,"max_source_weight=0.95 -> 42.8 | best_evidence=explicit_spam -> +25.0 | independent_spam_groups=1 -> +0.0 | seen_runs=11 -> +12.0 | age_days=1 -> recency +8.0, stale 0.0 | safe_groups=0 -> 0.0"
919462540,87.8,BLOCK,2026-09-23T19:44:46+00:00,2026-09-30T20:53:12+00:00,3,5,1,0,explicit_spam,0.95,"max_source_weight=0.95 -> 42.8 | best_evidence=explicit_spam -> +25.0 | independent_spam_groups=1 -> +0.0 | seen_runs=5 -> +12.0 | age_days=3 -> recency +8.0, stale 0.0 | safe_groups=0 -> 0.0"
919462657,87.8,BLOCK,2026-09-29T20:52:44+00:00,2026-10-02T20:50:00+00:00,1,4,1,0,explicit_spam,0.95,"max_source_weight=0.95 -> 42.8 | best_evidence=explicit_spam -> +25.0 | independent_spam_groups=1 -> +0.0 | seen_runs=4 -> +12.0 | age_days=1 -> recency +8.0, stale 0.0 | safe_groups=0 -> 0.0"
919462660,87.8,BLOCK,2026-08-28T01:00:53+00:00,2026-10-03T19:18:00+00:00,1,7,1,0,explicit_spam,0.95,"max_source_weight=0.95 -> 42.8 | best_evidence=explicit_spam -> +25.0 | independent_spam_groups=1 -> +0.0 | seen_runs=7 -> +12.0 | age_days=1 -> recency +8.0, stale 0.0 | safe_groups=0 -> 0.0"
919462698,87.8,BLOCK,2026-08-26T17:34:45+00:00,2026-10-03T19:18:00+00:00,1,27,1,0,explicit_spam,0.95,"max_source_weight=0.95 -> 42.8 | best_evidence=explicit_spam -> +25.0 | independent_spam_groups=1 -> +0.0 | seen_runs=27 -> +12.0 | age_days=1 -> recency +8.0, stale 0.0 | safe_groups=0 -> 0.0"
919462816,87.8,BLOCK,2026-08-25T20:48:08+00:00,2026-09-30T20:53:12+00:00,3,9,1,0,explicit_spam,0.95,"max_source_weight=0.95 -> 42.8 | best_evidence=explicit_spam -> +25.0 | independent_spam_groups=1 -> +0.0 | seen_runs=9 -> +12.0 | age_days=3 -> recency +8.0, stale 0.0 | safe_groups=0 -> 0.0"
919462919,87.8,BLOCK,2026-09-15T19:45:50+00:00,2026-09-30T20:53:12+00:00,3,5,1,0,explicit_spam,0.95,"max_source_weight=0.95 -> 42.8 | best_evidence=explicit_spam -> +25.0 | independent_spam_groups=1 -> +0.0 | seen_runs=5 -> +12.0 | age_days=3 -> recency +8.0, stale 0.0 | safe_groups=0 -> 0.0"
919462983,87.8,BLOCK,2026-08-29T19:28:26+00:00,2026-10-02T20:50:00+00:00,1,7,1,0,explicit_spam,0.95,"max_source_weight=0.95 -> 42.8 | best_evidence=explicit_spam -> +25.0 | independent_spam_groups=1 -> +0.0 | seen_runs=7 -> +12.0 | age_days=1 -> recency +8.0, stale 0.0 | safe_groups=0 -> 0.0"
919690892,87.8,BLOCK,2026-09-21T20:29:27+00:00,2026-10-02T20:50:00+00:00,1,10,1,0,explicit_spam,0.95,"max_source_weight=0.95 -> 42.8 | best_evidence=explicit_spam -> +25.0 | independent_spam_groups=1 -> +0.0 | seen_runs=10 -> +12.0 | age_days=1 -> recency +8.0, stale 0.0 | safe_groups=0 -> 0.0"
919698776,87.8,BLOCK,2026-09-25T20:05:11+00:00,2026-10-01T21:06:14+00:00,2,4,1,0,explicit_spam,0.95,"max_source_weight=0.95 -> 42.8 | best_evidence=explicit_spam -> +25.0 | independent_spam_groups=1 -> +0.0 | seen_runs=4 -> +12.0 | age_days=2 -> recency +8.0, stale 0.0 | safe_groups=0 -> 0.0"
919791150,87.8,BLOCK,2026-08-25T20:48:08+00:00,2026-10-03T19:18:00+00:00,1,33,1,0,explicit_spam,0.95,"max_source_weight=0.95 -> 42.8 | best_evidence=explicit_spam -> +25.0 | independent_spam_groups=1 -> +0.0 | seen_runs=33 -> +12.0 | age_days=1 -> recency +8.0, stale 0.0 | safe_groups=0 -> 0.0"
919999386,87.8,BLOCK,2026-08-25T20:48:08+00:00,2026-09-30T20:53:12+00:00,3,8,1,0,explicit_spam,0.95,"max_source_weight=0.95 -> 42.8 | best_evidence=explicit_spam -> +25.0 | independent_spam_groups=1 -> +0.0 | seen_runs=8 -> +12.0 | age_days=3 -> recency +8.0, stale 0.0 | safe_groups=0 -> 0.0"
930487025,87.8,BLOCK,2026-09-24T20:03:41+00:00,2026-10-01T21:06:14+00:00,2,5,1,0,explicit_spam,0.95,"max_source_weight=0.95 -> 42.8 | best_evidence=explicit_spam -> +25.0 | independent_spam_groups=1 -> +0.0 | seen_runs=5 -> +12.0 | age_days=2 -> recency +8.0, stale 0.0 | safe_groups=0 -> 0.0"
930487239,87.8,BLOCK,2026-09-16T19:37:49+00:00,2026-10-01T21:06:14+00:00,2,5,1,0,explicit_spam,0.95,"max_source_weight=0.95 -> 42.8 | best_evidence=explicit_spam -> +25.0 | independent_spam_groups=1 -> +0.0 | seen_runs=5 -> +12.0 | age_days=2 -> recency +8.0, stale 0.0 | safe_groups=0 -> 0.0"
930487730,87.8,BLOCK,2026-09-11T19:13:24+00:00,2026-09-29T20:52:44+00:00,4,13,1,0,explicit_spam,0.95,"max_source_weight=0.95 -> 42.8 | best_evidence=explicit_spam -> +25.0 | independent_spam_groups=1 -> +0.0 | seen_runs=13 -> +12.0 | age_days=4 -> recency +8.0, stale 0.0 | safe_groups=0 -> 0.0"
946535299,87.8,BLOCK,2026-08-26T17:34:45+00:00,2026-09-30T20:53:12+00:00,3,12,1,0,explicit_spam,0.95,"max_source_weight=0.95 -> 42.8 | best_evidence=explicit_spam -> +25.0 | independent_spam_groups=1 -> +0.0 | seen_runs=12 -> +12.0 | age_days=3 -> recency +8.0, stale 0.0 | safe_groups=0 -> 0.0"
946535300,87.8,BLOCK,2026-08-26T17:34:45+00:00,2026-09-30T20:53:12+00:00,3,9,1,0,explicit_spam,0.95,"max_source_weight=0.95 -> 42.8 | best_evidence=explicit_spam -> +25.0 | independent_spam_groups=1 -> +0.0 | seen_runs=9 -> +12.0 | age_days=3 -> recency +8.0, stale 0.0 | safe_groups=0 -> 0.0"
950724270,87.8,BLOCK,2026-09-21T20:29:27+00:00,2026-09-30T20:53:12+00:00,3,5,1,0,explicit_spam,0.95,"max_source_weight=0.95 -> 42.8 | best_evidence=explicit_spam -> +25.0 | independent_spam_groups=1 -> +0.0 | seen_runs=5 -> +12.0 | age_days=3 -> recency +8.0, stale 0.0 | safe_groups=0 -> 0.0"
950724388,87.8,BLOCK,2026-08-25T20:48:08+00:00,2026-10-03T19:18:00+00:00,1,26,1,0,explicit_spam,0.95,"max_source_weight=0.95 -> 42.8 | best_evidence=explicit_spam -> +25.0 | independent_spam_groups=1 -> +0.0 | seen_runs=26 -> +12.0 | age_days=1 -> recency +8.0, stale 0.0 | safe_groups=0 -> 0.0"
950950261,87.8,BLOCK,2026-08-28T01:00:53+00:00,2026-10-02T20:50:00+00:00,1,10,1,0,explicit_spam,0.95,"max_source_weight=0.95 -> 42.8 | best_evidence=explicit_spam -> +25.0 | independent_spam_groups=1 -> +0.0 | seen_runs=10 -> +12.0 | age_days=1 -> recency +8.0, stale 0.0 | safe_groups=0 -> 0.0"
950950263,87.8,BLOCK,2026-09-12T18:28:48+00:00,2026-09-29T20:52:44+00:00,4,8,1,0,explicit_spam,0.95,"max_source_weight=0.95 -> 42.8 | best_evidence=explicit_spam -> +25.0 | independent_spam_groups=1 -> +0.0 | seen_runs=8 -> +12.0 | age_days=4 -> recency +8.0, stale 0.0 | safe_groups=0 -> 0.0"
950950264,87.8,BLOCK,2026-09-21T20:29:27+00:00,2026-10-02T20:50:00+00:00,1,5,1,0,explicit_spam,0.95,"max_source_weight=0.95 -> 42.8 | best_evidence=explicit_spam -> +25.0 | independent_spam_groups=1 -> +0.0 | seen_runs=5 -> +12.0 | age_days=1 -> recency +8.0, stale 0.0 | safe_groups=0 -> 0.0"
950957225,87.8,BLOCK,2026-09-15T19:45:50+00:00,2026-09-30T20:53:12+00:00,3,5,1,0,explicit_spam,0.95,"max_source_weight=0.95 -> 42.8 | best_evidence=explicit_spam -> +25.0 | independent_spam_groups=1 -> +0.0 | seen_runs=5 -> +12.0 | age_days=3 -> recency +8.0, stale 0.0 | safe_groups=0 -> 0.0"
950957226,87.8,BLOCK,2026-09-17T19:47:48+00:00,2026-10-01T21:06:14+00:00,2,7,1,0,explicit_spam,0.95,"max_source_weight=0.95 -> 42.8 | best_evidence=explicit_spam -> +25.0 | independent_spam_groups=1 -> +0.0 | seen_runs=7 -> +12.0 | age_days=2 -> recency +8.0, stale 0.0 | safe_groups=0 -> 0.0"
951830364,87.8,BLOCK,2026-09-10T19:11:24+00:00,2026-10-03T19:18:00+00:00,1,13,1,0,explicit_spam,0.95,"max_source_weight=0.95 -> 42.8 | best_evidence=explicit_spam -> +25.0 | independent_spam_groups=1 -> +0.0 | seen_runs=13 -> +12.0 | age_days=1 -> recency +8.0, stale 0.0 | safe_groups=0 -> 0.0"
955123667,87.8,BLOCK,2026-09-04T19:03:03+00:00,2026-09-29T20:52:44+00:00,4,5,1,0,explicit_spam,0.95,"max_source_weight=0.95 -> 42.8 | best_evidence=explicit_spam -> +25.0 | independent_spam_groups=1 -> +0.0 | seen_runs=5 -> +12.0 | age_days=4 -> recency +8.0, stale 0.0 | safe_groups=0 -> 0.0"
955310954,87.8,BLOCK,2026-08-29T00:37:48+00:00,2026-10-01T21:06:14+00:00,2,9,1,0,explicit_spam,0.95,"max_source_weight=0.95 -> 42.8 | best_evidence=explicit_spam -> +25.0 | independent_spam_groups=1 -> +0.0 | seen_runs=9 -> +12.0 | age_days=2 -> recency +8.0, stale 0.0 | safe_groups=0 -> 0.0"
956187532,87.8,BLOCK,2026-08-25T20:48:08+00:00,2026-10-03T19:18:00+00:00,1,13,1,0,explicit_spam,0.95,"max_source_weight=0.95 -> 42.8 | best_evidence=explicit_spam -> +25.0 | independent_spam_groups=1 -> +0.0 | seen_runs=13 -> +12.0 | age_days=1 -> recency +8.0, stale 0.0 | safe_groups=0 -> 0.0"
957782701,87.8,BLOCK,2026-08-26T17:34:45+00:00,2026-09-30T20:53:12+00:00,3,10,1,0,explicit_spam,0.95,"max_source_weight=0.95 -> 42.8 | best_evidence=explicit_spam -> +25.0 | independent_spam_groups=1 -> +0.0 | seen_runs=10 -> +12.0 | age_days=3 -> recency +8.0, stale 0.0 | safe_groups=0 -> 0.0"
958878442,87.8,BLOCK,2026-09-09T19:21:13+00:00,2026-10-02T20:50:00+00:00,1,15,1,0,explicit_spam,0.95,"max_source_weight=0.95 -> 42.8 | best_evidence=explicit_spam -> +25.0 | independent_spam_groups=1 -> +0.0 | seen_runs=15 -> +12.0 | age_days=1 -> recency +8.0, stale 0.0 | safe_groups=0 -> 0.0"
960134697,87.8,BLOCK,2026-09-16T19:37:49+00:00,2026-10-03T19:18:00+00:00,1,7,1,0,explicit_spam,0.95,"max_source_weight=0.95 -> 42.8 | best_evidence=explicit_spam -> +25.0 | independent_spam_groups=1 -> +0.0 | seen_runs=7 -> +12.0 | age_days=1 -> recency +8.0, stale 0.0 | safe_groups=0 -> 0.0"
960383921,87.8,BLOCK,2026-09-25T20:05:11+00:00,2026-10-02T20:50:00+00:00,1,4,1,0,explicit_spam,0.95,"max_source_weight=0.95 -> 42.8 | best_evidence=explicit_spam -> +25.0 | independent_spam_groups=1 -> +0.0 | seen_runs=4 -> +12.0 | age_days=1 -> recency +8.0, stale 0.0 | safe_groups=0 -> 0.0"
960383929,87.8,BLOCK,2026-09-17T19:47:48+00:00,2026-10-02T20:50:00+00:00,1,8,1,0,explicit_spam,0.95,"max_source_weight=0.95 -> 42.8 | best_evidence=explicit_spam -> +25.0 | independent_spam_groups=1 -> +0.0 | seen_runs=8 -> +12.0 | age_days=1 -> recency +8.0, stale 0.0 | safe_groups=0 -> 0.0"
960396539,87.8,BLOCK,2026-09-06T18:22:35+00:00,2026-10-03T19:18:00+00:00,1,7,1,0,explicit_spam,0.95,"max_source_weight=0.95 -> 42.8 | best_evidence=explicit_spam -> +25.0 | independent_spam_groups=1 -> +0.0 | seen_runs=7 -> +12.0 | age_days=1 -> recency +8.0, stale 0.0 | safe_groups=0 -> 0.0"
960397275,87.8,BLOCK,2026-08-29T00:37:48+00:00,2026-09-29T20:52:44+00:00,4,6,1,0,explicit_spam,0.95,"max_source_weight=0.95 -> 42.8 | best_evidence=explicit_spam -> +25.0 | independent_spam_groups=1 -> +0.0 | seen_runs=6 -> +12.0 | age_days=4 -> recency +8.0, stale 0.0 | safe_groups=0 -> 0.0"
964865535,87.8,BLOCK,2026-09-10T19:11:24+00:00,2026-10-02T20:50:00+00:00,1,7,1,0,explicit_spam,0.95,"max_source_weight=0.95 -> 42.8 | best_evidence=explicit_spam -> +25.0 | independent_spam_groups=1 -> +0.0 | seen_runs=7 -> +12.0 | age_days=1 -> recency +8.0, stale 0.0 | safe_groups=0 -> 0.0"
967772045,87.8,BLOCK,2026-09-23T19:44:46+00:00,2026-10-01T21:06:14+00:00,2,4,1,0,explicit_spam,0.95,"max_source_weight=0.95 -> 42.8 | best_evidence=explicit_spam -> +25.0 | independent_spam_groups=1 -> +0.0 | seen_runs=4 -> +12.0 | age_days=2 -> recency +8.0, stale 0.0 | safe_groups=0 -> 0.0"
967831615,87.8,BLOCK,2026-09-23T19:44:46+00:00,2026-10-02T20:50:00+00:00,1,5,1,0,explicit_spam,0.95,"max_source_weight=0.95 -> 42.8 | best_evidence=explicit_spam -> +25.0 | independent_spam_groups=1 -> +0.0 | seen_runs=5 -> +12.0 | age_days=1 -> recency +8.0, stale 0.0 | safe_groups=0 -> 0.0"
967831637,87.8,BLOCK,2026-09-25T20:05:11+00:00,2026-10-03T19:18:00+00:00,1,7,1,0,explicit_spam,0.95,"max_source_weight=0.95 -> 42.8 | best_evidence=explicit_spam -> +25.0 | independent_spam_groups=1 -> +0.0 | seen_runs=7 -> +12.0 | age_days=1 -> recency +8.0, stale 0.0 | safe_groups=0 -> 0.0"
977902440,87.8,BLOCK,2026-09-12T18:28:48+00:00,2026-09-29T20:52:44+00:00,4,4,1,0,explicit_spam,0.95,"max_source_weight=0.95 -> 42.8 | best_evidence=explicit_spam -> +25.0 | independent_spam_groups=1 -> +0.0 | seen_runs=4 -> +12.0 | age_days=4 -> recency +8.0, stale 0.0 | safe_groups=0 -> 0.0"
984279212,87.8,BLOCK,2026-09-18T19:06:05+00:00,2026-09-30T20:53:12+00:00,3,4,1,0,explicit_spam,0.95,"max_source_weight=0.95 -> 42.8 | best_evidence=explicit_spam -> +25.0 | independent_spam_groups=1 -> +0.0 | seen_runs=4 -> +12.0 | age_days=3 -> recency +8.0, stale 0.0 | safe_groups=0 -> 0.0"
654172227,84.8,BLOCK,2026-09-04T19:03:03+00:00,2026-09-09T19:21:13+00:00,25,4,1,0,explicit_spam,0.95,"max_source_weight=0.95 -> 42.8 | best_evidence=explicit_spam -> +25.0 | independent_spam_groups=1 -> +0.0 | seen_runs=4 -> +12.0 | age_days=25 -> recency +5.0, stale 0.0 | safe_groups=0 -> 0.0"
825775700,84.8,BLOCK,2026-09-04T19:03:03+00:00,2026-09-24T20:03:41+00:00,9,8,1,0,explicit_spam,0.95,"max_source_weight=0.95 -> 42.8 | best_evidence=explicit_spam -> +25.0 | independent_spam_groups=1 -> +0.0 | seen_runs=8 -> +12.0 | age_days=9 -> recency +5.0, stale 0.0 | safe_groups=0 -> 0.0"
828154144,84.8,BLOCK,2026-08-29T00:37:48+00:00,2026-09-12T18:28:48+00:00,22,4,1,0,explicit_spam,0.95,"max_source_weight=0.95 -> 42.8 | best_evidence=explicit_spam -> +25.0 | independent_spam_groups=1 -> +0.0 | seen_runs=4 -> +12.0 | age_days=22 -> recency +5.0, stale 0.0 | safe_groups=0 -> 0.0"
846636305,84.8,BLOCK,2026-08-25T20:48:08+00:00,2026-09-09T19:21:13+00:00,25,5,1,0,explicit_spam,0.95,"max_source_weight=0.95 -> 42.8 | best_evidence=explicit_spam -> +25.0 | independent_spam_groups=1 -> +0.0 | seen_runs=5 -> +12.0 | age_days=25 -> recency +5.0, stale 0.0 | safe_groups=0 -> 0.0"
851816641,84.8,BLOCK,2026-08-26T17:34:45+00:00,2026-09-17T19:47:48+00:00,16,8,1,0,explicit_spam,0.95,"max_source_weight=0.95 -> 42.8 | best_evidence=explicit_spam -> +25.0 | independent_spam_groups=1 -> +0.0 | seen_runs=8 -> +12.0 | age_days=16 -> recency +5.0, stale 0.0 | safe_groups=0 -> 0.0"
851816649,84.8,BLOCK,2026-09-04T19:03:03+00:00,2026-09-17T19:47:48+00:00,16,7,1,0,explicit_spam,0.95,"max_source_weight=0.95 -> 42.8 | best_evidence=explicit_spam -> +25.0 | independent_spam_groups=1 -> +0.0 | seen_runs=7 -> +12.0 | age_days=16 -> recency +5.0, stale 0.0 | safe_groups=0 -> 0.0"
851816652,84.8,BLOCK,2026-08-25T20:48:08+00:00,2026-09-11T19:13:24+00:00,23,9,1,0,explicit_spam,0.95,"max_source_weight=0.95 -> 42.8 | best_evidence=explicit_spam -> +25.0 | independent_spam_groups=1 -> +0.0 | seen_runs=9 -> +12.0 | age_days=23 -> recency +5.0, stale 0.0 | safe_groups=0 -> 0.0"
851816660,84.8,BLOCK,2026-09-01T19:28:04+00:00,2026-09-15T19:45:50+00:00,18,8,1,0,explicit_spam,0.95,"max_source_weight=0.95 -> 42.8 | best_evidence=explicit_spam -> +25.0 | independent_spam_groups=1 -> +0.0 | seen_runs=8 -> +12.0 | age_days=18 -> recency +5.0, stale 0.0 | safe_groups=0 -> 0.0"
851816684,84.8,BLOCK,2026-09-01T19:28:04+00:00,2026-09-12T18:28:48+00:00,22,9,1,0,explicit_spam,0.95,"max_source_weight=0.95 -> 42.8 | best_evidence=explicit_spam -> +25.0 | independent_spam_groups=1 -> +0.0 | seen_runs=9 -> +12.0 | age_days=22 -> recency +5.0, stale 0.0 | safe_groups=0 -> 0.0"
851816699,84.8,BLOCK,2026-08-25T20:48:08+00:00,2026-09-25T20:05:11+00:00,8,20,1,0,explicit_spam,0.95,"max_source_weight=0.95 -> 42.8 | best_evidence=explicit_spam -> +25.0 | independent_spam_groups=1 -> +0.0 | seen_runs=20 -> +12.0 | age_days=8 -> recency +5.0, stale 0.0 | safe_groups=0 -> 0.0"
851823014,84.8,BLOCK,2026-08-25T20:48:08+00:00,2026-09-08T19:29:58+00:00,26,11,1,0,explicit_spam,0.95,"max_source_weight=0.95 -> 42.8 | best_evidence=explicit_spam -> +25.0 | independent_spam_groups=1 -> +0.0 | seen_runs=11 -> +12.0 | age_days=26 -> recency +5.0, stale 0.0 | safe_groups=0 -> 0.0"
851823016,84.8,BLOCK,2026-09-15T19:45:50+00:00,2026-09-18T19:06:05+00:00,16,4,1,0,explicit_spam,0.95,"max_source_weight=0.95 -> 42.8 | best_evidence=explicit_spam -> +25.0 | independent_spam_groups=1 -> +0.0 | seen_runs=4 -> +12.0 | age_days=16 -> recency +5.0, stale 0.0 | safe_groups=0 -> 0.0"
851823025,84.8,BLOCK,2026-09-21T20:29:27+00:00,2026-09-24T20:03:41+00:00,9,4,1,0,explicit_spam,0.95,"max_source_weight=0.95 -> 42.8 | best_evidence=explicit_spam -> +25.0 | independent_spam_groups=1 -> +0.0 | seen_runs=4 -> +12.0 | age_days=9 -> recency +5.0, stale 0.0 | safe_groups=0 -> 0.0"
851823457,84.8,BLOCK,2026-08-29T00:37:48+00:00,2026-09-18T19:06:05+00:00,16,7,1,0,explicit_spam,0.95,"max_source_weight=0.95 -> 42.8 | best_evidence=explicit_spam -> +25.0 | independent_spam_groups=1 -> +0.0 | seen_runs=7 -> +12.0 | age_days=16 -> recency +5.0, stale 0.0 | safe_groups=0 -> 0.0"
851823493,84.8,BLOCK,2026-09-10T19:11:24+00:00,2026-09-15T19:45:50+00:00,18,4,1,0,explicit_spam,0.95,"max_source_weight=0.95 -> 42.8 | best_evidence=explicit_spam -> +25.0 | independent_spam_groups=1 -> +0.0 | seen_runs=4 -> +12.0 | age_days=18 -> recency +5.0, stale 0.0 | safe_groups=0 -> 0.0"
851823502,84.8,BLOCK,2026-09-01T19:28:04+00:00,2026-09-05T18:23:44+00:00,29,5,1,0,explicit_spam,0.95,"max_source_weight=0.95 -> 42.8 | best_evidence=explicit_spam -> +25.0 | independent_spam_groups=1 -> +0.0 | seen_runs=5 -> +12.0 | age_days=29 -> recency +5.0, stale 0.0 | safe_groups=0 -> 0.0"
851823503,84.8,BLOCK,2026-09-09T19:21:13+00:00,2026-09-12T18:28:48+00:00,22,4,1,0,explicit_spam,0.95,"max_source_weight=0.95 -> 42.8 | best_evidence=explicit_spam -> +25.0 | independent_spam_groups=1 -> +0.0 | seen_runs=4 -> +12.0 | age_days=22 -> recency +5.0, stale 0.0 | safe_groups=0 -> 0.0"
851823570,84.8,BLOCK,2026-08-26T17:34:45+00:00,2026-09-16T19:37:49+00:00,18,6,1,0,explicit_spam,0.95,"max_source_weight=0.95 -> 42.8 | best_evidence=explicit_spam -> +25.0 | independent_spam_groups=1 -> +0.0 | seen_runs=6 -> +12.0 | age_days=18 -> recency +5.0, stale 0.0 | safe_groups=0 -> 0.0"
854794016,84.8,BLOCK,2026-09-16T19:37:49+00:00,2026-09-22T19:49:00+00:00,11,5,1,0,explicit_spam,0.95,"max_source_weight=0.95 -> 42.8 | best_evidence=explicit_spam -> +25.0 | independent_spam_groups=1 -> +0.0 | seen_runs=5 -> +12.0 | age_days=11 -> recency +5.0, stale 0.0 | safe_groups=0 -> 0.0"
854794039,84.8,BLOCK,2026-08-26T17:34:45+00:00,2026-09-08T19:29:58+00:00,26,10,1,0,explicit_spam,0.95,"max_source_weight=0.95 -> 42.8 | best_evidence=explicit_spam -> +25.0 | independent_spam_groups=1 -> +0.0 | seen_runs=10 -> +12.0 | age_days=26 -> recency +5.0, stale 0.0 | safe_groups=0 -> 0.0"
854794064,84.8,BLOCK,2026-08-29T19:28:26+00:00,2026-09-11T19:13:24+00:00,23,5,1,0,explicit_spam,0.95,"max_source_weight=0.95 -> 42.8 | best_evidence=explicit_spam -> +25.0 | independent_spam_groups=1 -> +0.0 | seen_runs=5 -> +12.0 | age_days=23 -> recency +5.0, stale 0.0 | safe_groups=0 -> 0.0"
854794403,84.8,BLOCK,2026-08-26T17:34:45+00:00,2026-09-08T19:29:58+00:00,26,10,1,0,explicit_spam,0.95,"max_source_weight=0.95 -> 42.8 | best_evidence=explicit_spam -> +25.0 | independent_spam_groups=1 -> +0.0 | seen_runs=10 -> +12.0 | age_days=26 -> recency +5.0, stale 0.0 | safe_groups=0 -> 0.0"
854794404,84.8,BLOCK,2026-09-09T19:21:13+00:00,2026-09-15T19:45:50+00:00,18,4,1,0,explicit_spam,0.95,"max_source_weight=0.95 -> 42.8 | best_evidence=explicit_spam -> +25.0 | independent_spam_groups=1 -> +0.0 | seen_runs=4 -> +12.0 | age_days=18 -> recency +5.0, stale 0.0 | safe_groups=0 -> 0.0"
854794480,84.8,BLOCK,2026-08-25T20:48:08+00:00,2026-09-08T19:29:58+00:00,26,8,1,0,explicit_spam,0.95,"max_source_weight=0.95 -> 42.8 | best_evidence=explicit_spam -> +25.0 | independent_spam_groups=1 -> +0.0 | seen_runs=8 -> +12.0 | age_days=26 -> recency +5.0, stale 0.0 | safe_groups=0 -> 0.0"
854794502,84.8,BLOCK,2026-08-25T20:48:08+00:00,2026-09-23T19:44:46+00:00,10,23,1,0,explicit_spam,0.95,"max_source_weight=0.95 -> 42.8 | best_evidence=explicit_spam -> +25.0 | independent_spam_groups=1 -> +0.0 | seen_runs=23 -> +12.0 | age_days=10 -> recency +5.0, stale 0.0 | safe_groups=0 -> 0.0"
854794587,84.8,BLOCK,2026-09-16T19:37:49+00:00,2026-09-22T19:49:00+00:00,11,4,1,0,explicit_spam,0.95,"max_source_weight=0.95 -> 42.8 | best_evidence=explicit_spam -> +25.0 | independent_spam_groups=1 -> +0.0 | seen_runs=4 -> +12.0 | age_days=11 -> recency +5.0, stale 0.0 | safe_groups=0 -> 0.0"
854794716,84.8,BLOCK,2026-09-04T19:03:03+00:00,2026-09-12T18:28:48+00:00,22,6,1,0,explicit_spam,0.95,"max_source_weight=0.95 -> 42.8 | best_evidence=explicit_spam -> +25.0 | independent_spam_groups=1 -> +0.0 | seen_runs=6 -> +12.0 | age_days=22 -> recency +5.0, stale 0.0 | safe_groups=0 -> 0.0"
854794897,84.8,BLOCK,2026-09-11T19:13:24+00:00,2026-09-17T19:47:48+00:00,16,5,1,0,explicit_spam,0.95,"max_source_weight=0.95 -> 42.8 | best_evidence=explicit_spam -> +25.0 | independent_spam_groups=1 -> +0.0 | seen_runs=5 -> +12.0 | age_days=16 -> recency +5.0, stale 0.0 | safe_groups=0 -> 0.0"
854900333,84.8,BLOCK,2026-08-29T00:37:48+00:00,2026-09-26T19:17:09+00:00,8,10,1,0,explicit_spam,0.95,"max_source_weight=0.95 -> 42.8 | best_evidence=explicit_spam -> +25.0 | independent_spam_groups=1 -> +0.0 | seen_runs=10 -> +12.0 | age_days=8 -> recency +5.0, stale 0.0 | safe_groups=0 -> 0.0"
854900339,84.8,BLOCK,2026-08-26T17:34:45+00:00,2026-09-25T20:05:11+00:00,8,7,1,0,explicit_spam,0.95,"max_source_weight=0.95 -> 42.8 | best_evidence=explicit_spam -> +25.0 | independent_spam_groups=1 -> +0.0 | seen_runs=7 -> +12.0 | age_days=8 -> recency +5.0, stale 0.0 | safe_groups=0 -> 0.0"
856638730,84.8,BLOCK,2026-08-25T20:48:08+00:00,2026-09-15T19:45:50+00:00,18,4,1,0,explicit_spam,0.95,"max_source_weight=0.95 -> 42.8 | best_evidence=explicit_spam -> +25.0 | independent_spam_groups=1 -> +0.0 | seen_runs=4 -> +12.0 | age_days=18 -> recency +5.0, stale 0.0 | safe_groups=0 -> 0.0"
856638746,84.8,BLOCK,2026-09-02T19:27:12+00:00,2026-09-05T18:23:44+00:00,29,4,1,0,explicit_spam,0.95,"max_source_weight=0.95 -> 42.8 | best_evidence=explicit_spam -> +25.0 | independent_spam_groups=1 -> +0.0 | seen_runs=4 -> +12.0 | age_days=29 -> recency +5.0, stale 0.0 | safe_groups=0 -> 0.0"
856638758,84.8,BLOCK,2026-08-25T20:48:08+00:00,2026-09-11T19:13:24+00:00,23,7,1,0,explicit_spam,0.95,"max_source_weight=0.95 -> 42.8 | best_evidence=explicit_spam -> +25.0 | independent_spam_groups=1 -> +0.0 | seen_runs=7 -> +12.0 | age_days=23 -> recency +5.0, stale 0.0 | safe_groups=0 -> 0.0"
856638905,84.8,BLOCK,2026-09-16T19:37:49+00:00,2026-09-22T19:49:00+00:00,11,5,1,0,explicit_spam,0.95,"max_source_weight=0.95 -> 42.8 | best_evidence=explicit_spam -> +25.0 | independent_spam_groups=1 -> +0.0 | seen_runs=5 -> +12.0 | age_days=11 -> recency +5.0, stale 0.0 | safe_groups=0 -> 0.0"
865449457,84.8,BLOCK,2026-09-18T19:06:05+00:00,2026-09-25T20:05:11+00:00,8,6,1,0,explicit_spam,0.95,"max_source_weight=0.95 -> 42.8 | best_evidence=explicit_spam -> +25.0 | independent_spam_groups=1 -> +0.0 | seen_runs=6 -> +12.0 | age_days=8 -> recency +5.0, stale 0.0 | safe_groups=0 -> 0.0"
865459012,84.8,BLOCK,2026-09-09T19:21:13+00:00,2026-09-17T19:47:48+00:00,16,5,1,0,explicit_spam,0.95,"max_source_weight=0.95 -> 42.8 | best_evidence=explicit_spam -> +25.0 | independent_spam_groups=1 -> +0.0 | seen_runs=5 -> +12.0 | age_days=16 -> recency +5.0, stale 0.0 | safe_groups=0 -> 0.0"
865459273,84.8,BLOCK,2026-08-26T17:34:45+00:00,2026-09-08T19:29:58+00:00,26,10,1,0,explicit_spam,0.95,"max_source_weight=0.95 -> 42.8 | best_evidence=explicit_spam -> +25.0 | independent_spam_groups=1 -> +0.0 | seen_runs=10 -> +12.0 | age_days=26 -> recency +5.0, stale 0.0 | safe_groups=0 -> 0.0"
865459383,84.8,BLOCK,2026-08-26T17:34:45+00:00,2026-09-08T19:29:58+00:00,26,11,1,0,explicit_spam,0.95,"max_source_weight=0.95 -> 42.8 | best_evidence=explicit_spam -> +25.0 | independent_spam_groups=1 -> +0.0 | seen_runs=11 -> +12.0 | age_days=26 -> recency +5.0, stale 0.0 | safe_groups=0 -> 0.0"
865459503,84.8,BLOCK,2026-08-29T00:37:48+00:00,2026-09-05T18:23:44+00:00,29,4,1,0,explicit_spam,0.95,"max_source_weight=0.95 -> 42.8 | best_evidence=explicit_spam -> +25.0 | independent_spam_groups=1 -> +0.0 | seen_runs=4 -> +12.0 | age_days=29 -> recency +5.0, stale 0.0 | safe_groups=0 -> 0.0"
865459506,84.8,BLOCK,2026-09-18T19:06:05+00:00,2026-09-23T19:44:46+00:00,10,4,1,0,explicit_spam,0.95,"max_source_weight=0.95 -> 42.8 | best_evidence=explicit_spam -> +25.0 | independent_spam_groups=1 -> +0.0 | seen_runs=4 -> +12.0 | age_days=10 -> recency +5.0, stale 0.0 | safe_groups=0 -> 0.0"
865459959,84.8,BLOCK,2026-09-11T19:13:24+00:00,2026-09-23T19:44:46+00:00,10,4,1,0,explicit_spam,0.95,"max_source_weight=0.95 -> 42.8 | best_evidence=explicit_spam -> +25.0 | independent_spam_groups=1 -> +0.0 | seen_runs=4 -> +12.0 | age_days=10 -> recency +5.0, stale 0.0 | safe_groups=0 -> 0.0"
868293013,84.8,BLOCK,2026-09-16T19:37:49+00:00,2026-09-22T19:49:00+00:00,11,5,1,0,explicit_spam,0.95,"max_source_weight=0.95 -> 42.8 | best_evidence=explicit_spam -> +25.0 | independent_spam_groups=1 -> +0.0 | seen_runs=5 -> +12.0 | age_days=11 -> recency +5.0, stale 0.0 | safe_groups=0 -> 0.0"
883865027,84.8,BLOCK,2026-09-08T19:29:58+00:00,2026-09-11T19:13:24+00:00,23,4,1,0,explicit_spam,0.95,"max_source_weight=0.95 -> 42.8 | best_evidence=explicit_spam -> +25.0 | independent_spam_groups=1 -> +0.0 | seen_runs=4 -> +12.0 | age_days=23 -> recency +5.0, stale 0.0 | safe_groups=0 -> 0.0"
910203725,84.8,BLOCK,2026-08-25T20:48:08+00:00,2026-09-08T19:29:58+00:00,26,5,1,0,explicit_spam,0.95,"max_source_weight=0.95 -> 42.8 | best_evidence=explicit_spam -> +25.0 | independent_spam_groups=1 -> +0.0 | seen_runs=5 -> +12.0 | age_days=26 -> recency +5.0, stale 0.0 | safe_groups=0 -> 0.0"
910629700,84.8,BLOCK,2026-09-08T19:29:58+00:00,2026-09-23T19:44:46+00:00,10,8,1,0,explicit_spam,0.95,"max_source_weight=0.95 -> 42.8 | best_evidence=explicit_spam -> +25.0 | independent_spam_groups=1 -> +0.0 | seen_runs=8 -> +12.0 | age_days=10 -> recency +5.0, stale 0.0 | safe_groups=0 -> 0.0"
910629842,84.8,BLOCK,2026-09-03T19:21:36+00:00,2026-09-26T19:17:09+00:00,8,13,1,0,explicit_spam,0.95,"max_source_weight=0.95 -> 42.8 | best_evidence=explicit_spam -> +25.0 | independent_spam_groups=1 -> +0.0 | seen_runs=13 -> +12.0 | age_days=8 -> recency +5.0, stale 0.0 | safe_groups=0 -> 0.0"
910629943,84.8,BLOCK,2026-09-04T19:03:03+00:00,2026-09-18T19:06:05+00:00,16,7,1,0,explicit_spam,0.95,"max_source_weight=0.95 -> 42.8 | best_evidence=explicit_spam -> +25.0 | independent_spam_groups=1 -> +0.0 | seen_runs=7 -> +12.0 | age_days=16 -> recency +5.0, stale 0.0 | safe_groups=0 -> 0.0"
910869162,84.8,BLOCK,2026-08-31T21:32:23+00:00,2026-09-09T19:21:13+00:00,25,5,1,0,explicit_spam,0.95,"max_source_weight=0.95 -> 42.8 | best_evidence=explicit_spam -> +25.0 | independent_spam_groups=1 -> +0.0 | seen_runs=5 -> +12.0 | age_days=25 -> recency +5.0, stale 0.0 | safe_groups=0 -> 0.0"
911210900,84.8,BLOCK,2026-09-04T19:03:03+00:00,2026-09-15T19:45:50+00:00,18,4,1,0,explicit_spam,0.95,"max_source_weight=0.95 -> 42.8 | best_evidence=explicit_spam -> +25.0 | independent_spam_groups=1 -> +0.0 | seen_runs=4 -> +12.0 | age_days=18 -> recency +5.0, stale 0.0 | safe_groups=0 -> 0.0"
911319348,84.8,BLOCK,2026-08-25T20:48:08+00:00,2026-09-10T19:11:24+00:00,24,8,1,0,explicit_spam,0.95,"max_source_weight=0.95 -> 42.8 | best_evidence=explicit_spam -> +25.0 | independent_spam_groups=1 -> +0.0 | seen_runs=8 -> +12.0 | age_days=24 -> recency +5.0, stale 0.0 | safe_groups=0 -> 0.0"
911410438,84.8,BLOCK,2026-08-29T00:37:48+00:00,2026-09-25T20:05:11+00:00,8,11,1,0,explicit_spam,0.95,"max_source_weight=0.95 -> 42.8 | best_evidence=explicit_spam -> +25.0 | independent_spam_groups=1 -> +0.0 | seen_runs=11 -> +12.0 | age_days=8 -> recency +5.0, stale 0.0 | safe_groups=0 -> 0.0"
917938588,84.8,BLOCK,2026-09-03T19:21:36+00:00,2026-09-23T19:44:46+00:00,10,8,1,0,explicit_spam,0.95,"max_source_weight=0.95 -> 42.8 | best_evidence=explicit_spam -> +25.0 | independent_spam_groups=1 -> +0.0 | seen_runs=8 -> +12.0 | age_days=10 -> recency +5.0, stale 0.0 | safe_groups=0 -> 0.0"
917943160,84.8,BLOCK,2026-09-09T19:21:13+00:00,2026-09-18T19:06:05+00:00,16,7,1,0,explicit_spam,0.95,"max_source_weight=0.95 -> 42.8 | best_evidence=explicit_spam -> +25.0 | independent_spam_groups=1 -> +0.0 | seen_runs=7 -> +12.0 | age_days=16 -> recency +5.0, stale 0.0 | safe_groups=0 -> 0.0"
919076725,84.8,BLOCK,2026-08-25T20:48:08+00:00,2026-09-18T19:06:05+00:00,16,9,1,0,explicit_spam,0.95,"max_source_weight=0.95 -> 42.8 | best_evidence=explicit_spam -> +25.0 | independent_spam_groups=1 -> +0.0 | seen_runs=9 -> +12.0 | age_days=16 -> recency +5.0, stale 0.0 | safe_groups=0 -> 0.0"
919462068,84.8,BLOCK,2026-08-26T17:34:45+00:00,2026-09-17T19:47:48+00:00,16,10,1,0,explicit_spam,0.95,"max_source_weight=0.95 -> 42.8 | best_evidence=explicit_spam -> +25.0 | independent_spam_groups=1 -> +0.0 | seen_runs=10 -> +12.0 | age_days=16 -> recency +5.0, stale 0.0 | safe_groups=0 -> 0.0"
919462081,84.8,BLOCK,2026-08-26T17:34:45+00:00,2026-09-18T19:06:05+00:00,16,7,1,0,explicit_spam,0.95,"max_source_weight=0.95 -> 42.8 | best_evidence=explicit_spam -> +25.0 | independent_spam_groups=1 -> +0.0 | seen_runs=7 -> +12.0 | age_days=16 -> recency +5.0, stale 0.0 | safe_groups=0 -> 0.0"
919462209,84.8,BLOCK,2026-09-11T19:13:24+00:00,2026-09-17T19:47:48+00:00,16,4,1,0,explicit_spam,0.95,"max_source_weight=0.95 -> 42.8 | best_evidence=explicit_spam -> +25.0 | independent_spam_groups=1 -> +0.0 | seen_runs=4 -> +12.0 | age_days=16 -> recency +5.0, stale 0.0 | safe_groups=0 -> 0.0"
919462316,84.8,BLOCK,2026-08-25T20:48:08+00:00,2026-09-26T19:17:09+00:00,8,14,1,0,explicit_spam,0.95,"max_source_weight=0.95 -> 42.8 | best_evidence=explicit_spam -> +25.0 | independent_spam_groups=1 -> +0.0 | seen_runs=14 -> +12.0 | age_days=8 -> recency +5.0, stale 0.0 | safe_groups=0 -> 0.0"
919462524,84.8,BLOCK,2026-08-25T20:48:08+00:00,2026-09-09T19:21:13+00:00,25,10,1,0,explicit_spam,0.95,"max_source_weight=0.95 -> 42.8 | best_evidence=explicit_spam -> +25.0 | independent_spam_groups=1 -> +0.0 | seen_runs=10 -> +12.0 | age_days=25 -> recency +5.0, stale 0.0 | safe_groups=0 -> 0.0"
919462752,84.8,BLOCK,2026-09-21T20:29:27+00:00,2026-09-24T20:03:41+00:00,9,4,1,0,explicit_spam,0.95,"max_source_weight=0.95 -> 42.8 | best_evidence=explicit_spam -> +25.0 | independent_spam_groups=1 -> +0.0 | seen_runs=4 -> +12.0 | age_days=9 -> recency +5.0, stale 0.0 | safe_groups=0 -> 0.0"
919462781,84.8,BLOCK,2026-08-26T17:34:45+00:00,2026-09-17T19:47:48+00:00,16,9,1,0,explicit_spam,0.95,"max_source_weight=0.95 -> 42.8 | best_evidence=explicit_spam -> +25.0 | independent_spam_groups=1 -> +0.0 | seen_runs=9 -> +12.0 | age_days=16 -> recency +5.0, stale 0.0 | safe_groups=0 -> 0.0"
919462789,84.8,BLOCK,2026-08-29T19:28:26+00:00,2026-09-26T19:17:09+00:00,8,4,1,0,explicit_spam,0.95,"max_source_weight=0.95 -> 42.8 | best_evidence=explicit_spam -> +25.0 | independent_spam_groups=1 -> +0.0 | seen_runs=4 -> +12.0 | age_days=8 -> recency +5.0, stale 0.0 | safe_groups=0 -> 0.0"
919462946,84.8,BLOCK,2026-08-25T20:48:08+00:00,2026-09-08T19:29:58+00:00,26,8,1,0,explicit_spam,0.95,"max_source_weight=0.95 -> 42.8 | best_evidence=explicit_spam -> +25.0 | independent_spam_groups=1 -> +0.0 | seen_runs=8 -> +12.0 | age_days=26 -> recency +5.0, stale 0.0 | safe_groups=0 -> 0.0"
919490321,84.8,BLOCK,2026-08-25T20:48:08+00:00,2026-09-24T20:03:41+00:00,9,25,1,0,explicit_spam,0.95,"max_source_weight=0.95 -> 42.8 | best_evidence=explicit_spam -> +25.0 | independent_spam_groups=1 -> +0.0 | seen_runs=25 -> +12.0 | age_days=9 -> recency +5.0, stale 0.0 | safe_groups=0 -> 0.0"
919900422,84.8,BLOCK,2026-08-25T20:48:08+00:00,2026-09-24T20:03:41+00:00,9,6,1,0,explicit_spam,0.95,"max_source_weight=0.95 -> 42.8 | best_evidence=explicit_spam -> +25.0 | independent_spam_groups=1 -> +0.0 | seen_runs=6 -> +12.0 | age_days=9 -> recency +5.0, stale 0.0 | safe_groups=0 -> 0.0"
919970455,84.8,BLOCK,2026-09-04T19:03:03+00:00,2026-09-15T19:45:50+00:00,18,5,1,0,explicit_spam,0.95,"max_source_weight=0.95 -> 42.8 | best_evidence=explicit_spam -> +25.0 | independent_spam_groups=1 -> +0.0 | seen_runs=5 -> +12.0 | age_days=18 -> recency +5.0, stale 0.0 | safe_groups=0 -> 0.0"
919977421,84.8,BLOCK,2026-08-25T20:48:08+00:00,2026-09-11T19:13:24+00:00,23,4,1,0,explicit_spam,0.95,"max_source_weight=0.95 -> 42.8 | best_evidence=explicit_spam -> +25.0 | independent_spam_groups=1 -> +0.0 | seen_runs=4 -> +12.0 | age_days=23 -> recency +5.0, stale 0.0 | safe_groups=0 -> 0.0"
919977624,84.8,BLOCK,2026-08-25T20:48:08+00:00,2026-09-16T19:37:49+00:00,18,4,1,0,explicit_spam,0.95,"max_source_weight=0.95 -> 42.8 | best_evidence=explicit_spam -> +25.0 | independent_spam_groups=1 -> +0.0 | seen_runs=4 -> +12.0 | age_days=18 -> recency +5.0, stale 0.0 | safe_groups=0 -> 0.0"
919977625,84.8,BLOCK,2026-08-28T01:00:53+00:00,2026-09-15T19:45:50+00:00,18,6,1,0,explicit_spam,0.95,"max_source_weight=0.95 -> 42.8 | best_evidence=explicit_spam -> +25.0 | independent_spam_groups=1 -> +0.0 | seen_runs=6 -> +12.0 | age_days=18 -> recency +5.0, stale 0.0 | safe_groups=0 -> 0.0"
925573032,84.8,BLOCK,2026-08-25T20:48:08+00:00,2026-09-05T18:23:44+00:00,29,6,1,0,explicit_spam,0.95,"max_source_weight=0.95 -> 42.8 | best_evidence=explicit_spam -> +25.0 | independent_spam_groups=1 -> +0.0 | seen_runs=6 -> +12.0 | age_days=29 -> recency +5.0, stale 0.0 | safe_groups=0 -> 0.0"
927684472,84.8,BLOCK,2026-08-25T20:48:08+00:00,2026-09-15T19:45:50+00:00,18,5,1,0,explicit_spam,0.95,"max_source_weight=0.95 -> 42.8 | best_evidence=explicit_spam -> +25.0 | independent_spam_groups=1 -> +0.0 | seen_runs=5 -> +12.0 | age_days=18 -> recency +5.0, stale 0.0 | safe_groups=0 -> 0.0"
927684518,84.8,BLOCK,2026-09-02T19:27:12+00:00,2026-09-17T19:47:48+00:00,16,8,1,0,explicit_spam,0.95,"max_source_weight=0.95 -> 42.8 | best_evidence=explicit_spam -> +25.0 | independent_spam_groups=1 -> +0.0 | seen_runs=8 -> +12.0 | age_days=16 -> recency +5.0, stale 0.0 | safe_groups=0 -> 0.0"
927684570,84.8,BLOCK,2026-08-29T00:37:48+00:00,2026-09-15T19:45:50+00:00,18,11,1,0,explicit_spam,0.95,"max_source_weight=0.95 -> 42.8 | best_evidence=explicit_spam -> +25.0 | independent_spam_groups=1 -> +0.0 | seen_runs=11 -> +12.0 | age_days=18 -> recency +5.0, stale 0.0 | safe_groups=0 -> 0.0"
927684582,84.8,BLOCK,2026-08-29T00:37:48+00:00,2026-09-24T20:03:41+00:00,9,6,1,0,explicit_spam,0.95,"max_source_weight=0.95 -> 42.8 | best_evidence=explicit_spam -> +25.0 | independent_spam_groups=1 -> +0.0 | seen_runs=6 -> +12.0 | age_days=9 -> recency +5.0, stale 0.0 | safe_groups=0 -> 0.0"
930473505,84.8,BLOCK,2026-08-25T20:48:08+00:00,2026-09-16T19:37:49+00:00,18,18,1,0,explicit_spam,0.95,"max_source_weight=0.95 -> 42.8 | best_evidence=explicit_spam -> +25.0 | independent_spam_groups=1 -> +0.0 | seen_runs=18 -> +12.0 | age_days=18 -> recency +5.0, stale 0.0 | safe_groups=0 -> 0.0"
930487911,84.8,BLOCK,2026-08-26T17:34:45+00:00,2026-09-10T19:11:24+00:00,24,13,1,0,explicit_spam,0.95,"max_source_weight=0.95 -> 42.8 | best_evidence=explicit_spam -> +25.0 | independent_spam_groups=1 -> +0.0 | seen_runs=13 -> +12.0 | age_days=24 -> recency +5.0, stale 0.0 | safe_groups=0 -> 0.0"
930958044,84.8,BLOCK,2026-09-10T19:11:24+00:00,2026-09-15T19:45:50+00:00,18,4,1,0,explicit_spam,0.95,"max_source_weight=0.95 -> 42.8 | best_evidence=explicit_spam -> +25.0 | independent_spam_groups=1 -> +0.0 | seen_runs=4 -> +12.0 | age_days=18 -> recency +5.0, stale 0.0 | safe_groups=0 -> 0.0"
941733795,84.8,BLOCK,2026-08-25T20:48:08+00:00,2026-09-22T19:49:00+00:00,11,14,1,0,explicit_spam,0.95,"max_source_weight=0.95 -> 42.8 | best_evidence=explicit_spam -> +25.0 | independent_spam_groups=1 -> +0.0 | seen_runs=14 -> +12.0 | age_days=11 -> recency +5.0, stale 0.0 | safe_groups=0 -> 0.0"
943068808,84.8,BLOCK,2026-08-28T01:00:53+00:00,2026-09-05T18:23:44+00:00,29,4,1,0,explicit_spam,0.95,"max_source_weight=0.95 -> 42.8 | best_evidence=explicit_spam -> +25.0 | independent_spam_groups=1 -> +0.0 | seen_runs=4 -> +12.0 | age_days=29 -> recency +5.0, stale 0.0 | safe_groups=0 -> 0.0"
946535301,84.8,BLOCK,2026-08-28T01:00:53+00:00,2026-09-23T19:44:46+00:00,10,12,1,0,explicit_spam,0.95,"max_source_weight=0.95 -> 42.8 | best_evidence=explicit_spam -> +25.0 | independent_spam_groups=1 -> +0.0 | seen_runs=12 -> +12.0 | age_days=10 -> recency +5.0, stale 0.0 | safe_groups=0 -> 0.0"
946535302,84.8,BLOCK,2026-08-25T20:48:08+00:00,2026-09-17T19:47:48+00:00,16,6,1,0,explicit_spam,0.95,"max_source_weight=0.95 -> 42.8 | best_evidence=explicit_spam -> +25.0 | independent_spam_groups=1 -> +0.0 | seen_runs=6 -> +12.0 | age_days=16 -> recency +5.0, stale 0.0 | safe_groups=0 -> 0.0"
946988680,84.8,BLOCK,2026-08-28T01:00:53+00:00,2026-09-09T19:21:13+00:00,25,6,1,0,explicit_spam,0.95,"max_source_weight=0.95 -> 42.8 | best_evidence=explicit_spam -> +25.0 | independent_spam_groups=1 -> +0.0 | seen_runs=6 -> +12.0 | age_days=25 -> recency +5.0, stale 0.0 | safe_groups=0 -> 0.0"
946988684,84.8,BLOCK,2026-09-03T19:21:36+00:00,2026-09-12T18:28:48+00:00,22,4,1,0,explicit_spam,0.95,"max_source_weight=0.95 -> 42.8 | best_evidence=explicit_spam -> +25.0 | independent_spam_groups=1 -> +0.0 | seen_runs=4 -> +12.0 | age_days=22 -> recency +5.0, stale 0.0 | safe_groups=0 -> 0.0"
950724577,84.8,BLOCK,2026-09-01T19:28:04+00:00,2026-09-16T19:37:49+00:00,18,5,1,0,explicit_spam,0.95,"max_source_weight=0.95 -> 42.8 | best_evidence=explicit_spam -> +25.0 | independent_spam_groups=1 -> +0.0 | seen_runs=5 -> +12.0 | age_days=18 -> recency +5.0, stale 0.0 | safe_groups=0 -> 0.0"
950950267,84.8,BLOCK,2026-08-29T19:28:26+00:00,2026-09-26T19:17:09+00:00,8,11,1,0,explicit_spam,0.95,"max_source_weight=0.95 -> 42.8 | best_evidence=explicit_spam -> +25.0 | independent_spam_groups=1 -> +0.0 | seen_runs=11 -> +12.0 | age_days=8 -> recency +5.0, stale 0.0 | safe_groups=0 -> 0.0"
951403236,84.8,BLOCK,2026-09-04T19:03:03+00:00,2026-09-24T20:03:41+00:00,9,6,1,0,explicit_spam,0.95,"max_source_weight=0.95 -> 42.8 | best_evidence=explicit_spam -> +25.0 | independent_spam_groups=1 -> +0.0 | seen_runs=6 -> +12.0 | age_days=9 -> recency +5.0, stale 0.0 | safe_groups=0 -> 0.0"
951403237,84.8,BLOCK,2026-09-12T18:28:48+00:00,2026-09-25T20:05:11+00:00,8,4,1,0,explicit_spam,0.95,"max_source_weight=0.95 -> 42.8 | best_evidence=explicit_spam -> +25.0 | independent_spam_groups=1 -> +0.0 | seen_runs=4 -> +12.0 | age_days=8 -> recency +5.0, stale 0.0 | safe_groups=0 -> 0.0"
955310958,84.8,BLOCK,2026-09-01T19:28:04+00:00,2026-09-25T20:05:11+00:00,8,7,1,0,explicit_spam,0.95,"max_source_weight=0.95 -> 42.8 | best_evidence=explicit_spam -> +25.0 | independent_spam_groups=1 -> +0.0 | seen_runs=7 -> +12.0 | age_days=8 -> recency +5.0, stale 0.0 | safe_groups=0 -> 0.0"
957782704,84.8,BLOCK,2026-08-29T00:37:48+00:00,2026-09-26T19:17:09+00:00,8,4,1,0,explicit_spam,0.95,"max_source_weight=0.95 -> 42.8 | best_evidence=explicit_spam -> +25.0 | independent_spam_groups=1 -> +0.0 | seen_runs=4 -> +12.0 | age_days=8 -> recency +5.0, stale 0.0 | safe_groups=0 -> 0.0"
958871503,84.8,BLOCK,2026-09-04T19:03:03+00:00,2026-09-12T18:28:48+00:00,22,4,1,0,explicit_spam,0.95,"max_source_weight=0.95 -> 42.8 | best_evidence=explicit_spam -> +25.0 | independent_spam_groups=1 -> +0.0 | seen_runs=4 -> +12.0 | age_days=22 -> recency +5.0, stale 0.0 | safe_groups=0 -> 0.0"
958871604,84.8,BLOCK,2026-09-01T19:28:04+00:00,2026-09-22T19:49:00+00:00,11,4,1,0,explicit_spam,0.95,"max_source_weight=0.95 -> 42.8 | best_evidence=explicit_spam -> +25.0 | independent_spam_groups=1 -> +0.0 | seen_runs=4 -> +12.0 | age_days=11 -> recency +5.0, stale 0.0 | safe_groups=0 -> 0.0"
960206815,84.8,BLOCK,2026-09-02T19:27:12+00:00,2026-09-25T20:05:11+00:00,8,9,1,0,explicit_spam,0.95,"max_source_weight=0.95 -> 42.8 | best_evidence=explicit_spam -> +25.0 | independent_spam_groups=1 -> +0.0 | seen_runs=9 -> +12.0 | age_days=8 -> recency +5.0, stale 0.0 | safe_groups=0 -> 0.0"
960383095,84.8,BLOCK,2026-08-25T20:48:08+00:00,2026-09-11T19:13:24+00:00,23,5,1,0,explicit_spam,0.95,"max_source_weight=0.95 -> 42.8 | best_evidence=explicit_spam -> +25.0 | independent_spam_groups=1 -> +0.0 | seen_runs=5 -> +12.0 | age_days=23 -> recency +5.0, stale 0.0 | safe_groups=0 -> 0.0"
960383922,84.8,BLOCK,2026-09-09T19:21:13+00:00,2026-09-17T19:47:48+00:00,16,5,1,0,explicit_spam,0.95,"max_source_weight=0.95 -> 42.8 | best_evidence=explicit_spam -> +25.0 | independent_spam_groups=1 -> +0.0 | seen_runs=5 -> +12.0 | age_days=16 -> recency +5.0, stale 0.0 | safe_groups=0 -> 0.0"
960383923,84.8,BLOCK,2026-09-09T19:21:13+00:00,2026-09-17T19:47:48+00:00,16,7,1,0,explicit_spam,0.95,"max_source_weight=0.95 -> 42.8 | best_evidence=explicit_spam -> +25.0 | independent_spam_groups=1 -> +0.0 | seen_runs=7 -> +12.0 | age_days=16 -> recency +5.0, stale 0.0 | safe_groups=0 -> 0.0"
960664458,84.8,BLOCK,2026-09-02T19:27:12+00:00,2026-09-15T19:45:50+00:00,18,10,1,0,explicit_spam,0.95,"max_source_weight=0.95 -> 42.8 | best_evidence=explicit_spam -> +25.0 | independent_spam_groups=1 -> +0.0 | seen_runs=10 -> +12.0 | age_days=18 -> recency +5.0, stale 0.0 | safe_groups=0 -> 0.0"
961824704,84.8,BLOCK,2026-08-26T17:34:45+00:00,2026-09-22T19:49:00+00:00,11,16,1,0,explicit_spam,0.95,"max_source_weight=0.95 -> 42.8 | best_evidence=explicit_spam -> +25.0 | independent_spam_groups=1 -> +0.0 | seen_runs=16 -> +12.0 | age_days=11 -> recency +5.0, stale 0.0 | safe_groups=0 -> 0.0"
967831627,84.8,BLOCK,2026-09-17T19:47:48+00:00,2026-09-23T19:44:46+00:00,10,5,1,0,explicit_spam,0.95,"max_source_weight=0.95 -> 42.8 | best_evidence=explicit_spam -> +25.0 | independent_spam_groups=1 -> +0.0 | seen_runs=5 -> +12.0 | age_days=10 -> recency +5.0, stale 0.0 | safe_groups=0 -> 0.0"
967831657,84.8,BLOCK,2026-09-04T19:03:03+00:00,2026-09-16T19:37:49+00:00,18,5,1,0,explicit_spam,0.95,"max_source_weight=0.95 -> 42.8 | best_evidence=explicit_spam -> +25.0 | independent_spam_groups=1 -> +0.0 | seen_runs=5 -> +12.0 | age_days=18 -> recency +5.0, stale 0.0 | safe_groups=0 -> 0.0"
967831700,84.8,BLOCK,2026-08-25T20:48:08+00:00,2026-09-12T18:28:48+00:00,22,12,1,0,explicit_spam,0.95,"max_source_weight=0.95 -> 42.8 | best_evidence=explicit_spam -> +25.0 | independent_spam_groups=1 -> +0.0 | seen_runs=12 -> +12.0 | age_days=22 -> recency +5.0, stale 0.0 | safe_groups=0 -> 0.0"
967831721,84.8,BLOCK,2026-08-25T20:48:08+00:00,2026-09-11T19:13:24+00:00,23,4,1,0,explicit_spam,0.95,"max_source_weight=0.95 -> 42.8 | best_evidence=explicit_spam -> +25.0 | independent_spam_groups=1 -> +0.0 | seen_runs=4 -> +12.0 | age_days=23 -> recency +5.0, stale 0.0 | safe_groups=0 -> 0.0"
969445907,84.8,BLOCK,2026-08-25T20:48:08+00:00,2026-09-15T19:45:50+00:00,18,13,1,0,explicit_spam,0.95,"max_source_weight=0.95 -> 42.8 | best_evidence=explicit_spam -> +25.0 | independent_spam_groups=1 -> +0.0 | seen_runs=13 -> +12.0 | age_days=18 -> recency +5.0, stale 0.0 | safe_groups=0 -> 0.0"
984279226,84.8,BLOCK,2026-08-26T17:34:45+00:00,2026-09-16T19:37:49+00:00,18,4,1,0,explicit_spam,0.95,"max_source_weight=0.95 -> 42.8 | best_evidence=explicit_spam -> +25.0 | independent_spam_groups=1 -> +0.0 | seen_runs=4 -> +12.0 | age_days=18 -> recency +5.0, stale 0.0 | safe_groups=0 -> 0.0"
853718654,83.8,BLOCK,2026-09-16T19:37:49+00:00,2026-10-03T19:18:00+00:00,1,3,1,0,explicit_spam,0.95,"max_source_weight=0.95 -> 42.8 | best_evidence=explicit_spam -> +25.0 | independent_spam_groups=1 -> +0.0 | seen_runs=3 -> +8.0 | age_days=1 -> recency +8.0, stale 0.0 | safe_groups=0 -> 0.0"
854794893,83.8,BLOCK,2026-09-26T19:17:09+00:00,2026-09-30T20:53:12+00:00,3,3,1,0,explicit_spam,0.95,"max_source_weight=0.95 -> 42.8 | best_evidence=explicit_spam -> +25.0 | independent_spam_groups=1 -> +0.0 | seen_runs=3 -> +8.0 | age_days=3 -> recency +8.0, stale 0.0 | safe_groups=0 -> 0.0"
865449565,83.8,BLOCK,2026-09-16T19:37:49+00:00,2026-10-02T20:50:00+00:00,1,3,1,0,explicit_spam,0.95,"max_source_weight=0.95 -> 42.8 | best_evidence=explicit_spam -> +25.0 | independent_spam_groups=1 -> +0.0 | seen_runs=3 -> +8.0 | age_days=1 -> recency +8.0, stale 0.0 | safe_groups=0 -> 0.0"
865459240,83.8,BLOCK,2026-09-02T19:27:12+00:00,2026-10-03T19:18:00+00:00,1,3,1,0,explicit_spam,0.95,"max_source_weight=0.95 -> 42.8 | best_evidence=explicit_spam -> +25.0 | independent_spam_groups=1 -> +0.0 | seen_runs=3 -> +8.0 | age_days=1 -> recency +8.0, stale 0.0 | safe_groups=0 -> 0.0"
919462075,83.8,BLOCK,2026-09-17T19:47:48+00:00,2026-09-29T20:52:44+00:00,4,3,1,0,explicit_spam,0.95,"max_source_weight=0.95 -> 42.8 | best_evidence=explicit_spam -> +25.0 | independent_spam_groups=1 -> +0.0 | seen_runs=3 -> +8.0 | age_days=4 -> recency +8.0, stale 0.0 | safe_groups=0 -> 0.0"
919462896,83.8,BLOCK,2026-09-29T20:52:44+00:00,2026-10-02T20:50:00+00:00,1,3,1,0,explicit_spam,0.95,"max_source_weight=0.95 -> 42.8 | best_evidence=explicit_spam -> +25.0 | independent_spam_groups=1 -> +0.0 | seen_runs=3 -> +8.0 | age_days=1 -> recency +8.0, stale 0.0 | safe_groups=0 -> 0.0"
919490311,83.8,BLOCK,2026-09-30T20:53:12+00:00,2026-10-02T20:50:00+00:00,1,3,1,0,explicit_spam,0.95,"max_source_weight=0.95 -> 42.8 | best_evidence=explicit_spam -> +25.0 | independent_spam_groups=1 -> +0.0 | seen_runs=3 -> +8.0 | age_days=1 -> recency +8.0, stale 0.0 | safe_groups=0 -> 0.0"
919898820,83.8,BLOCK,2026-10-01T21:06:14+00:00,2026-10-03T19:18:00+00:00,1,3,1,0,explicit_spam,0.95,"max_source_weight=0.95 -> 42.8 | best_evidence=explicit_spam -> +25.0 | independent_spam_groups=1 -> +0.0 | seen_runs=3 -> +8.0 | age_days=1 -> recency +8.0, stale 0.0 | safe_groups=0 -> 0.0"
930907642,83.8,BLOCK,2026-09-26T19:17:09+00:00,2026-09-30T20:53:12+00:00,3,3,1,0,explicit_spam,0.95,"max_source_weight=0.95 -> 42.8 | best_evidence=explicit_spam -> +25.0 | independent_spam_groups=1 -> +0.0 | seen_runs=3 -> +8.0 | age_days=3 -> recency +8.0, stale 0.0 | safe_groups=0 -> 0.0"
960201662,83.8,BLOCK,2026-09-24T20:03:41+00:00,2026-10-02T20:50:00+00:00,1,3,1,0,explicit_spam,0.95,"max_source_weight=0.95 -> 42.8 | best_evidence=explicit_spam -> +25.0 | independent_spam_groups=1 -> +0.0 | seen_runs=3 -> +8.0 | age_days=1 -> recency +8.0, stale 0.0 | safe_groups=0 -> 0.0"
960383407,83.8,BLOCK,2026-09-10T19:11:24+00:00,2026-09-29T20:52:44+00:00,4,3,1,0,explicit_spam,0.95,"max_source_weight=0.95 -> 42.8 | best_evidence=explicit_spam -> +25.0 | independent_spam_groups=1 -> +0.0 | seen_runs=3 -> +8.0 | age_days=4 -> recency +8.0, stale 0.0 | safe_groups=0 -> 0.0"
965000395,83.8,BLOCK,2026-09-26T19:17:09+00:00,2026-10-02T20:50:00+00:00,1,3,1,0,explicit_spam,0.95,"max_source_weight=0.95 -> 42.8 | best_evidence=explicit_spam -> +25.0 | independent_spam_groups=1 -> +0.0 | seen_runs=3 -> +8.0 | age_days=1 -> recency +8.0, stale 0.0 | safe_groups=0 -> 0.0"
641045318,81.9,BLOCK,2026-09-22T19:49:00+00:00,2026-09-28T22:06:43+00:00,5,7,1,0,explicit_spam,0.82,"max_source_weight=0.82 -> 36.9 | best_evidence=explicit_spam -> +25.0 | independent_spam_groups=1 -> +0.0 | seen_runs=7 -> +12.0 | age_days=5 -> recency +8.0, stale 0.0 | safe_groups=0 -> 0.0"
644686891,81.9,BLOCK,2026-09-24T20:03:41+00:00,2026-09-28T22:06:43+00:00,5,5,1,0,explicit_spam,0.82,"max_source_weight=0.82 -> 36.9 | best_evidence=explicit_spam -> +25.0 | independent_spam_groups=1 -> +0.0 | seen_runs=5 -> +12.0 | age_days=5 -> recency +8.0, stale 0.0 | safe_groups=0 -> 0.0"
687378568,81.9,BLOCK,2026-09-19T18:40:35+00:00,2026-09-29T20:52:44+00:00,4,11,1,0,explicit_spam,0.82,"max_source_weight=0.82 -> 36.9 | best_evidence=explicit_spam -> +25.0 | independent_spam_groups=1 -> +0.0 | seen_runs=11 -> +12.0 | age_days=4 -> recency +8.0, stale 0.0 | safe_groups=0 -> 0.0"
822199568,81.9,BLOCK,2026-09-24T20:03:41+00:00,2026-09-27T19:49:51+00:00,6,4,1,0,explicit_spam,0.82,"max_source_weight=0.82 -> 36.9 | best_evidence=explicit_spam -> +25.0 | independent_spam_groups=1 -> +0.0 | seen_runs=4 -> +12.0 | age_days=6 -> recency +8.0, stale 0.0 | safe_groups=0 -> 0.0"
854618189,81.9,BLOCK,2026-09-18T19:06:05+00:00,2026-09-30T20:53:12+00:00,3,13,1,0,explicit_spam,0.82,"max_source_weight=0.82 -> 36.9 | best_evidence=explicit_spam -> +25.0 | independent_spam_groups=1 -> +0.0 | seen_runs=13 -> +12.0 | age_days=3 -> recency +8.0, stale 0.0 | safe_groups=0 -> 0.0"
910633234,81.9,BLOCK,2026-09-24T20:03:41+00:00,2026-09-27T19:49:51+00:00,6,4,1,0,explicit_spam,0.82,"max_source_weight=0.82 -> 36.9 | best_evidence=explicit_spam -> +25.0 | independent_spam_groups=1 -> +0.0 | seen_runs=4 -> +12.0 | age_days=6 -> recency +8.0, stale 0.0 | safe_groups=0 -> 0.0"
911088297,81.9,BLOCK,2026-09-22T19:49:00+00:00,2026-09-28T22:06:43+00:00,5,7,1,0,explicit_spam,0.82,"max_source_weight=0.82 -> 36.9 | best_evidence=explicit_spam -> +25.0 | independent_spam_groups=1 -> +0.0 | seen_runs=7 -> +12.0 | age_days=5 -> recency +8.0, stale 0.0 | safe_groups=0 -> 0.0"
919604471,81.9,BLOCK,2026-09-28T22:06:43+00:00,2026-10-01T21:06:14+00:00,2,4,1,0,explicit_spam,0.82,"max_source_weight=0.82 -> 36.9 | best_evidence=explicit_spam -> +25.0 | independent_spam_groups=1 -> +0.0 | seen_runs=4 -> +12.0 | age_days=2 -> recency +8.0, stale 0.0 | safe_groups=0 -> 0.0"
919973534,81.9,BLOCK,2026-09-28T22:06:43+00:00,2026-10-01T21:06:14+00:00,2,4,1,0,explicit_spam,0.82,"max_source_weight=0.82 -> 36.9 | best_evidence=explicit_spam -> +25.0 | independent_spam_groups=1 -> +0.0 | seen_runs=4 -> +12.0 | age_days=2 -> recency +8.0, stale 0.0 | safe_groups=0 -> 0.0"
919977375,81.9,BLOCK,2026-09-28T22:06:43+00:00,2026-10-01T21:06:14+00:00,2,4,1,0,explicit_spam,0.82,"max_source_weight=0.82 -> 36.9 | best_evidence=explicit_spam -> +25.0 | independent_spam_groups=1 -> +0.0 | seen_runs=4 -> +12.0 | age_days=2 -> recency +8.0, stale 0.0 | safe_groups=0 -> 0.0"
919993753,81.9,BLOCK,2026-09-29T20:52:44+00:00,2026-10-04T19:43:02+00:00,0,6,1,0,explicit_spam,0.82,"max_source_weight=0.82 -> 36.9 | best_evidence=explicit_spam -> +25.0 | independent_spam_groups=1 -> +0.0 | seen_runs=6 -> +12.0 | age_days=0 -> recency +8.0, stale 0.0 | safe_groups=0 -> 0.0"
951741206,81.9,BLOCK,2026-09-26T19:17:09+00:00,2026-09-30T20:53:12+00:00,3,5,1,0,explicit_spam,0.82,"max_source_weight=0.82 -> 36.9 | best_evidence=explicit_spam -> +25.0 | independent_spam_groups=1 -> +0.0 | seen_runs=5 -> +12.0 | age_days=3 -> recency +8.0, stale 0.0 | safe_groups=0 -> 0.0"
651007607,80.8,BLOCK,2026-09-21T20:29:27+00:00,2026-09-26T19:17:09+00:00,8,3,1,0,explicit_spam,0.95,"max_source_weight=0.95 -> 42.8 | best_evidence=explicit_spam -> +25.0 | independent_spam_groups=1 -> +0.0 | seen_runs=3 -> +8.0 | age_days=8 -> recency +5.0, stale 0.0 | safe_groups=0 -> 0.0"
675767607,80.8,BLOCK,2026-09-21T20:29:27+00:00,2026-09-23T19:44:46+00:00,10,3,1,0,explicit_spam,0.95,"max_source_weight=0.95 -> 42.8 | best_evidence=explicit_spam -> +25.0 | independent_spam_groups=1 -> +0.0 | seen_runs=3 -> +8.0 | age_days=10 -> recency +5.0, stale 0.0 | safe_groups=0 -> 0.0"
851816613,80.8,BLOCK,2026-09-08T19:29:58+00:00,2026-09-10T19:11:24+00:00,24,3,1,0,explicit_spam,0.95,"max_source_weight=0.95 -> 42.8 | best_evidence=explicit_spam -> +25.0 | independent_spam_groups=1 -> +0.0 | seen_runs=3 -> +8.0 | age_days=24 -> recency +5.0, stale 0.0 | safe_groups=0 -> 0.0"
851823269,80.8,BLOCK,2026-09-21T20:29:27+00:00,2026-09-23T19:44:46+00:00,10,3,1,0,explicit_spam,0.95,"max_source_weight=0.95 -> 42.8 | best_evidence=explicit_spam -> +25.0 | independent_spam_groups=1 -> +0.0 | seen_runs=3 -> +8.0 | age_days=10 -> recency +5.0, stale 0.0 | safe_groups=0 -> 0.0"
851823567,80.8,BLOCK,2026-09-11T19:13:24+00:00,2026-09-15T19:45:50+00:00,18,3,1,0,explicit_spam,0.95,"max_source_weight=0.95 -> 42.8 | best_evidence=explicit_spam -> +25.0 | independent_spam_groups=1 -> +0.0 | seen_runs=3 -> +8.0 | age_days=18 -> recency +5.0, stale 0.0 | safe_groups=0 -> 0.0"
854794163,80.8,BLOCK,2026-09-16T19:37:49+00:00,2026-09-18T19:06:05+00:00,16,3,1,0,explicit_spam,0.95,"max_source_weight=0.95 -> 42.8 | best_evidence=explicit_spam -> +25.0 | independent_spam_groups=1 -> +0.0 | seen_runs=3 -> +8.0 | age_days=16 -> recency +5.0, stale 0.0 | safe_groups=0 -> 0.0"
854794710,80.8,BLOCK,2026-08-29T00:37:48+00:00,2026-09-08T19:29:58+00:00,26,3,1,0,explicit_spam,0.95,"max_source_weight=0.95 -> 42.8 | best_evidence=explicit_spam -> +25.0 | independent_spam_groups=1 -> +0.0 | seen_runs=3 -> +8.0 | age_days=26 -> recency +5.0, stale 0.0 | safe_groups=0 -> 0.0"
856184080,80.8,BLOCK,2026-08-25T20:48:08+00:00,2026-09-09T19:21:13+00:00,25,3,1,0,explicit_spam,0.95,"max_source_weight=0.95 -> 42.8 | best_evidence=explicit_spam -> +25.0 | independent_spam_groups=1 -> +0.0 | seen_runs=3 -> +8.0 | age_days=25 -> recency +5.0, stale 0.0 | safe_groups=0 -> 0.0"
856638765,80.8,BLOCK,2026-09-16T19:37:49+00:00,2026-09-18T19:06:05+00:00,16,3,1,0,explicit_spam,0.95,"max_source_weight=0.95 -> 42.8 | best_evidence=explicit_spam -> +25.0 | independent_spam_groups=1 -> +0.0 | seen_runs=3 -> +8.0 | age_days=16 -> recency +5.0, stale 0.0 | safe_groups=0 -> 0.0"
865459384,80.8,BLOCK,2026-09-11T19:13:24+00:00,2026-09-15T19:45:50+00:00,18,3,1,0,explicit_spam,0.95,"max_source_weight=0.95 -> 42.8 | best_evidence=explicit_spam -> +25.0 | independent_spam_groups=1 -> +0.0 | seen_runs=3 -> +8.0 | age_days=18 -> recency +5.0, stale 0.0 | safe_groups=0 -> 0.0"
865459967,80.8,BLOCK,2026-09-21T20:29:27+00:00,2026-09-24T20:03:41+00:00,9,3,1,0,explicit_spam,0.95,"max_source_weight=0.95 -> 42.8 | best_evidence=explicit_spam -> +25.0 | independent_spam_groups=1 -> +0.0 | seen_runs=3 -> +8.0 | age_days=9 -> recency +5.0, stale 0.0 | safe_groups=0 -> 0.0"
883865028,80.8,BLOCK,2026-09-24T20:03:41+00:00,2026-09-26T19:17:09+00:00,8,3,1,0,explicit_spam,0.95,"max_source_weight=0.95 -> 42.8 | best_evidence=explicit_spam -> +25.0 | independent_spam_groups=1 -> +0.0 | seen_runs=3 -> +8.0 | age_days=8 -> recency +5.0, stale 0.0 | safe_groups=0 -> 0.0"
910629741,80.8,BLOCK,2026-09-16T19:37:49+00:00,2026-09-26T19:17:09+00:00,8,3,1,0,explicit_spam,0.95,"max_source_weight=0.95 -> 42.8 | best_evidence=explicit_spam -> +25.0 | independent_spam_groups=1 -> +0.0 | seen_runs=3 -> +8.0 | age_days=8 -> recency +5.0, stale 0.0 | safe_groups=0 -> 0.0"
913534213,80.8,BLOCK,2026-09-04T19:03:03+00:00,2026-09-08T19:29:58+00:00,26,3,1,0,explicit_spam,0.95,"max_source_weight=0.95 -> 42.8 | best_evidence=explicit_spam -> +25.0 | independent_spam_groups=1 -> +0.0 | seen_runs=3 -> +8.0 | age_days=26 -> recency +5.0, stale 0.0 | safe_groups=0 -> 0.0"
917938566,80.8,BLOCK,2026-09-02T19:27:12+00:00,2026-09-17T19:47:48+00:00,16,3,1,0,explicit_spam,0.95,"max_source_weight=0.95 -> 42.8 | best_evidence=explicit_spam -> +25.0 | independent_spam_groups=1 -> +0.0 | seen_runs=3 -> +8.0 | age_days=16 -> recency +5.0, stale 0.0 | safe_groups=0 -> 0.0"
919462940,80.8,BLOCK,2026-08-25T20:48:08+00:00,2026-09-11T19:13:24+00:00,23,3,1,0,explicit_spam,0.95,"max_source_weight=0.95 -> 42.8 | best_evidence=explicit_spam -> +25.0 | independent_spam_groups=1 -> +0.0 | seen_runs=3 -> +8.0 | age_days=23 -> recency +5.0, stale 0.0 | safe_groups=0 -> 0.0"
919462949,80.8,BLOCK,2026-08-25T20:48:08+00:00,2026-09-15T19:45:50+00:00,18,3,1,0,explicit_spam,0.95,"max_source_weight=0.95 -> 42.8 | best_evidence=explicit_spam -> +25.0 | independent_spam_groups=1 -> +0.0 | seen_runs=3 -> +8.0 | age_days=18 -> recency +5.0, stale 0.0 | safe_groups=0 -> 0.0"
919590727,80.8,BLOCK,2026-09-11T19:13:24+00:00,2026-09-15T19:45:50+00:00,18,3,1,0,explicit_spam,0.95,"max_source_weight=0.95 -> 42.8 | best_evidence=explicit_spam -> +25.0 | independent_spam_groups=1 -> +0.0 | seen_runs=3 -> +8.0 | age_days=18 -> recency +5.0, stale 0.0 | safe_groups=0 -> 0.0"
919973463,80.8,BLOCK,2026-09-21T20:29:27+00:00,2026-09-25T20:05:11+00:00,8,3,1,0,explicit_spam,0.95,"max_source_weight=0.95 -> 42.8 | best_evidence=explicit_spam -> +25.0 | independent_spam_groups=1 -> +0.0 | seen_runs=3 -> +8.0 | age_days=8 -> recency +5.0, stale 0.0 | safe_groups=0 -> 0.0"
919977542,80.8,BLOCK,2026-08-30T19:23:11+00:00,2026-09-12T18:28:48+00:00,22,3,1,0,explicit_spam,0.95,"max_source_weight=0.95 -> 42.8 | best_evidence=explicit_spam -> +25.0 | independent_spam_groups=1 -> +0.0 | seen_runs=3 -> +8.0 | age_days=22 -> recency +5.0, stale 0.0 | safe_groups=0 -> 0.0"
919977932,80.8,BLOCK,2026-09-09T19:21:13+00:00,2026-09-15T19:45:50+00:00,18,3,1,0,explicit_spam,0.95,"max_source_weight=0.95 -> 42.8 | best_evidence=explicit_spam -> +25.0 | independent_spam_groups=1 -> +0.0 | seen_runs=3 -> +8.0 | age_days=18 -> recency +5.0, stale 0.0 | safe_groups=0 -> 0.0"
930473433,80.8,BLOCK,2026-09-23T19:44:46+00:00,2026-09-25T20:05:11+00:00,8,3,1,0,explicit_spam,0.95,"max_source_weight=0.95 -> 42.8 | best_evidence=explicit_spam -> +25.0 | independent_spam_groups=1 -> +0.0 | seen_runs=3 -> +8.0 | age_days=8 -> recency +5.0, stale 0.0 | safe_groups=0 -> 0.0"
944582731,80.8,BLOCK,2026-09-11T19:13:24+00:00,2026-09-22T19:49:00+00:00,11,3,1,0,explicit_spam,0.95,"max_source_weight=0.95 -> 42.8 | best_evidence=explicit_spam -> +25.0 | independent_spam_groups=1 -> +0.0 | seen_runs=3 -> +8.0 | age_days=11 -> recency +5.0, stale 0.0 | safe_groups=0 -> 0.0"
950724205,80.8,BLOCK,2026-09-17T19:47:48+00:00,2026-09-23T19:44:46+00:00,10,3,1,0,explicit_spam,0.95,"max_source_weight=0.95 -> 42.8 | best_evidence=explicit_spam -> +25.0 | independent_spam_groups=1 -> +0.0 | seen_runs=3 -> +8.0 | age_days=10 -> recency +5.0, stale 0.0 | safe_groups=0 -> 0.0"
960203171,80.8,BLOCK,2026-09-04T19:03:03+00:00,2026-09-12T18:28:48+00:00,22,3,1,0,explicit_spam,0.95,"max_source_weight=0.95 -> 42.8 | best_evidence=explicit_spam -> +25.0 | independent_spam_groups=1 -> +0.0 | seen_runs=3 -> +8.0 | age_days=22 -> recency +5.0, stale 0.0 | safe_groups=0 -> 0.0"
967831643,80.8,BLOCK,2026-09-10T19:11:24+00:00,2026-09-15T19:45:50+00:00,18,3,1,0,explicit_spam,0.95,"max_source_weight=0.95 -> 42.8 | best_evidence=explicit_spam -> +25.0 | independent_spam_groups=1 -> +0.0 | seen_runs=3 -> +8.0 | age_days=18 -> recency +5.0, stale 0.0 | safe_groups=0 -> 0.0"
967921045,80.8,BLOCK,2026-09-18T19:06:05+00:00,2026-09-22T19:49:00+00:00,11,3,1,0,explicit_spam,0.95,"max_source_weight=0.95 -> 42.8 | best_evidence=explicit_spam -> +25.0 | independent_spam_groups=1 -> +0.0 | seen_runs=3 -> +8.0 | age_days=11 -> recency +5.0, stale 0.0 | safe_groups=0 -> 0.0"
969445908,80.8,BLOCK,2026-09-11T19:13:24+00:00,2026-09-15T19:45:50+00:00,18,3,1,0,explicit_spam,0.95,"max_source_weight=0.95 -> 42.8 | best_evidence=explicit_spam -> +25.0 | independent_spam_groups=1 -> +0.0 | seen_runs=3 -> +8.0 | age_days=18 -> recency +5.0, stale 0.0 | safe_groups=0 -> 0.0"
693128517,79.8,BLOCK,2026-10-02T20:50:00+00:00,2026-10-03T19:18:00+00:00,1,2,1,0,explicit_spam,0.95,"max_source_weight=0.95 -> 42.8 | best_evidence=explicit_spam -> +25.0 | independent_spam_groups=1 -> +0.0 | seen_runs=2 -> +4.0 | age_days=1 -> recency +8.0, stale 0.0 | safe_groups=0 -> 0.0"
854794407,79.8,BLOCK,2026-10-01T21:06:14+00:00,2026-10-02T20:50:00+00:00,1,2,1,0,explicit_spam,0.95,"max_source_weight=0.95 -> 42.8 | best_evidence=explicit_spam -> +25.0 | independent_spam_groups=1 -> +0.0 | seen_runs=2 -> +4.0 | age_days=1 -> recency +8.0, stale 0.0 | safe_groups=0 -> 0.0"
854794932,79.8,BLOCK,2026-09-30T20:53:12+00:00,2026-10-01T21:06:14+00:00,2,2,1,0,explicit_spam,0.95,"max_source_weight=0.95 -> 42.8 | best_evidence=explicit_spam -> +25.0 | independent_spam_groups=1 -> +0.0 | seen_runs=2 -> +4.0 | age_days=2 -> recency +8.0, stale 0.0 | safe_groups=0 -> 0.0"
865459088,79.8,BLOCK,2026-09-08T19:29:58+00:00,2026-09-29T20:52:44+00:00,4,2,1,0,explicit_spam,0.95,"max_source_weight=0.95 -> 42.8 | best_evidence=explicit_spam -> +25.0 | independent_spam_groups=1 -> +0.0 | seen_runs=2 -> +4.0 | age_days=4 -> recency +8.0, stale 0.0 | safe_groups=0 -> 0.0"
871263026,79.8,BLOCK,2026-09-30T20:53:12+00:00,2026-10-01T21:06:14+00:00,2,2,1,0,explicit_spam,0.95,"max_source_weight=0.95 -> 42.8 | best_evidence=explicit_spam -> +25.0 | independent_spam_groups=1 -> +0.0 | seen_runs=2 -> +4.0 | age_days=2 -> recency +8.0, stale 0.0 | safe_groups=0 -> 0.0"
872296020,79.8,BLOCK,2026-10-01T21:06:14+00:00,2026-10-02T20:50:00+00:00,1,2,1,0,explicit_spam,0.95,"max_source_weight=0.95 -> 42.8 | best_evidence=explicit_spam -> +25.0 | independent_spam_groups=1 -> +0.0 | seen_runs=2 -> +4.0 | age_days=1 -> recency +8.0, stale 0.0 | safe_groups=0 -> 0.0"
910449650,79.8,BLOCK,2026-10-01T21:06:14+00:00,2026-10-02T20:50:00+00:00,1,2,1,0,explicit_spam,0.95,"max_source_weight=0.95 -> 42.8 | best_evidence=explicit_spam -> +25.0 | independent_spam_groups=1 -> +0.0 | seen_runs=2 -> +4.0 | age_days=1 -> recency +8.0, stale 0.0 | safe_groups=0 -> 0.0"
911096183,79.8,BLOCK,2026-09-29T20:52:44+00:00,2026-09-30T20:53:12+00:00,3,2,1,0,explicit_spam,0.95,"max_source_weight=0.95 -> 42.8 | best_evidence=explicit_spam -> +25.0 | independent_spam_groups=1 -> +0.0 | seen_runs=2 -> +4.0 | age_days=3 -> recency +8.0, stale 0.0 | safe_groups=0 -> 0.0"
911098828,79.8,BLOCK,2026-09-29T20:52:44+00:00,2026-10-01T21:06:14+00:00,2,2,1,0,explicit_spam,0.95,"max_source_weight=0.95 -> 42.8 | best_evidence=explicit_spam -> +25.0 | independent_spam_groups=1 -> +0.0 | seen_runs=2 -> +4.0 | age_days=2 -> recency +8.0, stale 0.0 | safe_groups=0 -> 0.0"
917938564,79.8,BLOCK,2026-09-24T20:03:41+00:00,2026-10-01T21:06:14+00:00,2,2,1,0,explicit_spam,0.95,"max_source_weight=0.95 -> 42.8 | best_evidence=explicit_spam -> +25.0 | independent_spam_groups=1 -> +0.0 | seen_runs=2 -> +4.0 | age_days=2 -> recency +8.0, stale 0.0 | safe_groups=0 -> 0.0"
917938679,79.8,BLOCK,2026-09-26T19:17:09+00:00,2026-10-01T21:06:14+00:00,2,2,1,0,explicit_spam,0.95,"max_source_weight=0.95 -> 42.8 | best_evidence=explicit_spam -> +25.0 | independent_spam_groups=1 -> +0.0 | seen_runs=2 -> +4.0 | age_days=2 -> recency +8.0, stale 0.0 | safe_groups=0 -> 0.0"
919187409,79.8,BLOCK,2026-09-25T20:05:11+00:00,2026-09-29T20:52:44+00:00,4,2,1,0,explicit_spam,0.95,"max_source_weight=0.95 -> 42.8 | best_evidence=explicit_spam -> +25.0 | independent_spam_groups=1 -> +0.0 | seen_runs=2 -> +4.0 | age_days=4 -> recency +8.0, stale 0.0 | safe_groups=0 -> 0.0"
919462680,79.8,BLOCK,2026-09-16T19:37:49+00:00,2026-10-01T21:06:14+00:00,2,2,1,0,explicit_spam,0.95,"max_source_weight=0.95 -> 42.8 | best_evidence=explicit_spam -> +25.0 | independent_spam_groups=1 -> +0.0 | seen_runs=2 -> +4.0 | age_days=2 -> recency +8.0, stale 0.0 | safe_groups=0 -> 0.0"
919462809,79.8,BLOCK,2026-09-26T19:17:09+00:00,2026-10-03T19:18:00+00:00,1,2,1,0,explicit_spam,0.95,"max_source_weight=0.95 -> 42.8 | best_evidence=explicit_spam -> +25.0 | independent_spam_groups=1 -> +0.0 | seen_runs=2 -> +4.0 | age_days=1 -> recency +8.0, stale 0.0 | safe_groups=0 -> 0.0"
919462819,79.8,BLOCK,2026-09-10T19:11:24+00:00,2026-10-01T21:06:14+00:00,2,2,1,0,explicit_spam,0.95,"max_source_weight=0.95 -> 42.8 | best_evidence=explicit_spam -> +25.0 | independent_spam_groups=1 -> +0.0 | seen_runs=2 -> +4.0 | age_days=2 -> recency +8.0, stale 0.0 | safe_groups=0 -> 0.0"
919596325,79.8,BLOCK,2026-09-29T20:52:44+00:00,2026-09-30T20:53:12+00:00,3,2,1,0,explicit_spam,0.95,"max_source_weight=0.95 -> 42.8 | best_evidence=explicit_spam -> +25.0 | independent_spam_groups=1 -> +0.0 | seen_runs=2 -> +4.0 | age_days=3 -> recency +8.0, stale 0.0 | safe_groups=0 -> 0.0"
919698854,79.8,BLOCK,2026-09-29T20:52:44+00:00,2026-09-30T20:53:12+00:00,3,2,1,0,explicit_spam,0.95,"max_source_weight=0.95 -> 42.8 | best_evidence=explicit_spam -> +25.0 | independent_spam_groups=1 -> +0.0 | seen_runs=2 -> +4.0 | age_days=3 -> recency +8.0, stale 0.0 | safe_groups=0 -> 0.0"
919898788,79.8,BLOCK,2026-10-02T20:50:00+00:00,2026-10-03T19:18:00+00:00,1,2,1,0,explicit_spam,0.95,"max_source_weight=0.95 -> 42.8 | best_evidence=explicit_spam -> +25.0 | independent_spam_groups=1 -> +0.0 | seen_runs=2 -> +4.0 | age_days=1 -> recency +8.0, stale 0.0 | safe_groups=0 -> 0.0"
919970570,79.8,BLOCK,2026-10-02T20:50:00+00:00,2026-10-03T19:18:00+00:00,1,2,1,0,explicit_spam,0.95,"max_source_weight=0.95 -> 42.8 | best_evidence=explicit_spam -> +25.0 | independent_spam_groups=1 -> +0.0 | seen_runs=2 -> +4.0 | age_days=1 -> recency +8.0, stale 0.0 | safe_groups=0 -> 0.0"
930487732,79.8,BLOCK,2026-09-26T19:17:09+00:00,2026-09-30T20:53:12+00:00,3,2,1,0,explicit_spam,0.95,"max_source_weight=0.95 -> 42.8 | best_evidence=explicit_spam -> +25.0 | independent_spam_groups=1 -> +0.0 | seen_runs=2 -> +4.0 | age_days=3 -> recency +8.0, stale 0.0 | safe_groups=0 -> 0.0"
937817617,79.8,BLOCK,2026-09-29T20:52:44+00:00,2026-10-01T21:06:14+00:00,2,2,1,0,explicit_spam,0.95,"max_source_weight=0.95 -> 42.8 | best_evidence=explicit_spam -> +25.0 | independent_spam_groups=1 -> +0.0 | seen_runs=2 -> +4.0 | age_days=2 -> recency +8.0, stale 0.0 | safe_groups=0 -> 0.0"
937947775,79.8,BLOCK,2026-10-01T21:06:14+00:00,2026-10-02T20:50:00+00:00,1,2,1,0,explicit_spam,0.95,"max_source_weight=0.95 -> 42.8 | best_evidence=explicit_spam -> +25.0 | independent_spam_groups=1 -> +0.0 | seen_runs=2 -> +4.0 | age_days=1 -> recency +8.0, stale 0.0 | safe_groups=0 -> 0.0"
942423067,79.8,BLOCK,2026-09-29T20:52:44+00:00,2026-09-30T20:53:12+00:00,3,2,1,0,explicit_spam,0.95,"max_source_weight=0.95 -> 42.8 | best_evidence=explicit_spam -> +25.0 | independent_spam_groups=1 -> +0.0 | seen_runs=2 -> +4.0 | age_days=3 -> recency +8.0, stale 0.0 | safe_groups=0 -> 0.0"
951403232,79.8,BLOCK,2026-08-29T00:37:48+00:00,2026-10-02T20:50:00+00:00,1,2,1,0,explicit_spam,0.95,"max_source_weight=0.95 -> 42.8 | best_evidence=explicit_spam -> +25.0 | independent_spam_groups=1 -> +0.0 | seen_runs=2 -> +4.0 | age_days=1 -> recency +8.0, stale 0.0 | safe_groups=0 -> 0.0"
960383147,79.8,BLOCK,2026-09-29T20:52:44+00:00,2026-09-30T20:53:12+00:00,3,2,1,0,explicit_spam,0.95,"max_source_weight=0.95 -> 42.8 | best_evidence=explicit_spam -> +25.0 | independent_spam_groups=1 -> +0.0 | seen_runs=2 -> +4.0 | age_days=3 -> recency +8.0, stale 0.0 | safe_groups=0 -> 0.0"
960383430,79.8,BLOCK,2026-09-26T19:17:09+00:00,2026-10-03T19:18:00+00:00,1,2,1,0,explicit_spam,0.95,"max_source_weight=0.95 -> 42.8 | best_evidence=explicit_spam -> +25.0 | independent_spam_groups=1 -> +0.0 | seen_runs=2 -> +4.0 | age_days=1 -> recency +8.0, stale 0.0 | safe_groups=0 -> 0.0"
960383996,79.8,BLOCK,2026-09-29T20:52:44+00:00,2026-10-02T20:50:00+00:00,1,2,1,0,explicit_spam,0.95,"max_source_weight=0.95 -> 42.8 | best_evidence=explicit_spam -> +25.0 | independent_spam_groups=1 -> +0.0 | seen_runs=2 -> +4.0 | age_days=1 -> recency +8.0, stale 0.0 | safe_groups=0 -> 0.0"
605918082,78.9,BLOCK,2026-08-25T20:48:08+00:00,2026-09-06T18:22:35+00:00,28,13,1,0,explicit_spam,0.82,"max_source_weight=0.82 -> 36.9 | best_evidence=explicit_spam -> +25.0 | independent_spam_groups=1 -> +0.0 | seen_runs=13 -> +12.0 | age_days=28 -> recency +5.0, stale 0.0 | safe_groups=0 -> 0.0"
623254045,78.9,BLOCK,2026-09-09T19:21:13+00:00,2026-09-17T19:47:48+00:00,16,9,1,0,explicit_spam,0.82,"max_source_weight=0.82 -> 36.9 | best_evidence=explicit_spam -> +25.0 | independent_spam_groups=1 -> +0.0 | seen_runs=9 -> +12.0 | age_days=16 -> recency +5.0, stale 0.0 | safe_groups=0 -> 0.0"
639112927,78.9,BLOCK,2026-08-30T19:23:11+00:00,2026-09-08T19:29:58+00:00,26,10,1,0,explicit_spam,0.82,"max_source_weight=0.82 -> 36.9 | best_evidence=explicit_spam -> +25.0 | independent_spam_groups=1 -> +0.0 | seen_runs=10 -> +12.0 | age_days=26 -> recency +5.0, stale 0.0 | safe_groups=0 -> 0.0"
659271078,78.9,BLOCK,2026-09-08T19:29:58+00:00,2026-09-13T18:51:40+00:00,21,6,1,0,explicit_spam,0.82,"max_source_weight=0.82 -> 36.9 | best_evidence=explicit_spam -> +25.0 | independent_spam_groups=1 -> +0.0 | seen_runs=6 -> +12.0 | age_days=21 -> recency +5.0, stale 0.0 | safe_groups=0 -> 0.0"
673031776,78.9,BLOCK,2026-08-25T20:48:08+00:00,2026-09-08T19:29:58+00:00,26,15,1,0,explicit_spam,0.82,"max_source_weight=0.82 -> 36.9 | best_evidence=explicit_spam -> +25.0 | independent_spam_groups=1 -> +0.0 | seen_runs=15 -> +12.0 | age_days=26 -> recency +5.0, stale 0.0 | safe_groups=0 -> 0.0"
683135148,78.9,BLOCK,2026-08-31T21:32:23+00:00,2026-09-17T19:47:48+00:00,16,18,1,0,explicit_spam,0.82,"max_source_weight=0.82 -> 36.9 | best_evidence=explicit_spam -> +25.0 | independent_spam_groups=1 -> +0.0 | seen_runs=18 -> +12.0 | age_days=16 -> recency +5.0, stale 0.0 | safe_groups=0 -> 0.0"
722702611,78.9,BLOCK,2026-08-31T21:32:23+00:00,2026-09-17T19:47:48+00:00,16,18,1,0,explicit_spam,0.82,"max_source_weight=0.82 -> 36.9 | best_evidence=explicit_spam -> +25.0 | independent_spam_groups=1 -> +0.0 | seen_runs=18 -> +12.0 | age_days=16 -> recency +5.0, stale 0.0 | safe_groups=0 -> 0.0"
881151774,78.9,BLOCK,2026-09-10T19:11:24+00:00,2026-09-17T19:47:48+00:00,16,8,1,0,explicit_spam,0.82,"max_source_weight=0.82 -> 36.9 | best_evidence=explicit_spam -> +25.0 | independent_spam_groups=1 -> +0.0 | seen_runs=8 -> +12.0 | age_days=16 -> recency +5.0, stale 0.0 | safe_groups=0 -> 0.0"
917379484,78.9,BLOCK,2026-08-25T20:48:08+00:00,2026-09-08T19:29:58+00:00,26,15,1,0,explicit_spam,0.82,"max_source_weight=0.82 -> 36.9 | best_evidence=explicit_spam -> +25.0 | independent_spam_groups=1 -> +0.0 | seen_runs=15 -> +12.0 | age_days=26 -> recency +5.0, stale 0.0 | safe_groups=0 -> 0.0"
930901267,78.9,BLOCK,2026-09-05T18:23:44+00:00,2026-09-17T19:47:48+00:00,16,13,1,0,explicit_spam,0.82,"max_source_weight=0.82 -> 36.9 | best_evidence=explicit_spam -> +25.0 | independent_spam_groups=1 -> +0.0 | seen_runs=13 -> +12.0 | age_days=16 -> recency +5.0, stale 0.0 | safe_groups=0 -> 0.0"
950502161,78.9,BLOCK,2026-09-07T20:02:18+00:00,2026-09-17T19:47:48+00:00,16,11,1,0,explicit_spam,0.82,"max_source_weight=0.82 -> 36.9 | best_evidence=explicit_spam -> +25.0 | independent_spam_groups=1 -> +0.0 | seen_runs=11 -> +12.0 | age_days=16 -> recency +5.0, stale 0.0 | safe_groups=0 -> 0.0"
951203073,78.9,BLOCK,2026-08-31T21:32:23+00:00,2026-09-09T19:21:13+00:00,25,10,1,0,explicit_spam,0.82,"max_source_weight=0.82 -> 36.9 | best_evidence=explicit_spam -> +25.0 | independent_spam_groups=1 -> +0.0 | seen_runs=10 -> +12.0 | age_days=25 -> recency +5.0, stale 0.0 | safe_groups=0 -> 0.0"
953171261,78.9,BLOCK,2026-09-07T20:02:18+00:00,2026-09-17T19:47:48+00:00,16,11,1,0,explicit_spam,0.82,"max_source_weight=0.82 -> 36.9 | best_evidence=explicit_spam -> +25.0 | independent_spam_groups=1 -> +0.0 | seen_runs=11 -> +12.0 | age_days=16 -> recency +5.0, stale 0.0 | safe_groups=0 -> 0.0"
975570523,78.9,BLOCK,2026-08-25T20:48:08+00:00,2026-09-06T18:22:35+00:00,28,13,1,0,explicit_spam,0.82,"max_source_weight=0.82 -> 36.9 | best_evidence=explicit_spam -> +25.0 | independent_spam_groups=1 -> +0.0 | seen_runs=13 -> +12.0 | age_days=28 -> recency +5.0, stale 0.0 | safe_groups=0 -> 0.0"
979301429,78.9,BLOCK,2026-08-25T20:48:08+00:00,2026-09-07T20:02:18+00:00,26,14,1,0,explicit_spam,0.82,"max_source_weight=0.82 -> 36.9 | best_evidence=explicit_spam -> +25.0 | independent_spam_groups=1 -> +0.0 | seen_runs=14 -> +12.0 | age_days=26 -> recency +5.0, stale 0.0 | safe_groups=0 -> 0.0"
983240427,78.9,BLOCK,2026-09-11T19:13:24+00:00,2026-09-16T19:37:49+00:00,18,6,1,0,explicit_spam,0.82,"max_source_weight=0.82 -> 36.9 | best_evidence=explicit_spam -> +25.0 | independent_spam_groups=1 -> +0.0 | seen_runs=6 -> +12.0 | age_days=18 -> recency +5.0, stale 0.0 | safe_groups=0 -> 0.0"
696992391,77.9,BLOCK,2026-09-29T20:52:44+00:00,2026-10-01T21:06:14+00:00,2,3,1,0,explicit_spam,0.82,"max_source_weight=0.82 -> 36.9 | best_evidence=explicit_spam -> +25.0 | independent_spam_groups=1 -> +0.0 | seen_runs=3 -> +8.0 | age_days=2 -> recency +8.0, stale 0.0 | safe_groups=0 -> 0.0"
919593405,77.9,BLOCK,2026-09-25T20:05:11+00:00,2026-09-27T19:49:51+00:00,6,3,1,0,explicit_spam,0.82,"max_source_weight=0.82 -> 36.9 | best_evidence=explicit_spam -> +25.0 | independent_spam_groups=1 -> +0.0 | seen_runs=3 -> +8.0 | age_days=6 -> recency +8.0, stale 0.0 | safe_groups=0 -> 0.0"
930903148,77.9,BLOCK,2026-09-29T20:52:44+00:00,2026-10-01T21:06:14+00:00,2,3,1,0,explicit_spam,0.82,"max_source_weight=0.82 -> 36.9 | best_evidence=explicit_spam -> +25.0 | independent_spam_groups=1 -> +0.0 | seen_runs=3 -> +8.0 | age_days=2 -> recency +8.0, stale 0.0 | safe_groups=0 -> 0.0"
665720528,76.8,BLOCK,2026-09-21T20:29:27+00:00,2026-09-22T19:49:00+00:00,11,2,1,0,explicit_spam,0.95,"max_source_weight=0.95 -> 42.8 | best_evidence=explicit_spam -> +25.0 | independent_spam_groups=1 -> +0.0 | seen_runs=2 -> +4.0 | age_days=11 -> recency +5.0, stale 0.0 | safe_groups=0 -> 0.0"
851816646,76.8,BLOCK,2026-09-08T19:29:58+00:00,2026-09-09T19:21:13+00:00,25,2,1,0,explicit_spam,0.95,"max_source_weight=0.95 -> 42.8 | best_evidence=explicit_spam -> +25.0 | independent_spam_groups=1 -> +0.0 | seen_runs=2 -> +4.0 | age_days=25 -> recency +5.0, stale 0.0 | safe_groups=0 -> 0.0"
851816659,76.8,BLOCK,2026-09-02T19:27:12+00:00,2026-09-11T19:13:24+00:00,23,2,1,0,explicit_spam,0.95,"max_source_weight=0.95 -> 42.8 | best_evidence=explicit_spam -> +25.0 | independent_spam_groups=1 -> +0.0 | seen_runs=2 -> +4.0 | age_days=23 -> recency +5.0, stale 0.0 | safe_groups=0 -> 0.0"
851816682,76.8,BLOCK,2026-09-21T20:29:27+00:00,2026-09-22T19:49:00+00:00,11,2,1,0,explicit_spam,0.95,"max_source_weight=0.95 -> 42.8 | best_evidence=explicit_spam -> +25.0 | independent_spam_groups=1 -> +0.0 | seen_runs=2 -> +4.0 | age_days=11 -> recency +5.0, stale 0.0 | safe_groups=0 -> 0.0"
851823435,76.8,BLOCK,2026-09-21T20:29:27+00:00,2026-09-22T19:49:00+00:00,11,2,1,0,explicit_spam,0.95,"max_source_weight=0.95 -> 42.8 | best_evidence=explicit_spam -> +25.0 | independent_spam_groups=1 -> +0.0 | seen_runs=2 -> +4.0 | age_days=11 -> recency +5.0, stale 0.0 | safe_groups=0 -> 0.0"
851823566,76.8,BLOCK,2026-09-24T20:03:41+00:00,2026-09-26T19:17:09+00:00,8,2,1,0,explicit_spam,0.95,"max_source_weight=0.95 -> 42.8 | best_evidence=explicit_spam -> +25.0 | independent_spam_groups=1 -> +0.0 | seen_runs=2 -> +4.0 | age_days=8 -> recency +5.0, stale 0.0 | safe_groups=0 -> 0.0"
854794190,76.8,BLOCK,2026-09-16T19:37:49+00:00,2026-09-18T19:06:05+00:00,16,2,1,0,explicit_spam,0.95,"max_source_weight=0.95 -> 42.8 | best_evidence=explicit_spam -> +25.0 | independent_spam_groups=1 -> +0.0 | seen_runs=2 -> +4.0 | age_days=16 -> recency +5.0, stale 0.0 | safe_groups=0 -> 0.0"
854794405,76.8,BLOCK,2026-09-16T19:37:49+00:00,2026-09-17T19:47:48+00:00,16,2,1,0,explicit_spam,0.95,"max_source_weight=0.95 -> 42.8 | best_evidence=explicit_spam -> +25.0 | independent_spam_groups=1 -> +0.0 | seen_runs=2 -> +4.0 | age_days=16 -> recency +5.0, stale 0.0 | safe_groups=0 -> 0.0"
854794406,76.8,BLOCK,2026-09-23T19:44:46+00:00,2026-09-25T20:05:11+00:00,8,2,1,0,explicit_spam,0.95,"max_source_weight=0.95 -> 42.8 | best_evidence=explicit_spam -> +25.0 | independent_spam_groups=1 -> +0.0 | seen_runs=2 -> +4.0 | age_days=8 -> recency +5.0, stale 0.0 | safe_groups=0 -> 0.0"
854794706,76.8,BLOCK,2026-09-25T20:05:11+00:00,2026-09-26T19:17:09+00:00,8,2,1,0,explicit_spam,0.95,"max_source_weight=0.95 -> 42.8 | best_evidence=explicit_spam -> +25.0 | independent_spam_groups=1 -> +0.0 | seen_runs=2 -> +4.0 | age_days=8 -> recency +5.0, stale 0.0 | safe_groups=0 -> 0.0"
854794707,76.8,BLOCK,2026-09-10T19:11:24+00:00,2026-09-11T19:13:24+00:00,23,2,1,0,explicit_spam,0.95,"max_source_weight=0.95 -> 42.8 | best_evidence=explicit_spam -> +25.0 | independent_spam_groups=1 -> +0.0 | seen_runs=2 -> +4.0 | age_days=23 -> recency +5.0, stale 0.0 | safe_groups=0 -> 0.0"
854794708,76.8,BLOCK,2026-09-01T19:28:04+00:00,2026-09-16T19:37:49+00:00,18,2,1,0,explicit_spam,0.95,"max_source_weight=0.95 -> 42.8 | best_evidence=explicit_spam -> +25.0 | independent_spam_groups=1 -> +0.0 | seen_runs=2 -> +4.0 | age_days=18 -> recency +5.0, stale 0.0 | safe_groups=0 -> 0.0"
854794891,76.8,BLOCK,2026-09-11T19:13:24+00:00,2026-09-12T18:28:48+00:00,22,2,1,0,explicit_spam,0.95,"max_source_weight=0.95 -> 42.8 | best_evidence=explicit_spam -> +25.0 | independent_spam_groups=1 -> +0.0 | seen_runs=2 -> +4.0 | age_days=22 -> recency +5.0, stale 0.0 | safe_groups=0 -> 0.0"
854794895,76.8,BLOCK,2026-09-04T19:03:03+00:00,2026-09-05T18:23:44+00:00,29,2,1,0,explicit_spam,0.95,"max_source_weight=0.95 -> 42.8 | best_evidence=explicit_spam -> +25.0 | independent_spam_groups=1 -> +0.0 | seen_runs=2 -> +4.0 | age_days=29 -> recency +5.0, stale 0.0 | safe_groups=0 -> 0.0"
856638763,76.8,BLOCK,2026-09-02T19:27:12+00:00,2026-09-16T19:37:49+00:00,18,2,1,0,explicit_spam,0.95,"max_source_weight=0.95 -> 42.8 | best_evidence=explicit_spam -> +25.0 | independent_spam_groups=1 -> +0.0 | seen_runs=2 -> +4.0 | age_days=18 -> recency +5.0, stale 0.0 | safe_groups=0 -> 0.0"
865449561,76.8,BLOCK,2026-09-09T19:21:13+00:00,2026-09-11T19:13:24+00:00,23,2,1,0,explicit_spam,0.95,"max_source_weight=0.95 -> 42.8 | best_evidence=explicit_spam -> +25.0 | independent_spam_groups=1 -> +0.0 | seen_runs=2 -> +4.0 | age_days=23 -> recency +5.0, stale 0.0 | safe_groups=0 -> 0.0"
865459016,76.8,BLOCK,2026-09-04T19:03:03+00:00,2026-09-05T18:23:44+00:00,29,2,1,0,explicit_spam,0.95,"max_source_weight=0.95 -> 42.8 | best_evidence=explicit_spam -> +25.0 | independent_spam_groups=1 -> +0.0 | seen_runs=2 -> +4.0 | age_days=29 -> recency +5.0, stale 0.0 | safe_groups=0 -> 0.0"
865459040,76.8,BLOCK,2026-09-21T20:29:27+00:00,2026-09-22T19:49:00+00:00,11,2,1,0,explicit_spam,0.95,"max_source_weight=0.95 -> 42.8 | best_evidence=explicit_spam -> +25.0 | independent_spam_groups=1 -> +0.0 | seen_runs=2 -> +4.0 | age_days=11 -> recency +5.0, stale 0.0 | safe_groups=0 -> 0.0"
865459218,76.8,BLOCK,2026-09-24T20:03:41+00:00,2026-09-25T20:05:11+00:00,8,2,1,0,explicit_spam,0.95,"max_source_weight=0.95 -> 42.8 | best_evidence=explicit_spam -> +25.0 | independent_spam_groups=1 -> +0.0 | seen_runs=2 -> +4.0 | age_days=8 -> recency +5.0, stale 0.0 | safe_groups=0 -> 0.0"
865459385,76.8,BLOCK,2026-09-16T19:37:49+00:00,2026-09-17T19:47:48+00:00,16,2,1,0,explicit_spam,0.95,"max_source_weight=0.95 -> 42.8 | best_evidence=explicit_spam -> +25.0 | independent_spam_groups=1 -> +0.0 | seen_runs=2 -> +4.0 | age_days=16 -> recency +5.0, stale 0.0 | safe_groups=0 -> 0.0"
865459386,76.8,BLOCK,2026-09-24T20:03:41+00:00,2026-09-25T20:05:11+00:00,8,2,1,0,explicit_spam,0.95,"max_source_weight=0.95 -> 42.8 | best_evidence=explicit_spam -> +25.0 | independent_spam_groups=1 -> +0.0 | seen_runs=2 -> +4.0 | age_days=8 -> recency +5.0, stale 0.0 | safe_groups=0 -> 0.0"
868293190,76.8,BLOCK,2026-09-24T20:03:41+00:00,2026-09-25T20:05:11+00:00,8,2,1,0,explicit_spam,0.95,"max_source_weight=0.95 -> 42.8 | best_evidence=explicit_spam -> +25.0 | independent_spam_groups=1 -> +0.0 | seen_runs=2 -> +4.0 | age_days=8 -> recency +5.0, stale 0.0 | safe_groups=0 -> 0.0"
911084752,76.8,BLOCK,2026-09-23T19:44:46+00:00,2026-09-24T20:03:41+00:00,9,2,1,0,explicit_spam,0.95,"max_source_weight=0.95 -> 42.8 | best_evidence=explicit_spam -> +25.0 | independent_spam_groups=1 -> +0.0 | seen_runs=2 -> +4.0 | age_days=9 -> recency +5.0, stale 0.0 | safe_groups=0 -> 0.0"
912158568,76.8,BLOCK,2026-09-24T20:03:41+00:00,2026-09-25T20:05:11+00:00,8,2,1,0,explicit_spam,0.95,"max_source_weight=0.95 -> 42.8 | best_evidence=explicit_spam -> +25.0 | independent_spam_groups=1 -> +0.0 | seen_runs=2 -> +4.0 | age_days=8 -> recency +5.0, stale 0.0 | safe_groups=0 -> 0.0"
912774554,76.8,BLOCK,2026-09-25T20:05:11+00:00,2026-09-26T19:17:09+00:00,8,2,1,0,explicit_spam,0.95,"max_source_weight=0.95 -> 42.8 | best_evidence=explicit_spam -> +25.0 | independent_spam_groups=1 -> +0.0 | seen_runs=2 -> +4.0 | age_days=8 -> recency +5.0, stale 0.0 | safe_groups=0 -> 0.0"
913847771,76.8,BLOCK,2026-09-21T20:29:27+00:00,2026-09-22T19:49:00+00:00,11,2,1,0,explicit_spam,0.95,"max_source_weight=0.95 -> 42.8 | best_evidence=explicit_spam -> +25.0 | independent_spam_groups=1 -> +0.0 | seen_runs=2 -> +4.0 | age_days=11 -> recency +5.0, stale 0.0 | safe_groups=0 -> 0.0"
914105598,76.8,BLOCK,2026-09-21T20:29:27+00:00,2026-09-22T19:49:00+00:00,11,2,1,0,explicit_spam,0.95,"max_source_weight=0.95 -> 42.8 | best_evidence=explicit_spam -> +25.0 | independent_spam_groups=1 -> +0.0 | seen_runs=2 -> +4.0 | age_days=11 -> recency +5.0, stale 0.0 | safe_groups=0 -> 0.0"
917938541,76.8,BLOCK,2026-09-24T20:03:41+00:00,2026-09-25T20:05:11+00:00,8,2,1,0,explicit_spam,0.95,"max_source_weight=0.95 -> 42.8 | best_evidence=explicit_spam -> +25.0 | independent_spam_groups=1 -> +0.0 | seen_runs=2 -> +4.0 | age_days=8 -> recency +5.0, stale 0.0 | safe_groups=0 -> 0.0"
919462065,76.8,BLOCK,2026-09-21T20:29:27+00:00,2026-09-22T19:49:00+00:00,11,2,1,0,explicit_spam,0.95,"max_source_weight=0.95 -> 42.8 | best_evidence=explicit_spam -> +25.0 | independent_spam_groups=1 -> +0.0 | seen_runs=2 -> +4.0 | age_days=11 -> recency +5.0, stale 0.0 | safe_groups=0 -> 0.0"
919893374,76.8,BLOCK,2026-09-24T20:03:41+00:00,2026-09-25T20:05:11+00:00,8,2,1,0,explicit_spam,0.95,"max_source_weight=0.95 -> 42.8 | best_evidence=explicit_spam -> +25.0 | independent_spam_groups=1 -> +0.0 | seen_runs=2 -> +4.0 | age_days=8 -> recency +5.0, stale 0.0 | safe_groups=0 -> 0.0"
919973540,76.8,BLOCK,2026-09-11T19:13:24+00:00,2026-09-12T18:28:48+00:00,22,2,1,0,explicit_spam,0.95,"max_source_weight=0.95 -> 42.8 | best_evidence=explicit_spam -> +25.0 | independent_spam_groups=1 -> +0.0 | seen_runs=2 -> +4.0 | age_days=22 -> recency +5.0, stale 0.0 | safe_groups=0 -> 0.0"
927684474,76.8,BLOCK,2026-08-29T19:28:26+00:00,2026-09-16T19:37:49+00:00,18,2,1,0,explicit_spam,0.95,"max_source_weight=0.95 -> 42.8 | best_evidence=explicit_spam -> +25.0 | independent_spam_groups=1 -> +0.0 | seen_runs=2 -> +4.0 | age_days=18 -> recency +5.0, stale 0.0 | safe_groups=0 -> 0.0"
930487265,76.8,BLOCK,2026-09-12T18:28:48+00:00,2026-09-15T19:45:50+00:00,18,2,1,0,explicit_spam,0.95,"max_source_weight=0.95 -> 42.8 | best_evidence=explicit_spam -> +25.0 | independent_spam_groups=1 -> +0.0 | seen_runs=2 -> +4.0 | age_days=18 -> recency +5.0, stale 0.0 | safe_groups=0 -> 0.0"
930958067,76.8,BLOCK,2026-09-11T19:13:24+00:00,2026-09-12T18:28:48+00:00,22,2,1,0,explicit_spam,0.95,"max_source_weight=0.95 -> 42.8 | best_evidence=explicit_spam -> +25.0 | independent_spam_groups=1 -> +0.0 | seen_runs=2 -> +4.0 | age_days=22 -> recency +5.0, stale 0.0 | safe_groups=0 -> 0.0"
930958269,76.8,BLOCK,2026-09-17T19:47:48+00:00,2026-09-18T19:06:05+00:00,16,2,1,0,explicit_spam,0.95,"max_source_weight=0.95 -> 42.8 | best_evidence=explicit_spam -> +25.0 | independent_spam_groups=1 -> +0.0 | seen_runs=2 -> +4.0 | age_days=16 -> recency +5.0, stale 0.0 | safe_groups=0 -> 0.0"
931357373,76.8,BLOCK,2026-09-12T18:28:48+00:00,2026-09-15T19:45:50+00:00,18,2,1,0,explicit_spam,0.95,"max_source_weight=0.95 -> 42.8 | best_evidence=explicit_spam -> +25.0 | independent_spam_groups=1 -> +0.0 | seen_runs=2 -> +4.0 | age_days=18 -> recency +5.0, stale 0.0 | safe_groups=0 -> 0.0"
931710537,76.8,BLOCK,2026-09-09T19:21:13+00:00,2026-09-23T19:44:46+00:00,10,2,1,0,explicit_spam,0.95,"max_source_weight=0.95 -> 42.8 | best_evidence=explicit_spam -> +25.0 | independent_spam_groups=1 -> +0.0 | seen_runs=2 -> +4.0 | age_days=10 -> recency +5.0, stale 0.0 | safe_groups=0 -> 0.0"
931710546,76.8,BLOCK,2026-09-11T19:13:24+00:00,2026-09-25T20:05:11+00:00,8,2,1,0,explicit_spam,0.95,"max_source_weight=0.95 -> 42.8 | best_evidence=explicit_spam -> +25.0 | independent_spam_groups=1 -> +0.0 | seen_runs=2 -> +4.0 | age_days=8 -> recency +5.0, stale 0.0 | safe_groups=0 -> 0.0"
950724212,76.8,BLOCK,2026-09-12T18:28:48+00:00,2026-09-15T19:45:50+00:00,18,2,1,0,explicit_spam,0.95,"max_source_weight=0.95 -> 42.8 | best_evidence=explicit_spam -> +25.0 | independent_spam_groups=1 -> +0.0 | seen_runs=2 -> +4.0 | age_days=18 -> recency +5.0, stale 0.0 | safe_groups=0 -> 0.0"
950724215,76.8,BLOCK,2026-09-25T20:05:11+00:00,2026-09-26T19:17:09+00:00,8,2,1,0,explicit_spam,0.95,"max_source_weight=0.95 -> 42.8 | best_evidence=explicit_spam -> +25.0 | independent_spam_groups=1 -> +0.0 | seen_runs=2 -> +4.0 | age_days=8 -> recency +5.0, stale 0.0 | safe_groups=0 -> 0.0"
960383154,76.8,BLOCK,2026-09-10T19:11:24+00:00,2026-09-16T19:37:49+00:00,18,2,1,0,explicit_spam,0.95,"max_source_weight=0.95 -> 42.8 | best_evidence=explicit_spam -> +25.0 | independent_spam_groups=1 -> +0.0 | seen_runs=2 -> +4.0 | age_days=18 -> recency +5.0, stale 0.0 | safe_groups=0 -> 0.0"
960383421,76.8,BLOCK,2026-09-21T20:29:27+00:00,2026-09-22T19:49:00+00:00,11,2,1,0,explicit_spam,0.95,"max_source_weight=0.95 -> 42.8 | best_evidence=explicit_spam -> +25.0 | independent_spam_groups=1 -> +0.0 | seen_runs=2 -> +4.0 | age_days=11 -> recency +5.0, stale 0.0 | safe_groups=0 -> 0.0"
960383431,76.8,BLOCK,2026-09-21T20:29:27+00:00,2026-09-22T19:49:00+00:00,11,2,1,0,explicit_spam,0.95,"max_source_weight=0.95 -> 42.8 | best_evidence=explicit_spam -> +25.0 | independent_spam_groups=1 -> +0.0 | seen_runs=2 -> +4.0 | age_days=11 -> recency +5.0, stale 0.0 | safe_groups=0 -> 0.0"
960383924,76.8,BLOCK,2026-09-15T19:45:50+00:00,2026-09-16T19:37:49+00:00,18,2,1,0,explicit_spam,0.95,"max_source_weight=0.95 -> 42.8 | best_evidence=explicit_spam -> +25.0 | independent_spam_groups=1 -> +0.0 | seen_runs=2 -> +4.0 | age_days=18 -> recency +5.0, stale 0.0 | safe_groups=0 -> 0.0"
962096055,76.8,BLOCK,2026-09-17T19:47:48+00:00,2026-09-23T19:44:46+00:00,10,2,1,0,explicit_spam,0.95,"max_source_weight=0.95 -> 42.8 | best_evidence=explicit_spam -> +25.0 | independent_spam_groups=1 -> +0.0 | seen_runs=2 -> +4.0 | age_days=10 -> recency +5.0, stale 0.0 | safe_groups=0 -> 0.0"
967831732,76.8,BLOCK,2026-09-04T19:03:03+00:00,2026-09-05T18:23:44+00:00,29,2,1,0,explicit_spam,0.95,"max_source_weight=0.95 -> 42.8 | best_evidence=explicit_spam -> +25.0 | independent_spam_groups=1 -> +0.0 | seen_runs=2 -> +4.0 | age_days=29 -> recency +5.0, stale 0.0 | safe_groups=0 -> 0.0"
967921150,76.8,BLOCK,2026-09-15T19:45:50+00:00,2026-09-16T19:37:49+00:00,18,2,1,0,explicit_spam,0.95,"max_source_weight=0.95 -> 42.8 | best_evidence=explicit_spam -> +25.0 | independent_spam_groups=1 -> +0.0 | seen_runs=2 -> +4.0 | age_days=18 -> recency +5.0, stale 0.0 | safe_groups=0 -> 0.0"
967921155,76.8,BLOCK,2026-09-12T18:28:48+00:00,2026-09-16T19:37:49+00:00,18,2,1,0,explicit_spam,0.95,"max_source_weight=0.95 -> 42.8 | best_evidence=explicit_spam -> +25.0 | independent_spam_groups=1 -> +0.0 | seen_runs=2 -> +4.0 | age_days=18 -> recency +5.0, stale 0.0 | safe_groups=0 -> 0.0"
967921344,76.8,BLOCK,2026-09-12T18:28:48+00:00,2026-09-15T19:45:50+00:00,18,2,1,0,explicit_spam,0.95,"max_source_weight=0.95 -> 42.8 | best_evidence=explicit_spam -> +25.0 | independent_spam_groups=1 -> +0.0 | seen_runs=2 -> +4.0 | age_days=18 -> recency +5.0, stale 0.0 | safe_groups=0 -> 0.0"
851816647,75.8,BLOCK,2026-09-29T20:52:44+00:00,2026-09-29T20:52:44+00:00,4,1,1,0,explicit_spam,0.95,"max_source_weight=0.95 -> 42.8 | best_evidence=explicit_spam -> +25.0 | independent_spam_groups=1 -> +0.0 | seen_runs=1 -> +0.0 | age_days=4 -> recency +8.0, stale 0.0 | safe_groups=0 -> 0.0"
851823032,75.8,BLOCK,2026-10-03T19:18:00+00:00,2026-10-03T19:18:00+00:00,1,1,1,0,explicit_spam,0.95,"max_source_weight=0.95 -> 42.8 | best_evidence=explicit_spam -> +25.0 | independent_spam_groups=1 -> +0.0 | seen_runs=1 -> +0.0 | age_days=1 -> recency +8.0, stale 0.0 | safe_groups=0 -> 0.0"
851823436,75.8,BLOCK,2026-09-30T20:53:12+00:00,2026-09-30T20:53:12+00:00,3,1,1,0,explicit_spam,0.95,"max_source_weight=0.95 -> 42.8 | best_evidence=explicit_spam -> +25.0 | independent_spam_groups=1 -> +0.0 | seen_runs=1 -> +0.0 | age_days=3 -> recency +8.0, stale 0.0 | safe_groups=0 -> 0.0"
851823585,75.8,BLOCK,2026-10-01T21:06:14+00:00,2026-10-01T21:06:14+00:00,2,1,1,0,explicit_spam,0.95,"max_source_weight=0.95 -> 42.8 | best_evidence=explicit_spam -> +25.0 | independent_spam_groups=1 -> +0.0 | seen_runs=1 -> +0.0 | age_days=2 -> recency +8.0, stale 0.0 | safe_groups=0 -> 0.0"
853718233,75.8,BLOCK,2026-10-01T21:06:14+00:00,2026-10-01T21:06:14+00:00,2,1,1,0,explicit_spam,0.95,"max_source_weight=0.95 -> 42.8 | best_evidence=explicit_spam -> +25.0 | independent_spam_groups=1 -> +0.0 | seen_runs=1 -> +0.0 | age_days=2 -> recency +8.0, stale 0.0 | safe_groups=0 -> 0.0"
854794733,75.8,BLOCK,2026-10-01T21:06:14+00:00,2026-10-01T21:06:14+00:00,2,1,1,0,explicit_spam,0.95,"max_source_weight=0.95 -> 42.8 | best_evidence=explicit_spam -> +25.0 | independent_spam_groups=1 -> +0.0 | seen_runs=1 -> +0.0 | age_days=2 -> recency +8.0, stale 0.0 | safe_groups=0 -> 0.0"
854900331,75.8,BLOCK,2026-09-30T20:53:12+00:00,2026-09-30T20:53:12+00:00,3,1,1,0,explicit_spam,0.95,"max_source_weight=0.95 -> 42.8 | best_evidence=explicit_spam -> +25.0 | independent_spam_groups=1 -> +0.0 | seen_runs=1 -> +0.0 | age_days=3 -> recency +8.0, stale 0.0 | safe_groups=0 -> 0.0"
865459298,75.8,BLOCK,2026-09-30T20:53:12+00:00,2026-09-30T20:53:12+00:00,3,1,1,0,explicit_spam,0.95,"max_source_weight=0.95 -> 42.8 | best_evidence=explicit_spam -> +25.0 | independent_spam_groups=1 -> +0.0 | seen_runs=1 -> +0.0 | age_days=3 -> recency +8.0, stale 0.0 | safe_groups=0 -> 0.0"
865459387,75.8,BLOCK,2026-10-02T20:50:00+00:00,2026-10-02T20:50:00+00:00,1,1,1,0,explicit_spam,0.95,"max_source_weight=0.95 -> 42.8 | best_evidence=explicit_spam -> +25.0 | independent_spam_groups=1 -> +0.0 | seen_runs=1 -> +0.0 | age_days=1 -> recency +8.0, stale 0.0 | safe_groups=0 -> 0.0"
872296021,75.8,BLOCK,2026-10-03T19:18:00+00:00,2026-10-03T19:18:00+00:00,1,1,1,0,explicit_spam,0.95,"max_source_weight=0.95 -> 42.8 | best_evidence=explicit_spam -> +25.0 | independent_spam_groups=1 -> +0.0 | seen_runs=1 -> +0.0 | age_days=1 -> recency +8.0, stale 0.0 | safe_groups=0 -> 0.0"
910629725,75.8,BLOCK,2026-10-02T20:50:00+00:00,2026-10-02T20:50:00+00:00,1,1,1,0,explicit_spam,0.95,"max_source_weight=0.95 -> 42.8 | best_evidence=explicit_spam -> +25.0 | independent_spam_groups=1 -> +0.0 | seen_runs=1 -> +0.0 | age_days=1 -> recency +8.0, stale 0.0 | safe_groups=0 -> 0.0"
910629736,75.8,BLOCK,2026-09-29T20:52:44+00:00,2026-09-29T20:52:44+00:00,4,1,1,0,explicit_spam,0.95,"max_source_weight=0.95 -> 42.8 | best_evidence=explicit_spam -> +25.0 | independent_spam_groups=1 -> +0.0 | seen_runs=1 -> +0.0 | age_days=4 -> recency +8.0, stale 0.0 | safe_groups=0 -> 0.0"
911096298,75.8,BLOCK,2026-10-01T21:06:14+00:00,2026-10-01T21:06:14+00:00,2,1,1,0,explicit_spam,0.95,"max_source_weight=0.95 -> 42.8 | best_evidence=explicit_spam -> +25.0 | independent_spam_groups=1 -> +0.0 | seen_runs=1 -> +0.0 | age_days=2 -> recency +8.0, stale 0.0 | safe_groups=0 -> 0.0"
911174193,75.8,BLOCK,2026-09-30T20:53:12+00:00,2026-09-30T20:53:12+00:00,3,1,1,0,explicit_spam,0.95,"max_source_weight=0.95 -> 42.8 | best_evidence=explicit_spam -> +25.0 | independent_spam_groups=1 -> +0.0 | seen_runs=1 -> +0.0 | age_days=3 -> recency +8.0, stale 0.0 | safe_groups=0 -> 0.0"
919187798,75.8,BLOCK,2026-09-30T20:53:12+00:00,2026-09-30T20:53:12+00:00,3,1,1,0,explicit_spam,0.95,"max_source_weight=0.95 -> 42.8 | best_evidence=explicit_spam -> +25.0 | independent_spam_groups=1 -> +0.0 | seen_runs=1 -> +0.0 | age_days=3 -> recency +8.0, stale 0.0 | safe_groups=0 -> 0.0"
919341048,75.8,BLOCK,2026-09-29T20:52:44+00:00,2026-09-29T20:52:44+00:00,4,1,1,0,explicit_spam,0.95,"max_source_weight=0.95 -> 42.8 | best_evidence=explicit_spam -> +25.0 | independent_spam_groups=1 -> +0.0 | seen_runs=1 -> +0.0 | age_days=4 -> recency +8.0, stale 0.0 | safe_groups=0 -> 0.0"
919462880,75.8,BLOCK,2026-10-01T21:06:14+00:00,2026-10-01T21:06:14+00:00,2,1,1,0,explicit_spam,0.95,"max_source_weight=0.95 -> 42.8 | best_evidence=explicit_spam -> +25.0 | independent_spam_groups=1 -> +0.0 | seen_runs=1 -> +0.0 | age_days=2 -> recency +8.0, stale 0.0 | safe_groups=0 -> 0.0"
919898864,75.8,BLOCK,2026-10-03T19:18:00+00:00,2026-10-03T19:18:00+00:00,1,1,1,0,explicit_spam,0.95,"max_source_weight=0.95 -> 42.8 | best_evidence=explicit_spam -> +25.0 | independent_spam_groups=1 -> +0.0 | seen_runs=1 -> +0.0 | age_days=1 -> recency +8.0, stale 0.0 | safe_groups=0 -> 0.0"
930473484,75.8,BLOCK,2026-10-02T20:50:00+00:00,2026-10-02T20:50:00+00:00,1,1,1,0,explicit_spam,0.95,"max_source_weight=0.95 -> 42.8 | best_evidence=explicit_spam -> +25.0 | independent_spam_groups=1 -> +0.0 | seen_runs=1 -> +0.0 | age_days=1 -> recency +8.0, stale 0.0 | safe_groups=0 -> 0.0"
930479680,75.8,BLOCK,2026-09-30T20:53:12+00:00,2026-09-30T20:53:12+00:00,3,1,1,0,explicit_spam,0.95,"max_source_weight=0.95 -> 42.8 | best_evidence=explicit_spam -> +25.0 | independent_spam_groups=1 -> +0.0 | seen_runs=1 -> +0.0 | age_days=3 -> recency +8.0, stale 0.0 | safe_groups=0 -> 0.0"
931217472,75.8,BLOCK,2026-10-01T21:06:14+00:00,2026-10-01T21:06:14+00:00,2,1,1,0,explicit_spam,0.95,"max_source_weight=0.95 -> 42.8 | best_evidence=explicit_spam -> +25.0 | independent_spam_groups=1 -> +0.0 | seen_runs=1 -> +0.0 | age_days=2 -> recency +8.0, stale 0.0 | safe_groups=0 -> 0.0"
960204148,75.8,BLOCK,2026-10-02T20:50:00+00:00,2026-10-02T20:50:00+00:00,1,1,1,0,explicit_spam,0.95,"max_source_weight=0.95 -> 42.8 | best_evidence=explicit_spam -> +25.0 | independent_spam_groups=1 -> +0.0 | seen_runs=1 -> +0.0 | age_days=1 -> recency +8.0, stale 0.0 | safe_groups=0 -> 0.0"
960383229,75.8,BLOCK,2026-09-29T20:52:44+00:00,2026-09-29T20:52:44+00:00,4,1,1,0,explicit_spam,0.95,"max_source_weight=0.95 -> 42.8 | best_evidence=explicit_spam -> +25.0 | independent_spam_groups=1 -> +0.0 | seen_runs=1 -> +0.0 | age_days=4 -> recency +8.0, stale 0.0 | safe_groups=0 -> 0.0"
960383406,75.8,BLOCK,2026-10-01T21:06:14+00:00,2026-10-01T21:06:14+00:00,2,1,1,0,explicit_spam,0.95,"max_source_weight=0.95 -> 42.8 | best_evidence=explicit_spam -> +25.0 | independent_spam_groups=1 -> +0.0 | seen_runs=1 -> +0.0 | age_days=2 -> recency +8.0, stale 0.0 | safe_groups=0 -> 0.0"
961824068,75.8,BLOCK,2026-10-02T20:50:00+00:00,2026-10-02T20:50:00+00:00,1,1,1,0,explicit_spam,0.95,"max_source_weight=0.95 -> 42.8 | best_evidence=explicit_spam -> +25.0 | independent_spam_groups=1 -> +0.0 | seen_runs=1 -> +0.0 | age_days=1 -> recency +8.0, stale 0.0 | safe_groups=0 -> 0.0"
967831621,75.8,BLOCK,2026-10-02T20:50:00+00:00,2026-10-02T20:50:00+00:00,1,1,1,0,explicit_spam,0.95,"max_source_weight=0.95 -> 42.8 | best_evidence=explicit_spam -> +25.0 | independent_spam_groups=1 -> +0.0 | seen_runs=1 -> +0.0 | age_days=1 -> recency +8.0, stale 0.0 | safe_groups=0 -> 0.0"
967831639,75.8,BLOCK,2026-10-03T19:18:00+00:00,2026-10-03T19:18:00+00:00,1,1,1,0,explicit_spam,0.95,"max_source_weight=0.95 -> 42.8 | best_evidence=explicit_spam -> +25.0 | independent_spam_groups=1 -> +0.0 | seen_runs=1 -> +0.0 | age_days=1 -> recency +8.0, stale 0.0 | safe_groups=0 -> 0.0"
976817423,75.8,BLOCK,2026-09-30T20:53:12+00:00,2026-09-30T20:53:12+00:00,3,1,1,0,explicit_spam,0.95,"max_source_weight=0.95 -> 42.8 | best_evidence=explicit_spam -> +25.0 | independent_spam_groups=1 -> +0.0 | seen_runs=1 -> +0.0 | age_days=3 -> recency +8.0, stale 0.0 | safe_groups=0 -> 0.0"
982613018,75.8,BLOCK,2026-10-02T20:50:00+00:00,2026-10-02T20:50:00+00:00,1,1,1,0,explicit_spam,0.95,"max_source_weight=0.95 -> 42.8 | best_evidence=explicit_spam -> +25.0 | independent_spam_groups=1 -> +0.0 | seen_runs=1 -> +0.0 | age_days=1 -> recency +8.0, stale 0.0 | safe_groups=0 -> 0.0"
983573584,75.8,BLOCK,2026-09-30T20:53:12+00:00,2026-09-30T20:53:12+00:00,3,1,1,0,explicit_spam,0.95,"max_source_weight=0.95 -> 42.8 | best_evidence=explicit_spam -> +25.0 | independent_spam_groups=1 -> +0.0 | seen_runs=1 -> +0.0 | age_days=3 -> recency +8.0, stale 0.0 | safe_groups=0 -> 0.0"
984279066,75.8,BLOCK,2026-10-03T19:18:00+00:00,2026-10-03T19:18:00+00:00,1,1,1,0,explicit_spam,0.95,"max_source_weight=0.95 -> 42.8 | best_evidence=explicit_spam -> +25.0 | independent_spam_groups=1 -> +0.0 | seen_runs=1 -> +0.0 | age_days=1 -> recency +8.0, stale 0.0 | safe_groups=0 -> 0.0"
984802278,75.8,BLOCK,2026-10-01T21:06:14+00:00,2026-10-01T21:06:14+00:00,2,1,1,0,explicit_spam,0.95,"max_source_weight=0.95 -> 42.8 | best_evidence=explicit_spam -> +25.0 | independent_spam_groups=1 -> +0.0 | seen_runs=1 -> +0.0 | age_days=2 -> recency +8.0, stale 0.0 | safe_groups=0 -> 0.0"
930487232,73.9,BLOCK,2026-09-30T20:53:12+00:00,2026-10-01T21:06:14+00:00,2,2,1,0,explicit_spam,0.82,"max_source_weight=0.82 -> 36.9 | best_evidence=explicit_spam -> +25.0 | independent_spam_groups=1 -> +0.0 | seen_runs=2 -> +4.0 | age_days=2 -> recency +8.0, stale 0.0 | safe_groups=0 -> 0.0"
604011577,72.8,BLOCK,2026-09-18T19:06:05+00:00,2026-09-18T19:06:05+00:00,16,1,1,0,explicit_spam,0.95,"max_source_weight=0.95 -> 42.8 | best_evidence=explicit_spam -> +25.0 | independent_spam_groups=1 -> +0.0 | seen_runs=1 -> +0.0 | age_days=16 -> recency +5.0, stale 0.0 | safe_groups=0 -> 0.0"
607711810,72.8,BLOCK,2026-09-13T18:51:40+00:00,2026-09-13T18:51:40+00:00,21,1,1,0,explicit_spam,0.95,"max_source_weight=0.95 -> 42.8 | best_evidence=explicit_spam -> +25.0 | independent_spam_groups=1 -> +0.0 | seen_runs=1 -> +0.0 | age_days=21 -> recency +5.0, stale 0.0 | safe_groups=0 -> 0.0"
625008300,72.8,BLOCK,2026-09-25T20:05:11+00:00,2026-09-25T20:05:11+00:00,8,1,1,0,explicit_spam,0.95,"max_source_weight=0.95 -> 42.8 | best_evidence=explicit_spam -> +25.0 | independent_spam_groups=1 -> +0.0 | seen_runs=1 -> +0.0 | age_days=8 -> recency +5.0, stale 0.0 | safe_groups=0 -> 0.0"
650582729,72.8,BLOCK,2026-09-08T19:29:58+00:00,2026-09-08T19:29:58+00:00,26,1,1,0,explicit_spam,0.95,"max_source_weight=0.95 -> 42.8 | best_evidence=explicit_spam -> +25.0 | independent_spam_groups=1 -> +0.0 | seen_runs=1 -> +0.0 | age_days=26 -> recency +5.0, stale 0.0 | safe_groups=0 -> 0.0"
658128622,72.8,BLOCK,2026-09-17T19:47:48+00:00,2026-09-17T19:47:48+00:00,16,1,1,0,explicit_spam,0.95,"max_source_weight=0.95 -> 42.8 | best_evidence=explicit_spam -> +25.0 | independent_spam_groups=1 -> +0.0 | seen_runs=1 -> +0.0 | age_days=16 -> recency +5.0, stale 0.0 | safe_groups=0 -> 0.0"
658168854,72.8,BLOCK,2026-09-18T19:06:05+00:00,2026-09-18T19:06:05+00:00,16,1,1,0,explicit_spam,0.95,"max_source_weight=0.95 -> 42.8 | best_evidence=explicit_spam -> +25.0 | independent_spam_groups=1 -> +0.0 | seen_runs=1 -> +0.0 | age_days=16 -> recency +5.0, stale 0.0 | safe_groups=0 -> 0.0"
693128541,72.8,BLOCK,2026-09-11T19:13:24+00:00,2026-09-11T19:13:24+00:00,23,1,1,0,explicit_spam,0.95,"max_source_weight=0.95 -> 42.8 | best_evidence=explicit_spam -> +25.0 | independent_spam_groups=1 -> +0.0 | seen_runs=1 -> +0.0 | age_days=23 -> recency +5.0, stale 0.0 | safe_groups=0 -> 0.0"
825775813,72.8,BLOCK,2026-09-24T20:03:41+00:00,2026-09-24T20:03:41+00:00,9,1,1,0,explicit_spam,0.95,"max_source_weight=0.95 -> 42.8 | best_evidence=explicit_spam -> +25.0 | independent_spam_groups=1 -> +0.0 | seen_runs=1 -> +0.0 | age_days=9 -> recency +5.0, stale 0.0 | safe_groups=0 -> 0.0"
851816600,72.8,BLOCK,2026-09-25T20:05:11+00:00,2026-09-25T20:05:11+00:00,8,1,1,0,explicit_spam,0.95,"max_source_weight=0.95 -> 42.8 | best_evidence=explicit_spam -> +25.0 | independent_spam_groups=1 -> +0.0 | seen_runs=1 -> +0.0 | age_days=8 -> recency +5.0, stale 0.0 | safe_groups=0 -> 0.0"
851816695,72.8,BLOCK,2026-09-24T20:03:41+00:00,2026-09-24T20:03:41+00:00,9,1,1,0,explicit_spam,0.95,"max_source_weight=0.95 -> 42.8 | best_evidence=explicit_spam -> +25.0 | independent_spam_groups=1 -> +0.0 | seen_runs=1 -> +0.0 | age_days=9 -> recency +5.0, stale 0.0 | safe_groups=0 -> 0.0"
851823031,72.8,BLOCK,2026-09-11T19:13:24+00:00,2026-09-11T19:13:24+00:00,23,1,1,0,explicit_spam,0.95,"max_source_weight=0.95 -> 42.8 | best_evidence=explicit_spam -> +25.0 | independent_spam_groups=1 -> +0.0 | seen_runs=1 -> +0.0 | age_days=23 -> recency +5.0, stale 0.0 | safe_groups=0 -> 0.0"
851823498,72.8,BLOCK,2026-09-11T19:13:24+00:00,2026-09-11T19:13:24+00:00,23,1,1,0,explicit_spam,0.95,"max_source_weight=0.95 -> 42.8 | best_evidence=explicit_spam -> +25.0 | independent_spam_groups=1 -> +0.0 | seen_runs=1 -> +0.0 | age_days=23 -> recency +5.0, stale 0.0 | safe_groups=0 -> 0.0"
854794000,72.8,BLOCK,2026-09-10T19:11:24+00:00,2026-09-10T19:11:24+00:00,24,1,1,0,explicit_spam,0.95,"max_source_weight=0.95 -> 42.8 | best_evidence=explicit_spam -> +25.0 | independent_spam_groups=1 -> +0.0 | seen_runs=1 -> +0.0 | age_days=24 -> recency +5.0, stale 0.0 | safe_groups=0 -> 0.0"
854794175,72.8,BLOCK,2026-09-23T19:44:46+00:00,2026-09-23T19:44:46+00:00,10,1,1,0,explicit_spam,0.95,"max_source_weight=0.95 -> 42.8 | best_evidence=explicit_spam -> +25.0 | independent_spam_groups=1 -> +0.0 | seen_runs=1 -> +0.0 | age_days=10 -> recency +5.0, stale 0.0 | safe_groups=0 -> 0.0"
854794503,72.8,BLOCK,2026-09-23T19:44:46+00:00,2026-09-23T19:44:46+00:00,10,1,1,0,explicit_spam,0.95,"max_source_weight=0.95 -> 42.8 | best_evidence=explicit_spam -> +25.0 | independent_spam_groups=1 -> +0.0 | seen_runs=1 -> +0.0 | age_days=10 -> recency +5.0, stale 0.0 | safe_groups=0 -> 0.0"
854794510,72.8,BLOCK,2026-09-25T20:05:11+00:00,2026-09-25T20:05:11+00:00,8,1,1,0,explicit_spam,0.95,"max_source_weight=0.95 -> 42.8 | best_evidence=explicit_spam -> +25.0 | independent_spam_groups=1 -> +0.0 | seen_runs=1 -> +0.0 | age_days=8 -> recency +5.0, stale 0.0 | safe_groups=0 -> 0.0"
854794896,72.8,BLOCK,2026-09-08T19:29:58+00:00,2026-09-08T19:29:58+00:00,26,1,1,0,explicit_spam,0.95,"max_source_weight=0.95 -> 42.8 | best_evidence=explicit_spam -> +25.0 | independent_spam_groups=1 -> +0.0 | seen_runs=1 -> +0.0 | age_days=26 -> recency +5.0, stale 0.0 | safe_groups=0 -> 0.0"
865459300,72.8,BLOCK,2026-09-10T19:11:24+00:00,2026-09-10T19:11:24+00:00,24,1,1,0,explicit_spam,0.95,"max_source_weight=0.95 -> 42.8 | best_evidence=explicit_spam -> +25.0 | independent_spam_groups=1 -> +0.0 | seen_runs=1 -> +0.0 | age_days=24 -> recency +5.0, stale 0.0 | safe_groups=0 -> 0.0"
868293189,72.8,BLOCK,2026-09-17T19:47:48+00:00,2026-09-17T19:47:48+00:00,16,1,1,0,explicit_spam,0.95,"max_source_weight=0.95 -> 42.8 | best_evidence=explicit_spam -> +25.0 | independent_spam_groups=1 -> +0.0 | seen_runs=1 -> +0.0 | age_days=16 -> recency +5.0, stale 0.0 | safe_groups=0 -> 0.0"
914104958,72.8,BLOCK,2026-09-26T19:17:09+00:00,2026-09-26T19:17:09+00:00,8,1,1,0,explicit_spam,0.95,"max_source_weight=0.95 -> 42.8 | best_evidence=explicit_spam -> +25.0 | independent_spam_groups=1 -> +0.0 | seen_runs=1 -> +0.0 | age_days=8 -> recency +5.0, stale 0.0 | safe_groups=0 -> 0.0"
914187988,72.8,BLOCK,2026-09-24T20:03:41+00:00,2026-09-24T20:03:41+00:00,9,1,1,0,explicit_spam,0.95,"max_source_weight=0.95 -> 42.8 | best_evidence=explicit_spam -> +25.0 | independent_spam_groups=1 -> +0.0 | seen_runs=1 -> +0.0 | age_days=9 -> recency +5.0, stale 0.0 | safe_groups=0 -> 0.0"
917938565,72.8,BLOCK,2026-09-26T19:17:09+00:00,2026-09-26T19:17:09+00:00,8,1,1,0,explicit_spam,0.95,"max_source_weight=0.95 -> 42.8 | best_evidence=explicit_spam -> +25.0 | independent_spam_groups=1 -> +0.0 | seen_runs=1 -> +0.0 | age_days=8 -> recency +5.0, stale 0.0 | safe_groups=0 -> 0.0"
917938671,72.8,BLOCK,2026-09-17T19:47:48+00:00,2026-09-17T19:47:48+00:00,16,1,1,0,explicit_spam,0.95,"max_source_weight=0.95 -> 42.8 | best_evidence=explicit_spam -> +25.0 | independent_spam_groups=1 -> +0.0 | seen_runs=1 -> +0.0 | age_days=16 -> recency +5.0, stale 0.0 | safe_groups=0 -> 0.0"
917943131,72.8,BLOCK,2026-09-15T19:45:50+00:00,2026-09-15T19:45:50+00:00,18,1,1,0,explicit_spam,0.95,"max_source_weight=0.95 -> 42.8 | best_evidence=explicit_spam -> +25.0 | independent_spam_groups=1 -> +0.0 | seen_runs=1 -> +0.0 | age_days=18 -> recency +5.0, stale 0.0 | safe_groups=0 -> 0.0"
919462087,72.8,BLOCK,2026-09-16T19:37:49+00:00,2026-09-16T19:37:49+00:00,18,1,1,0,explicit_spam,0.95,"max_source_weight=0.95 -> 42.8 | best_evidence=explicit_spam -> +25.0 | independent_spam_groups=1 -> +0.0 | seen_runs=1 -> +0.0 | age_days=18 -> recency +5.0, stale 0.0 | safe_groups=0 -> 0.0"
919462645,72.8,BLOCK,2026-09-18T19:06:05+00:00,2026-09-18T19:06:05+00:00,16,1,1,0,explicit_spam,0.95,"max_source_weight=0.95 -> 42.8 | best_evidence=explicit_spam -> +25.0 | independent_spam_groups=1 -> +0.0 | seen_runs=1 -> +0.0 | age_days=16 -> recency +5.0, stale 0.0 | safe_groups=0 -> 0.0"
919694279,72.8,BLOCK,2026-09-25T20:05:11+00:00,2026-09-25T20:05:11+00:00,8,1,1,0,explicit_spam,0.95,"max_source_weight=0.95 -> 42.8 | best_evidence=explicit_spam -> +25.0 | independent_spam_groups=1 -> +0.0 | seen_runs=1 -> +0.0 | age_days=8 -> recency +5.0, stale 0.0 | safe_groups=0 -> 0.0"
919973482,72.8,BLOCK,2026-09-26T19:17:09+00:00,2026-09-26T19:17:09+00:00,8,1,1,0,explicit_spam,0.95,"max_source_weight=0.95 -> 42.8 | best_evidence=explicit_spam -> +25.0 | independent_spam_groups=1 -> +0.0 | seen_runs=1 -> +0.0 | age_days=8 -> recency +5.0, stale 0.0 | safe_groups=0 -> 0.0"
919975357,72.8,BLOCK,2026-09-17T19:47:48+00:00,2026-09-17T19:47:48+00:00,16,1,1,0,explicit_spam,0.95,"max_source_weight=0.95 -> 42.8 | best_evidence=explicit_spam -> +25.0 | independent_spam_groups=1 -> +0.0 | seen_runs=1 -> +0.0 | age_days=16 -> recency +5.0, stale 0.0 | safe_groups=0 -> 0.0"
919976561,72.8,BLOCK,2026-09-11T19:13:24+00:00,2026-09-11T19:13:24+00:00,23,1,1,0,explicit_spam,0.95,"max_source_weight=0.95 -> 42.8 | best_evidence=explicit_spam -> +25.0 | independent_spam_groups=1 -> +0.0 | seen_runs=1 -> +0.0 | age_days=23 -> recency +5.0, stale 0.0 | safe_groups=0 -> 0.0"
919992724,72.8,BLOCK,2026-09-17T19:47:48+00:00,2026-09-17T19:47:48+00:00,16,1,1,0,explicit_spam,0.95,"max_source_weight=0.95 -> 42.8 | best_evidence=explicit_spam -> +25.0 | independent_spam_groups=1 -> +0.0 | seen_runs=1 -> +0.0 | age_days=16 -> recency +5.0, stale 0.0 | safe_groups=0 -> 0.0"
927684453,72.8,BLOCK,2026-09-18T19:06:05+00:00,2026-09-18T19:06:05+00:00,16,1,1,0,explicit_spam,0.95,"max_source_weight=0.95 -> 42.8 | best_evidence=explicit_spam -> +25.0 | independent_spam_groups=1 -> +0.0 | seen_runs=1 -> +0.0 | age_days=16 -> recency +5.0, stale 0.0 | safe_groups=0 -> 0.0"
930958140,72.8,BLOCK,2026-09-12T18:28:48+00:00,2026-09-12T18:28:48+00:00,22,1,1,0,explicit_spam,0.95,"max_source_weight=0.95 -> 42.8 | best_evidence=explicit_spam -> +25.0 | independent_spam_groups=1 -> +0.0 | seen_runs=1 -> +0.0 | age_days=22 -> recency +5.0, stale 0.0 | safe_groups=0 -> 0.0"
931202901,72.8,BLOCK,2026-09-09T19:21:13+00:00,2026-09-09T19:21:13+00:00,25,1,1,0,explicit_spam,0.95,"max_source_weight=0.95 -> 42.8 | best_evidence=explicit_spam -> +25.0 | independent_spam_groups=1 -> +0.0 | seen_runs=1 -> +0.0 | age_days=25 -> recency +5.0, stale 0.0 | safe_groups=0 -> 0.0"
931356759,72.8,BLOCK,2026-09-23T19:44:46+00:00,2026-09-23T19:44:46+00:00,10,1,1,0,explicit_spam,0.95,"max_source_weight=0.95 -> 42.8 | best_evidence=explicit_spam -> +25.0 | independent_spam_groups=1 -> +0.0 | seen_runs=1 -> +0.0 | age_days=10 -> recency +5.0, stale 0.0 | safe_groups=0 -> 0.0"
942512604,72.8,BLOCK,2026-09-10T19:11:24+00:00,2026-09-10T19:11:24+00:00,24,1,1,0,explicit_spam,0.95,"max_source_weight=0.95 -> 42.8 | best_evidence=explicit_spam -> +25.0 | independent_spam_groups=1 -> +0.0 | seen_runs=1 -> +0.0 | age_days=24 -> recency +5.0, stale 0.0 | safe_groups=0 -> 0.0"
946988679,72.8,BLOCK,2026-09-10T19:11:24+00:00,2026-09-10T19:11:24+00:00,24,1,1,0,explicit_spam,0.95,"max_source_weight=0.95 -> 42.8 | best_evidence=explicit_spam -> +25.0 | independent_spam_groups=1 -> +0.0 | seen_runs=1 -> +0.0 | age_days=24 -> recency +5.0, stale 0.0 | safe_groups=0 -> 0.0"
953172181,72.8,BLOCK,2026-09-26T19:17:09+00:00,2026-09-26T19:17:09+00:00,8,1,1,0,explicit_spam,0.95,"max_source_weight=0.95 -> 42.8 | best_evidence=explicit_spam -> +25.0 | independent_spam_groups=1 -> +0.0 | seen_runs=1 -> +0.0 | age_days=8 -> recency +5.0, stale 0.0 | safe_groups=0 -> 0.0"
960135014,72.8,BLOCK,2026-09-26T19:17:09+00:00,2026-09-26T19:17:09+00:00,8,1,1,0,explicit_spam,0.95,"max_source_weight=0.95 -> 42.8 | best_evidence=explicit_spam -> +25.0 | independent_spam_groups=1 -> +0.0 | seen_runs=1 -> +0.0 | age_days=8 -> recency +5.0, stale 0.0 | safe_groups=0 -> 0.0"
960207915,72.8,BLOCK,2026-09-11T19:13:24+00:00,2026-09-11T19:13:24+00:00,23,1,1,0,explicit_spam,0.95,"max_source_weight=0.95 -> 42.8 | best_evidence=explicit_spam -> +25.0 | independent_spam_groups=1 -> +0.0 | seen_runs=1 -> +0.0 | age_days=23 -> recency +5.0, stale 0.0 | safe_groups=0 -> 0.0"
960383061,72.8,BLOCK,2026-09-25T20:05:11+00:00,2026-09-25T20:05:11+00:00,8,1,1,0,explicit_spam,0.95,"max_source_weight=0.95 -> 42.8 | best_evidence=explicit_spam -> +25.0 | independent_spam_groups=1 -> +0.0 | seen_runs=1 -> +0.0 | age_days=8 -> recency +5.0, stale 0.0 | safe_groups=0 -> 0.0"
960383146,72.8,BLOCK,2026-09-11T19:13:24+00:00,2026-09-11T19:13:24+00:00,23,1,1,0,explicit_spam,0.95,"max_source_weight=0.95 -> 42.8 | best_evidence=explicit_spam -> +25.0 | independent_spam_groups=1 -> +0.0 | seen_runs=1 -> +0.0 | age_days=23 -> recency +5.0, stale 0.0 | safe_groups=0 -> 0.0"
960383217,72.8,BLOCK,2026-09-17T19:47:48+00:00,2026-09-17T19:47:48+00:00,16,1,1,0,explicit_spam,0.95,"max_source_weight=0.95 -> 42.8 | best_evidence=explicit_spam -> +25.0 | independent_spam_groups=1 -> +0.0 | seen_runs=1 -> +0.0 | age_days=16 -> recency +5.0, stale 0.0 | safe_groups=0 -> 0.0"
960383404,72.8,BLOCK,2026-09-12T18:28:48+00:00,2026-09-12T18:28:48+00:00,22,1,1,0,explicit_spam,0.95,"max_source_weight=0.95 -> 42.8 | best_evidence=explicit_spam -> +25.0 | independent_spam_groups=1 -> +0.0 | seen_runs=1 -> +0.0 | age_days=22 -> recency +5.0, stale 0.0 | safe_groups=0 -> 0.0"
960383419,72.8,BLOCK,2026-09-16T19:37:49+00:00,2026-09-16T19:37:49+00:00,18,1,1,0,explicit_spam,0.95,"max_source_weight=0.95 -> 42.8 | best_evidence=explicit_spam -> +25.0 | independent_spam_groups=1 -> +0.0 | seen_runs=1 -> +0.0 | age_days=18 -> recency +5.0, stale 0.0 | safe_groups=0 -> 0.0"
960383422,72.8,BLOCK,2026-09-11T19:13:24+00:00,2026-09-11T19:13:24+00:00,23,1,1,0,explicit_spam,0.95,"max_source_weight=0.95 -> 42.8 | best_evidence=explicit_spam -> +25.0 | independent_spam_groups=1 -> +0.0 | seen_runs=1 -> +0.0 | age_days=23 -> recency +5.0, stale 0.0 | safe_groups=0 -> 0.0"
960383449,72.8,BLOCK,2026-09-15T19:45:50+00:00,2026-09-15T19:45:50+00:00,18,1,1,0,explicit_spam,0.95,"max_source_weight=0.95 -> 42.8 | best_evidence=explicit_spam -> +25.0 | independent_spam_groups=1 -> +0.0 | seen_runs=1 -> +0.0 | age_days=18 -> recency +5.0, stale 0.0 | safe_groups=0 -> 0.0"
960383925,72.8,BLOCK,2026-09-17T19:47:48+00:00,2026-09-17T19:47:48+00:00,16,1,1,0,explicit_spam,0.95,"max_source_weight=0.95 -> 42.8 | best_evidence=explicit_spam -> +25.0 | independent_spam_groups=1 -> +0.0 | seen_runs=1 -> +0.0 | age_days=16 -> recency +5.0, stale 0.0 | safe_groups=0 -> 0.0"
965274361,72.8,BLOCK,2026-09-09T19:21:13+00:00,2026-09-09T19:21:13+00:00,25,1,1,0,explicit_spam,0.95,"max_source_weight=0.95 -> 42.8 | best_evidence=explicit_spam -> +25.0 | independent_spam_groups=1 -> +0.0 | seen_runs=1 -> +0.0 | age_days=25 -> recency +5.0, stale 0.0 | safe_groups=0 -> 0.0"
967921058,72.8,BLOCK,2026-09-11T19:13:24+00:00,2026-09-11T19:13:24+00:00,23,1,1,0,explicit_spam,0.95,"max_source_weight=0.95 -> 42.8 | best_evidence=explicit_spam -> +25.0 | independent_spam_groups=1 -> +0.0 | seen_runs=1 -> +0.0 | age_days=23 -> recency +5.0, stale 0.0 | safe_groups=0 -> 0.0"
973932061,72.8,BLOCK,2026-09-14T20:22:20+00:00,2026-09-14T20:22:20+00:00,19,1,1,0,explicit_spam,0.95,"max_source_weight=0.95 -> 42.8 | best_evidence=explicit_spam -> +25.0 | independent_spam_groups=1 -> +0.0 | seen_runs=1 -> +0.0 | age_days=19 -> recency +5.0, stale 0.0 | safe_groups=0 -> 0.0"
975083002,72.8,BLOCK,2026-09-24T20:03:41+00:00,2026-09-24T20:03:41+00:00,9,1,1,0,explicit_spam,0.95,"max_source_weight=0.95 -> 42.8 | best_evidence=explicit_spam -> +25.0 | independent_spam_groups=1 -> +0.0 | seen_runs=1 -> +0.0 | age_days=9 -> recency +5.0, stale 0.0 | safe_groups=0 -> 0.0"
984279117,72.8,BLOCK,2026-09-12T18:28:48+00:00,2026-09-12T18:28:48+00:00,22,1,1,0,explicit_spam,0.95,"max_source_weight=0.95 -> 42.8 | best_evidence=explicit_spam -> +25.0 | independent_spam_groups=1 -> +0.0 | seen_runs=1 -> +0.0 | age_days=22 -> recency +5.0, stale 0.0 | safe_groups=0 -> 0.0"
984279231,72.8,BLOCK,2026-09-18T19:06:05+00:00,2026-09-18T19:06:05+00:00,16,1,1,0,explicit_spam,0.95,"max_source_weight=0.95 -> 42.8 | best_evidence=explicit_spam -> +25.0 | independent_spam_groups=1 -> +0.0 | seen_runs=1 -> +0.0 | age_days=16 -> recency +5.0, stale 0.0 | safe_groups=0 -> 0.0"
652123104,71.8,BLOCK,2026-08-25T20:48:08+00:00,2026-09-02T19:27:12+00:00,32,4,1,0,explicit_spam,0.95,"max_source_weight=0.95 -> 42.8 | best_evidence=explicit_spam -> +25.0 | independent_spam_groups=1 -> +0.0 | seen_runs=4 -> +12.0 | age_days=32 -> recency +2.0, stale 10.0 | safe_groups=0 -> 0.0"
851823253,71.8,BLOCK,2026-08-29T00:37:48+00:00,2026-09-03T19:21:36+00:00,31,4,1,0,explicit_spam,0.95,"max_source_weight=0.95 -> 42.8 | best_evidence=explicit_spam -> +25.0 | independent_spam_groups=1 -> +0.0 | seen_runs=4 -> +12.0 | age_days=31 -> recency +2.0, stale 10.0 | safe_groups=0 -> 0.0"
851823558,71.8,BLOCK,2026-08-25T20:48:08+00:00,2026-08-29T19:28:26+00:00,36,5,1,0,explicit_spam,0.95,"max_source_weight=0.95 -> 42.8 | best_evidence=explicit_spam -> +25.0 | independent_spam_groups=1 -> +0.0 | seen_runs=5 -> +12.0 | age_days=36 -> recency +2.0, stale 10.0 | safe_groups=0 -> 0.0"
854794730,71.8,BLOCK,2026-08-29T19:28:26+00:00,2026-09-03T19:21:36+00:00,31,5,1,0,explicit_spam,0.95,"max_source_weight=0.95 -> 42.8 | best_evidence=explicit_spam -> +25.0 | independent_spam_groups=1 -> +0.0 | seen_runs=5 -> +12.0 | age_days=31 -> recency +2.0, stale 10.0 | safe_groups=0 -> 0.0"
856638955,71.8,BLOCK,2026-08-25T20:48:08+00:00,2026-09-01T19:28:04+00:00,33,6,1,0,explicit_spam,0.95,"max_source_weight=0.95 -> 42.8 | best_evidence=explicit_spam -> +25.0 | independent_spam_groups=1 -> +0.0 | seen_runs=6 -> +12.0 | age_days=33 -> recency +2.0, stale 10.0 | safe_groups=0 -> 0.0"
919462059,71.8,BLOCK,2026-08-25T20:48:08+00:00,2026-08-29T19:28:26+00:00,36,4,1,0,explicit_spam,0.95,"max_source_weight=0.95 -> 42.8 | best_evidence=explicit_spam -> +25.0 | independent_spam_groups=1 -> +0.0 | seen_runs=4 -> +12.0 | age_days=36 -> recency +2.0, stale 10.0 | safe_groups=0 -> 0.0"
919462086,71.8,BLOCK,2026-08-25T20:48:08+00:00,2026-09-01T19:28:04+00:00,33,5,1,0,explicit_spam,0.95,"max_source_weight=0.95 -> 42.8 | best_evidence=explicit_spam -> +25.0 | independent_spam_groups=1 -> +0.0 | seen_runs=5 -> +12.0 | age_days=33 -> recency +2.0, stale 10.0 | safe_groups=0 -> 0.0"
919790700,71.8,BLOCK,2026-08-28T01:00:53+00:00,2026-09-02T19:27:12+00:00,32,5,1,0,explicit_spam,0.95,"max_source_weight=0.95 -> 42.8 | best_evidence=explicit_spam -> +25.0 | independent_spam_groups=1 -> +0.0 | seen_runs=5 -> +12.0 | age_days=32 -> recency +2.0, stale 10.0 | safe_groups=0 -> 0.0"
919790731,71.8,BLOCK,2026-08-29T00:37:48+00:00,2026-09-02T19:27:12+00:00,32,5,1,0,explicit_spam,0.95,"max_source_weight=0.95 -> 42.8 | best_evidence=explicit_spam -> +25.0 | independent_spam_groups=1 -> +0.0 | seen_runs=5 -> +12.0 | age_days=32 -> recency +2.0, stale 10.0 | safe_groups=0 -> 0.0"
919973074,71.8,BLOCK,2026-08-25T20:48:08+00:00,2026-09-02T19:27:12+00:00,32,7,1,0,explicit_spam,0.95,"max_source_weight=0.95 -> 42.8 | best_evidence=explicit_spam -> +25.0 | independent_spam_groups=1 -> +0.0 | seen_runs=7 -> +12.0 | age_days=32 -> recency +2.0, stale 10.0 | safe_groups=0 -> 0.0"
927684560,71.8,BLOCK,2026-08-25T20:48:08+00:00,2026-08-29T19:28:26+00:00,36,4,1,0,explicit_spam,0.95,"max_source_weight=0.95 -> 42.8 | best_evidence=explicit_spam -> +25.0 | independent_spam_groups=1 -> +0.0 | seen_runs=4 -> +12.0 | age_days=36 -> recency +2.0, stale 10.0 | safe_groups=0 -> 0.0"
930487465,71.8,BLOCK,2026-08-25T20:48:08+00:00,2026-09-02T19:27:12+00:00,32,7,1,0,explicit_spam,0.95,"max_source_weight=0.95 -> 42.8 | best_evidence=explicit_spam -> +25.0 | independent_spam_groups=1 -> +0.0 | seen_runs=7 -> +12.0 | age_days=32 -> recency +2.0, stale 10.0 | safe_groups=0 -> 0.0"
967831671,71.8,BLOCK,2026-08-25T20:48:08+00:00,2026-09-02T19:27:12+00:00,32,8,1,0,explicit_spam,0.95,"max_source_weight=0.95 -> 42.8 | best_evidence=explicit_spam -> +25.0 | independent_spam_groups=1 -> +0.0 | seen_runs=8 -> +12.0 | age_days=32 -> recency +2.0, stale 10.0 | safe_groups=0 -> 0.0"
828913779,70.9,BLOCK,2026-09-16T19:37:49+00:00,2026-09-17T19:47:48+00:00,16,2,1,0,explicit_spam,0.82,"max_source_weight=0.82 -> 36.9 | best_evidence=explicit_spam -> +25.0 | independent_spam_groups=1 -> +0.0 | seen_runs=2 -> +4.0 | age_days=16 -> recency +5.0, stale 0.0 | safe_groups=0 -> 0.0"
923808873,70.9,BLOCK,2026-09-03T19:21:36+00:00,2026-09-04T19:03:03+00:00,30,2,1,0,explicit_spam,0.82,"max_source_weight=0.82 -> 36.9 | best_evidence=explicit_spam -> +25.0 | independent_spam_groups=1 -> +0.0 | seen_runs=2 -> +4.0 | age_days=30 -> recency +5.0, stale 0.0 | safe_groups=0 -> 0.0"
927699515,69.9,REVIEW,2026-10-01T21:06:14+00:00,2026-10-01T21:06:14+00:00,2,1,1,0,explicit_spam,0.82,"max_source_weight=0.82 -> 36.9 | best_evidence=explicit_spam -> +25.0 | independent_spam_groups=1 -> +0.0 | seen_runs=1 -> +0.0 | age_days=2 -> recency +8.0, stale 0.0 | safe_groups=0 -> 0.0"
960270896,69.9,REVIEW,2026-10-01T21:06:14+00:00,2026-10-01T21:06:14+00:00,2,1,1,0,explicit_spam,0.82,"max_source_weight=0.82 -> 36.9 | best_evidence=explicit_spam -> +25.0 | independent_spam_groups=1 -> +0.0 | seen_runs=1 -> +0.0 | age_days=2 -> recency +8.0, stale 0.0 | safe_groups=0 -> 0.0"
851823252,67.8,REVIEW,2026-08-26T17:34:45+00:00,2026-08-29T00:37:48+00:00,36,3,1,0,explicit_spam,0.95,"max_source_weight=0.95 -> 42.8 | best_evidence=explicit_spam -> +25.0 | independent_spam_groups=1 -> +0.0 | seen_runs=3 -> +8.0 | age_days=36 -> recency +2.0, stale 10.0 | safe_groups=0 -> 0.0"
857705083,67.8,REVIEW,2026-08-29T19:28:26+00:00,2026-09-03T19:21:36+00:00,31,3,1,0,explicit_spam,0.95,"max_source_weight=0.95 -> 42.8 | best_evidence=explicit_spam -> +25.0 | independent_spam_groups=1 -> +0.0 | seen_runs=3 -> +8.0 | age_days=31 -> recency +2.0, stale 10.0 | safe_groups=0 -> 0.0"
910203782,67.8,REVIEW,2026-08-25T20:48:08+00:00,2026-08-28T01:00:53+00:00,37,3,1,0,explicit_spam,0.95,"max_source_weight=0.95 -> 42.8 | best_evidence=explicit_spam -> +25.0 | independent_spam_groups=1 -> +0.0 | seen_runs=3 -> +8.0 | age_days=37 -> recency +2.0, stale 10.0 | safe_groups=0 -> 0.0"
910612118,67.8,REVIEW,2026-08-25T20:48:08+00:00,2026-08-29T00:37:48+00:00,36,3,1,0,explicit_spam,0.95,"max_source_weight=0.95 -> 42.8 | best_evidence=explicit_spam -> +25.0 | independent_spam_groups=1 -> +0.0 | seen_runs=3 -> +8.0 | age_days=36 -> recency +2.0, stale 10.0 | safe_groups=0 -> 0.0"
910612133,67.8,REVIEW,2026-08-26T17:34:45+00:00,2026-08-29T00:37:48+00:00,36,3,1,0,explicit_spam,0.95,"max_source_weight=0.95 -> 42.8 | best_evidence=explicit_spam -> +25.0 | independent_spam_groups=1 -> +0.0 | seen_runs=3 -> +8.0 | age_days=36 -> recency +2.0, stale 10.0 | safe_groups=0 -> 0.0"
919462612,67.8,REVIEW,2026-08-25T20:48:08+00:00,2026-08-29T19:28:26+00:00,36,3,1,0,explicit_spam,0.95,"max_source_weight=0.95 -> 42.8 | best_evidence=explicit_spam -> +25.0 | independent_spam_groups=1 -> +0.0 | seen_runs=3 -> +8.0 | age_days=36 -> recency +2.0, stale 10.0 | safe_groups=0 -> 0.0"
919590497,67.8,REVIEW,2026-08-25T20:48:08+00:00,2026-08-28T01:00:53+00:00,37,3,1,0,explicit_spam,0.95,"max_source_weight=0.95 -> 42.8 | best_evidence=explicit_spam -> +25.0 | independent_spam_groups=1 -> +0.0 | seen_runs=3 -> +8.0 | age_days=37 -> recency +2.0, stale 10.0 | safe_groups=0 -> 0.0"
919895918,67.8,REVIEW,2026-09-01T19:28:04+00:00,2026-09-03T19:21:36+00:00,31,3,1,0,explicit_spam,0.95,"max_source_weight=0.95 -> 42.8 | best_evidence=explicit_spam -> +25.0 | independent_spam_groups=1 -> +0.0 | seen_runs=3 -> +8.0 | age_days=31 -> recency +2.0, stale 10.0 | safe_groups=0 -> 0.0"
919973072,67.8,REVIEW,2026-08-29T19:28:26+00:00,2026-09-02T19:27:12+00:00,32,3,1,0,explicit_spam,0.95,"max_source_weight=0.95 -> 42.8 | best_evidence=explicit_spam -> +25.0 | independent_spam_groups=1 -> +0.0 | seen_runs=3 -> +8.0 | age_days=32 -> recency +2.0, stale 10.0 | safe_groups=0 -> 0.0"
927684558,67.8,REVIEW,2026-08-25T20:48:08+00:00,2026-08-28T01:00:53+00:00,37,3,1,0,explicit_spam,0.95,"max_source_weight=0.95 -> 42.8 | best_evidence=explicit_spam -> +25.0 | independent_spam_groups=1 -> +0.0 | seen_runs=3 -> +8.0 | age_days=37 -> recency +2.0, stale 10.0 | safe_groups=0 -> 0.0"
930487739,67.8,REVIEW,2026-08-28T01:00:53+00:00,2026-09-01T19:28:04+00:00,33,3,1,0,explicit_spam,0.95,"max_source_weight=0.95 -> 42.8 | best_evidence=explicit_spam -> +25.0 | independent_spam_groups=1 -> +0.0 | seen_runs=3 -> +8.0 | age_days=33 -> recency +2.0, stale 10.0 | safe_groups=0 -> 0.0"
960383200,67.8,REVIEW,2026-08-26T17:34:45+00:00,2026-08-29T00:37:48+00:00,36,3,1,0,explicit_spam,0.95,"max_source_weight=0.95 -> 42.8 | best_evidence=explicit_spam -> +25.0 | independent_spam_groups=1 -> +0.0 | seen_runs=3 -> +8.0 | age_days=36 -> recency +2.0, stale 10.0 | safe_groups=0 -> 0.0"
960669013,67.8,REVIEW,2026-08-25T20:48:08+00:00,2026-08-28T01:00:53+00:00,37,3,1,0,explicit_spam,0.95,"max_source_weight=0.95 -> 42.8 | best_evidence=explicit_spam -> +25.0 | independent_spam_groups=1 -> +0.0 | seen_runs=3 -> +8.0 | age_days=37 -> recency +2.0, stale 10.0 | safe_groups=0 -> 0.0"
967831669,67.8,REVIEW,2026-08-25T20:48:08+00:00,2026-08-28T01:00:53+00:00,37,3,1,0,explicit_spam,0.95,"max_source_weight=0.95 -> 42.8 | best_evidence=explicit_spam -> +25.0 | independent_spam_groups=1 -> +0.0 | seen_runs=3 -> +8.0 | age_days=37 -> recency +2.0, stale 10.0 | safe_groups=0 -> 0.0"
967831701,67.8,REVIEW,2026-08-25T20:48:08+00:00,2026-08-28T01:00:53+00:00,37,3,1,0,explicit_spam,0.95,"max_source_weight=0.95 -> 42.8 | best_evidence=explicit_spam -> +25.0 | independent_spam_groups=1 -> +0.0 | seen_runs=3 -> +8.0 | age_days=37 -> recency +2.0, stale 10.0 | safe_groups=0 -> 0.0"
944342851,66.9,REVIEW,2026-09-17T19:47:48+00:00,2026-09-17T19:47:48+00:00,16,1,1,0,explicit_spam,0.82,"max_source_weight=0.82 -> 36.9 | best_evidence=explicit_spam -> +25.0 | independent_spam_groups=1 -> +0.0 | seen_runs=1 -> +0.0 | age_days=16 -> recency +5.0, stale 0.0 | safe_groups=0 -> 0.0"
651728561,65.9,REVIEW,2026-08-25T20:48:08+00:00,2026-08-30T19:23:11+00:00,35,6,1,0,explicit_spam,0.82,"max_source_weight=0.82 -> 36.9 | best_evidence=explicit_spam -> +25.0 | independent_spam_groups=1 -> +0.0 | seen_runs=6 -> +12.0 | age_days=35 -> recency +2.0, stale 10.0 | safe_groups=0 -> 0.0"
690829335,65.9,REVIEW,2026-08-25T20:48:08+00:00,2026-08-30T19:23:11+00:00,35,6,1,0,explicit_spam,0.82,"max_source_weight=0.82 -> 36.9 | best_evidence=explicit_spam -> +25.0 | independent_spam_groups=1 -> +0.0 | seen_runs=6 -> +12.0 | age_days=35 -> recency +2.0, stale 10.0 | safe_groups=0 -> 0.0"
930907857,65.9,REVIEW,2026-08-28T01:00:53+00:00,2026-08-30T19:23:11+00:00,35,4,1,0,explicit_spam,0.82,"max_source_weight=0.82 -> 36.9 | best_evidence=explicit_spam -> +25.0 | independent_spam_groups=1 -> +0.0 | seen_runs=4 -> +12.0 | age_days=35 -> recency +2.0, stale 10.0 | safe_groups=0 -> 0.0"
937371047,65.9,REVIEW,2026-08-26T17:34:45+00:00,2026-08-30T19:23:11+00:00,35,5,1,0,explicit_spam,0.82,"max_source_weight=0.82 -> 36.9 | best_evidence=explicit_spam -> +25.0 | independent_spam_groups=1 -> +0.0 | seen_runs=5 -> +12.0 | age_days=35 -> recency +2.0, stale 10.0 | safe_groups=0 -> 0.0"
640010431,63.8,REVIEW,2026-08-26T17:34:45+00:00,2026-08-28T01:00:53+00:00,37,2,1,0,explicit_spam,0.95,"max_source_weight=0.95 -> 42.8 | best_evidence=explicit_spam -> +25.0 | independent_spam_groups=1 -> +0.0 | seen_runs=2 -> +4.0 | age_days=37 -> recency +2.0, stale 10.0 | safe_groups=0 -> 0.0"
695020781,63.8,REVIEW,2026-08-25T20:48:08+00:00,2026-08-29T00:37:48+00:00,36,2,1,0,explicit_spam,0.95,"max_source_weight=0.95 -> 42.8 | best_evidence=explicit_spam -> +25.0 | independent_spam_groups=1 -> +0.0 | seen_runs=2 -> +4.0 | age_days=36 -> recency +2.0, stale 10.0 | safe_groups=0 -> 0.0"
851823499,63.8,REVIEW,2026-08-29T00:37:48+00:00,2026-09-03T19:21:36+00:00,31,2,1,0,explicit_spam,0.95,"max_source_weight=0.95 -> 42.8 | best_evidence=explicit_spam -> +25.0 | independent_spam_groups=1 -> +0.0 | seen_runs=2 -> +4.0 | age_days=31 -> recency +2.0, stale 10.0 | safe_groups=0 -> 0.0"
854794380,63.8,REVIEW,2026-08-29T00:37:48+00:00,2026-09-01T19:28:04+00:00,33,2,1,0,explicit_spam,0.95,"max_source_weight=0.95 -> 42.8 | best_evidence=explicit_spam -> +25.0 | independent_spam_groups=1 -> +0.0 | seen_runs=2 -> +4.0 | age_days=33 -> recency +2.0, stale 10.0 | safe_groups=0 -> 0.0"
854794570,63.8,REVIEW,2026-08-26T17:34:45+00:00,2026-08-29T00:37:48+00:00,36,2,1,0,explicit_spam,0.95,"max_source_weight=0.95 -> 42.8 | best_evidence=explicit_spam -> +25.0 | independent_spam_groups=1 -> +0.0 | seen_runs=2 -> +4.0 | age_days=36 -> recency +2.0, stale 10.0 | safe_groups=0 -> 0.0"
854794934,63.8,REVIEW,2026-08-29T00:37:48+00:00,2026-08-29T19:28:26+00:00,36,2,1,0,explicit_spam,0.95,"max_source_weight=0.95 -> 42.8 | best_evidence=explicit_spam -> +25.0 | independent_spam_groups=1 -> +0.0 | seen_runs=2 -> +4.0 | age_days=36 -> recency +2.0, stale 10.0 | safe_groups=0 -> 0.0"
856638731,63.8,REVIEW,2026-08-25T20:48:08+00:00,2026-08-26T17:34:45+00:00,39,2,1,0,explicit_spam,0.95,"max_source_weight=0.95 -> 42.8 | best_evidence=explicit_spam -> +25.0 | independent_spam_groups=1 -> +0.0 | seen_runs=2 -> +4.0 | age_days=39 -> recency +2.0, stale 10.0 | safe_groups=0 -> 0.0"
865449579,63.8,REVIEW,2026-08-25T20:48:08+00:00,2026-08-26T17:34:45+00:00,39,2,1,0,explicit_spam,0.95,"max_source_weight=0.95 -> 42.8 | best_evidence=explicit_spam -> +25.0 | independent_spam_groups=1 -> +0.0 | seen_runs=2 -> +4.0 | age_days=39 -> recency +2.0, stale 10.0 | safe_groups=0 -> 0.0"
865459956,63.8,REVIEW,2026-08-29T00:37:48+00:00,2026-08-29T19:28:26+00:00,36,2,1,0,explicit_spam,0.95,"max_source_weight=0.95 -> 42.8 | best_evidence=explicit_spam -> +25.0 | independent_spam_groups=1 -> +0.0 | seen_runs=2 -> +4.0 | age_days=36 -> recency +2.0, stale 10.0 | safe_groups=0 -> 0.0"
865459975,63.8,REVIEW,2026-08-29T19:28:26+00:00,2026-08-31T21:32:23+00:00,33,2,1,0,explicit_spam,0.95,"max_source_weight=0.95 -> 42.8 | best_evidence=explicit_spam -> +25.0 | independent_spam_groups=1 -> +0.0 | seen_runs=2 -> +4.0 | age_days=33 -> recency +2.0, stale 10.0 | safe_groups=0 -> 0.0"
910612386,63.8,REVIEW,2026-08-25T20:48:08+00:00,2026-09-01T19:28:04+00:00,33,2,1,0,explicit_spam,0.95,"max_source_weight=0.95 -> 42.8 | best_evidence=explicit_spam -> +25.0 | independent_spam_groups=1 -> +0.0 | seen_runs=2 -> +4.0 | age_days=33 -> recency +2.0, stale 10.0 | safe_groups=0 -> 0.0"
919462073,63.8,REVIEW,2026-08-25T20:48:08+00:00,2026-08-28T01:00:53+00:00,37,2,1,0,explicit_spam,0.95,"max_source_weight=0.95 -> 42.8 | best_evidence=explicit_spam -> +25.0 | independent_spam_groups=1 -> +0.0 | seen_runs=2 -> +4.0 | age_days=37 -> recency +2.0, stale 10.0 | safe_groups=0 -> 0.0"
919462212,63.8,REVIEW,2026-09-01T19:28:04+00:00,2026-09-02T19:27:12+00:00,32,2,1,0,explicit_spam,0.95,"max_source_weight=0.95 -> 42.8 | best_evidence=explicit_spam -> +25.0 | independent_spam_groups=1 -> +0.0 | seen_runs=2 -> +4.0 | age_days=32 -> recency +2.0, stale 10.0 | safe_groups=0 -> 0.0"
919602883,63.8,REVIEW,2026-08-26T17:34:45+00:00,2026-09-01T19:28:04+00:00,33,2,1,0,explicit_spam,0.95,"max_source_weight=0.95 -> 42.8 | best_evidence=explicit_spam -> +25.0 | independent_spam_groups=1 -> +0.0 | seen_runs=2 -> +4.0 | age_days=33 -> recency +2.0, stale 10.0 | safe_groups=0 -> 0.0"
919790580,63.8,REVIEW,2026-08-29T00:37:48+00:00,2026-08-29T19:28:26+00:00,36,2,1,0,explicit_spam,0.95,"max_source_weight=0.95 -> 42.8 | best_evidence=explicit_spam -> +25.0 | independent_spam_groups=1 -> +0.0 | seen_runs=2 -> +4.0 | age_days=36 -> recency +2.0, stale 10.0 | safe_groups=0 -> 0.0"
919790648,63.8,REVIEW,2026-08-29T00:37:48+00:00,2026-08-29T19:28:26+00:00,36,2,1,0,explicit_spam,0.95,"max_source_weight=0.95 -> 42.8 | best_evidence=explicit_spam -> +25.0 | independent_spam_groups=1 -> +0.0 | seen_runs=2 -> +4.0 | age_days=36 -> recency +2.0, stale 10.0 | safe_groups=0 -> 0.0"
919970990,63.8,REVIEW,2026-08-26T17:34:45+00:00,2026-08-29T00:37:48+00:00,36,2,1,0,explicit_spam,0.95,"max_source_weight=0.95 -> 42.8 | best_evidence=explicit_spam -> +25.0 | independent_spam_groups=1 -> +0.0 | seen_runs=2 -> +4.0 | age_days=36 -> recency +2.0, stale 10.0 | safe_groups=0 -> 0.0"
930907346,63.8,REVIEW,2026-08-25T20:48:08+00:00,2026-08-26T17:34:45+00:00,39,2,1,0,explicit_spam,0.95,"max_source_weight=0.95 -> 42.8 | best_evidence=explicit_spam -> +25.0 | independent_spam_groups=1 -> +0.0 | seen_runs=2 -> +4.0 | age_days=39 -> recency +2.0, stale 10.0 | safe_groups=0 -> 0.0"
950724469,63.8,REVIEW,2026-08-28T01:00:53+00:00,2026-08-29T00:37:48+00:00,36,2,1,0,explicit_spam,0.95,"max_source_weight=0.95 -> 42.8 | best_evidence=explicit_spam -> +25.0 | independent_spam_groups=1 -> +0.0 | seen_runs=2 -> +4.0 | age_days=36 -> recency +2.0, stale 10.0 | safe_groups=0 -> 0.0"
967921134,63.8,REVIEW,2026-08-29T19:28:26+00:00,2026-08-31T21:32:23+00:00,33,2,1,0,explicit_spam,0.95,"max_source_weight=0.95 -> 42.8 | best_evidence=explicit_spam -> +25.0 | independent_spam_groups=1 -> +0.0 | seen_runs=2 -> +4.0 | age_days=33 -> recency +2.0, stale 10.0 | safe_groups=0 -> 0.0"
967921349,63.8,REVIEW,2026-09-02T19:27:12+00:00,2026-09-03T19:21:36+00:00,31,2,1,0,explicit_spam,0.95,"max_source_weight=0.95 -> 42.8 | best_evidence=explicit_spam -> +25.0 | independent_spam_groups=1 -> +0.0 | seen_runs=2 -> +4.0 | age_days=31 -> recency +2.0, stale 10.0 | safe_groups=0 -> 0.0"
984279011,63.8,REVIEW,2026-08-29T00:37:48+00:00,2026-09-01T19:28:04+00:00,33,2,1,0,explicit_spam,0.95,"max_source_weight=0.95 -> 42.8 | best_evidence=explicit_spam -> +25.0 | independent_spam_groups=1 -> +0.0 | seen_runs=2 -> +4.0 | age_days=33 -> recency +2.0, stale 10.0 | safe_groups=0 -> 0.0"
988141517,63.8,REVIEW,2026-08-25T20:48:08+00:00,2026-08-26T17:34:45+00:00,39,2,1,0,explicit_spam,0.95,"max_source_weight=0.95 -> 42.8 | best_evidence=explicit_spam -> +25.0 | independent_spam_groups=1 -> +0.0 | seen_runs=2 -> +4.0 | age_days=39 -> recency +2.0, stale 10.0 | safe_groups=0 -> 0.0"
640008704,59.8,REVIEW,2026-09-03T19:21:36+00:00,2026-09-03T19:21:36+00:00,31,1,1,0,explicit_spam,0.95,"max_source_weight=0.95 -> 42.8 | best_evidence=explicit_spam -> +25.0 | independent_spam_groups=1 -> +0.0 | seen_runs=1 -> +0.0 | age_days=31 -> recency +2.0, stale 10.0 | safe_groups=0 -> 0.0"
640008732,59.8,REVIEW,2026-08-31T21:32:23+00:00,2026-08-31T21:32:23+00:00,33,1,1,0,explicit_spam,0.95,"max_source_weight=0.95 -> 42.8 | best_evidence=explicit_spam -> +25.0 | independent_spam_groups=1 -> +0.0 | seen_runs=1 -> +0.0 | age_days=33 -> recency +2.0, stale 10.0 | safe_groups=0 -> 0.0"
640010163,59.8,REVIEW,2026-08-29T00:37:48+00:00,2026-08-29T00:37:48+00:00,36,1,1,0,explicit_spam,0.95,"max_source_weight=0.95 -> 42.8 | best_evidence=explicit_spam -> +25.0 | independent_spam_groups=1 -> +0.0 | seen_runs=1 -> +0.0 | age_days=36 -> recency +2.0, stale 10.0 | safe_groups=0 -> 0.0"
640010368,59.8,REVIEW,2026-08-29T19:28:26+00:00,2026-08-29T19:28:26+00:00,36,1,1,0,explicit_spam,0.95,"max_source_weight=0.95 -> 42.8 | best_evidence=explicit_spam -> +25.0 | independent_spam_groups=1 -> +0.0 | seen_runs=1 -> +0.0 | age_days=36 -> recency +2.0, stale 10.0 | safe_groups=0 -> 0.0"
640010378,59.8,REVIEW,2026-08-25T20:48:08+00:00,2026-08-25T20:48:08+00:00,39,1,1,0,explicit_spam,0.95,"max_source_weight=0.95 -> 42.8 | best_evidence=explicit_spam -> +25.0 | independent_spam_groups=1 -> +0.0 | seen_runs=1 -> +0.0 | age_days=39 -> recency +2.0, stale 10.0 | safe_groups=0 -> 0.0"
640010428,59.8,REVIEW,2026-08-28T01:00:53+00:00,2026-08-28T01:00:53+00:00,37,1,1,0,explicit_spam,0.95,"max_source_weight=0.95 -> 42.8 | best_evidence=explicit_spam -> +25.0 | independent_spam_groups=1 -> +0.0 | seen_runs=1 -> +0.0 | age_days=37 -> recency +2.0, stale 10.0 | safe_groups=0 -> 0.0"
822267935,59.8,REVIEW,2026-09-02T19:27:12+00:00,2026-09-02T19:27:12+00:00,32,1,1,0,explicit_spam,0.95,"max_source_weight=0.95 -> 42.8 | best_evidence=explicit_spam -> +25.0 | independent_spam_groups=1 -> +0.0 | seen_runs=1 -> +0.0 | age_days=32 -> recency +2.0, stale 10.0 | safe_groups=0 -> 0.0"
846636302,59.8,REVIEW,2026-09-03T19:21:36+00:00,2026-09-03T19:21:36+00:00,31,1,1,0,explicit_spam,0.95,"max_source_weight=0.95 -> 42.8 | best_evidence=explicit_spam -> +25.0 | independent_spam_groups=1 -> +0.0 | seen_runs=1 -> +0.0 | age_days=31 -> recency +2.0, stale 10.0 | safe_groups=0 -> 0.0"
851823495,59.8,REVIEW,2026-09-03T19:21:36+00:00,2026-09-03T19:21:36+00:00,31,1,1,0,explicit_spam,0.95,"max_source_weight=0.95 -> 42.8 | best_evidence=explicit_spam -> +25.0 | independent_spam_groups=1 -> +0.0 | seen_runs=1 -> +0.0 | age_days=31 -> recency +2.0, stale 10.0 | safe_groups=0 -> 0.0"
854794378,59.8,REVIEW,2026-08-28T01:00:53+00:00,2026-08-28T01:00:53+00:00,37,1,1,0,explicit_spam,0.95,"max_source_weight=0.95 -> 42.8 | best_evidence=explicit_spam -> +25.0 | independent_spam_groups=1 -> +0.0 | seen_runs=1 -> +0.0 | age_days=37 -> recency +2.0, stale 10.0 | safe_groups=0 -> 0.0"
854794551,59.8,REVIEW,2026-08-25T20:48:08+00:00,2026-08-25T20:48:08+00:00,39,1,1,0,explicit_spam,0.95,"max_source_weight=0.95 -> 42.8 | best_evidence=explicit_spam -> +25.0 | independent_spam_groups=1 -> +0.0 | seen_runs=1 -> +0.0 | age_days=39 -> recency +2.0, stale 10.0 | safe_groups=0 -> 0.0"
854794565,59.8,REVIEW,2026-08-29T19:28:26+00:00,2026-08-29T19:28:26+00:00,36,1,1,0,explicit_spam,0.95,"max_source_weight=0.95 -> 42.8 | best_evidence=explicit_spam -> +25.0 | independent_spam_groups=1 -> +0.0 | seen_runs=1 -> +0.0 | age_days=36 -> recency +2.0, stale 10.0 | safe_groups=0 -> 0.0"
858166080,59.8,REVIEW,2026-09-02T19:27:12+00:00,2026-09-02T19:27:12+00:00,32,1,1,0,explicit_spam,0.95,"max_source_weight=0.95 -> 42.8 | best_evidence=explicit_spam -> +25.0 | independent_spam_groups=1 -> +0.0 | seen_runs=1 -> +0.0 | age_days=32 -> recency +2.0, stale 10.0 | safe_groups=0 -> 0.0"
871621052,59.8,REVIEW,2026-08-25T20:48:08+00:00,2026-08-25T20:48:08+00:00,39,1,1,0,explicit_spam,0.95,"max_source_weight=0.95 -> 42.8 | best_evidence=explicit_spam -> +25.0 | independent_spam_groups=1 -> +0.0 | seen_runs=1 -> +0.0 | age_days=39 -> recency +2.0, stale 10.0 | safe_groups=0 -> 0.0"
876665258,59.8,REVIEW,2026-09-02T19:27:12+00:00,2026-09-02T19:27:12+00:00,32,1,1,0,explicit_spam,0.95,"max_source_weight=0.95 -> 42.8 | best_evidence=explicit_spam -> +25.0 | independent_spam_groups=1 -> +0.0 | seen_runs=1 -> +0.0 | age_days=32 -> recency +2.0, stale 10.0 | safe_groups=0 -> 0.0"
910861548,59.8,REVIEW,2026-08-29T00:37:48+00:00,2026-08-29T00:37:48+00:00,36,1,1,0,explicit_spam,0.95,"max_source_weight=0.95 -> 42.8 | best_evidence=explicit_spam -> +25.0 | independent_spam_groups=1 -> +0.0 | seen_runs=1 -> +0.0 | age_days=36 -> recency +2.0, stale 10.0 | safe_groups=0 -> 0.0"
917938568,59.8,REVIEW,2026-09-02T19:27:12+00:00,2026-09-02T19:27:12+00:00,32,1,1,0,explicit_spam,0.95,"max_source_weight=0.95 -> 42.8 | best_evidence=explicit_spam -> +25.0 | independent_spam_groups=1 -> +0.0 | seen_runs=1 -> +0.0 | age_days=32 -> recency +2.0, stale 10.0 | safe_groups=0 -> 0.0"
919462221,59.8,REVIEW,2026-08-28T01:00:53+00:00,2026-08-28T01:00:53+00:00,37,1,1,0,explicit_spam,0.95,"max_source_weight=0.95 -> 42.8 | best_evidence=explicit_spam -> +25.0 | independent_spam_groups=1 -> +0.0 | seen_runs=1 -> +0.0 | age_days=37 -> recency +2.0, stale 10.0 | safe_groups=0 -> 0.0"
919462682,59.8,REVIEW,2026-09-02T19:27:12+00:00,2026-09-02T19:27:12+00:00,32,1,1,0,explicit_spam,0.95,"max_source_weight=0.95 -> 42.8 | best_evidence=explicit_spam -> +25.0 | independent_spam_groups=1 -> +0.0 | seen_runs=1 -> +0.0 | age_days=32 -> recency +2.0, stale 10.0 | safe_groups=0 -> 0.0"
919790602,59.8,REVIEW,2026-08-29T00:37:48+00:00,2026-08-29T00:37:48+00:00,36,1,1,0,explicit_spam,0.95,"max_source_weight=0.95 -> 42.8 | best_evidence=explicit_spam -> +25.0 | independent_spam_groups=1 -> +0.0 | seen_runs=1 -> +0.0 | age_days=36 -> recency +2.0, stale 10.0 | safe_groups=0 -> 0.0"
919895763,59.8,REVIEW,2026-09-02T19:27:12+00:00,2026-09-02T19:27:12+00:00,32,1,1,0,explicit_spam,0.95,"max_source_weight=0.95 -> 42.8 | best_evidence=explicit_spam -> +25.0 | independent_spam_groups=1 -> +0.0 | seen_runs=1 -> +0.0 | age_days=32 -> recency +2.0, stale 10.0 | safe_groups=0 -> 0.0"
919970960,59.8,REVIEW,2026-08-29T19:28:26+00:00,2026-08-29T19:28:26+00:00,36,1,1,0,explicit_spam,0.95,"max_source_weight=0.95 -> 42.8 | best_evidence=explicit_spam -> +25.0 | independent_spam_groups=1 -> +0.0 | seen_runs=1 -> +0.0 | age_days=36 -> recency +2.0, stale 10.0 | safe_groups=0 -> 0.0"
919970986,59.8,REVIEW,2026-08-26T17:34:45+00:00,2026-08-26T17:34:45+00:00,39,1,1,0,explicit_spam,0.95,"max_source_weight=0.95 -> 42.8 | best_evidence=explicit_spam -> +25.0 | independent_spam_groups=1 -> +0.0 | seen_runs=1 -> +0.0 | age_days=39 -> recency +2.0, stale 10.0 | safe_groups=0 -> 0.0"
919970995,59.8,REVIEW,2026-08-28T01:00:53+00:00,2026-08-28T01:00:53+00:00,37,1,1,0,explicit_spam,0.95,"max_source_weight=0.95 -> 42.8 | best_evidence=explicit_spam -> +25.0 | independent_spam_groups=1 -> +0.0 | seen_runs=1 -> +0.0 | age_days=37 -> recency +2.0, stale 10.0 | safe_groups=0 -> 0.0"
919976758,59.8,REVIEW,2026-09-02T19:27:12+00:00,2026-09-02T19:27:12+00:00,32,1,1,0,explicit_spam,0.95,"max_source_weight=0.95 -> 42.8 | best_evidence=explicit_spam -> +25.0 | independent_spam_groups=1 -> +0.0 | seen_runs=1 -> +0.0 | age_days=32 -> recency +2.0, stale 10.0 | safe_groups=0 -> 0.0"
927684118,59.8,REVIEW,2026-08-26T17:34:45+00:00,2026-08-26T17:34:45+00:00,39,1,1,0,explicit_spam,0.95,"max_source_weight=0.95 -> 42.8 | best_evidence=explicit_spam -> +25.0 | independent_spam_groups=1 -> +0.0 | seen_runs=1 -> +0.0 | age_days=39 -> recency +2.0, stale 10.0 | safe_groups=0 -> 0.0"
927684424,59.8,REVIEW,2026-08-29T00:37:48+00:00,2026-08-29T00:37:48+00:00,36,1,1,0,explicit_spam,0.95,"max_source_weight=0.95 -> 42.8 | best_evidence=explicit_spam -> +25.0 | independent_spam_groups=1 -> +0.0 | seen_runs=1 -> +0.0 | age_days=36 -> recency +2.0, stale 10.0 | safe_groups=0 -> 0.0"
927684561,59.8,REVIEW,2026-08-29T00:37:48+00:00,2026-08-29T00:37:48+00:00,36,1,1,0,explicit_spam,0.95,"max_source_weight=0.95 -> 42.8 | best_evidence=explicit_spam -> +25.0 | independent_spam_groups=1 -> +0.0 | seen_runs=1 -> +0.0 | age_days=36 -> recency +2.0, stale 10.0 | safe_groups=0 -> 0.0"
930487842,59.8,REVIEW,2026-08-26T17:34:45+00:00,2026-08-26T17:34:45+00:00,39,1,1,0,explicit_spam,0.95,"max_source_weight=0.95 -> 42.8 | best_evidence=explicit_spam -> +25.0 | independent_spam_groups=1 -> +0.0 | seen_runs=1 -> +0.0 | age_days=39 -> recency +2.0, stale 10.0 | safe_groups=0 -> 0.0"
932940312,59.8,REVIEW,2026-09-02T19:27:12+00:00,2026-09-02T19:27:12+00:00,32,1,1,0,explicit_spam,0.95,"max_source_weight=0.95 -> 42.8 | best_evidence=explicit_spam -> +25.0 | independent_spam_groups=1 -> +0.0 | seen_runs=1 -> +0.0 | age_days=32 -> recency +2.0, stale 10.0 | safe_groups=0 -> 0.0"
941733794,59.8,REVIEW,2026-08-29T19:28:26+00:00,2026-08-29T19:28:26+00:00,36,1,1,0,explicit_spam,0.95,"max_source_weight=0.95 -> 42.8 | best_evidence=explicit_spam -> +25.0 | independent_spam_groups=1 -> +0.0 | seen_runs=1 -> +0.0 | age_days=36 -> recency +2.0, stale 10.0 | safe_groups=0 -> 0.0"
944148962,59.8,REVIEW,2026-08-29T00:37:48+00:00,2026-08-29T00:37:48+00:00,36,1,1,0,explicit_spam,0.95,"max_source_weight=0.95 -> 42.8 | best_evidence=explicit_spam -> +25.0 | independent_spam_groups=1 -> +0.0 | seen_runs=1 -> +0.0 | age_days=36 -> recency +2.0, stale 10.0 | safe_groups=0 -> 0.0"
945527200,59.8,REVIEW,2026-09-03T19:21:36+00:00,2026-09-03T19:21:36+00:00,31,1,1,0,explicit_spam,0.95,"max_source_weight=0.95 -> 42.8 | best_evidence=explicit_spam -> +25.0 | independent_spam_groups=1 -> +0.0 | seen_runs=1 -> +0.0 | age_days=31 -> recency +2.0, stale 10.0 | safe_groups=0 -> 0.0"
950724199,59.8,REVIEW,2026-09-02T19:27:12+00:00,2026-09-02T19:27:12+00:00,32,1,1,0,explicit_spam,0.95,"max_source_weight=0.95 -> 42.8 | best_evidence=explicit_spam -> +25.0 | independent_spam_groups=1 -> +0.0 | seen_runs=1 -> +0.0 | age_days=32 -> recency +2.0, stale 10.0 | safe_groups=0 -> 0.0"
950724410,59.8,REVIEW,2026-09-03T19:21:36+00:00,2026-09-03T19:21:36+00:00,31,1,1,0,explicit_spam,0.95,"max_source_weight=0.95 -> 42.8 | best_evidence=explicit_spam -> +25.0 | independent_spam_groups=1 -> +0.0 | seen_runs=1 -> +0.0 | age_days=31 -> recency +2.0, stale 10.0 | safe_groups=0 -> 0.0"
950724419,59.8,REVIEW,2026-08-29T00:37:48+00:00,2026-08-29T00:37:48+00:00,36,1,1,0,explicit_spam,0.95,"max_source_weight=0.95 -> 42.8 | best_evidence=explicit_spam -> +25.0 | independent_spam_groups=1 -> +0.0 | seen_runs=1 -> +0.0 | age_days=36 -> recency +2.0, stale 10.0 | safe_groups=0 -> 0.0"
950724420,59.8,REVIEW,2026-08-26T17:34:45+00:00,2026-08-26T17:34:45+00:00,39,1,1,0,explicit_spam,0.95,"max_source_weight=0.95 -> 42.8 | best_evidence=explicit_spam -> +25.0 | independent_spam_groups=1 -> +0.0 | seen_runs=1 -> +0.0 | age_days=39 -> recency +2.0, stale 10.0 | safe_groups=0 -> 0.0"
950724468,59.8,REVIEW,2026-08-28T01:00:53+00:00,2026-08-28T01:00:53+00:00,37,1,1,0,explicit_spam,0.95,"max_source_weight=0.95 -> 42.8 | best_evidence=explicit_spam -> +25.0 | independent_spam_groups=1 -> +0.0 | seen_runs=1 -> +0.0 | age_days=37 -> recency +2.0, stale 10.0 | safe_groups=0 -> 0.0"
951403233,59.8,REVIEW,2026-09-01T19:28:04+00:00,2026-09-01T19:28:04+00:00,33,1,1,0,explicit_spam,0.95,"max_source_weight=0.95 -> 42.8 | best_evidence=explicit_spam -> +25.0 | independent_spam_groups=1 -> +0.0 | seen_runs=1 -> +0.0 | age_days=33 -> recency +2.0, stale 10.0 | safe_groups=0 -> 0.0"
951744928,59.8,REVIEW,2026-09-02T19:27:12+00:00,2026-09-02T19:27:12+00:00,32,1,1,0,explicit_spam,0.95,"max_source_weight=0.95 -> 42.8 | best_evidence=explicit_spam -> +25.0 | independent_spam_groups=1 -> +0.0 | seen_runs=1 -> +0.0 | age_days=32 -> recency +2.0, stale 10.0 | safe_groups=0 -> 0.0"
958874467,59.8,REVIEW,2026-08-25T20:48:08+00:00,2026-08-25T20:48:08+00:00,39,1,1,0,explicit_spam,0.95,"max_source_weight=0.95 -> 42.8 | best_evidence=explicit_spam -> +25.0 | independent_spam_groups=1 -> +0.0 | seen_runs=1 -> +0.0 | age_days=39 -> recency +2.0, stale 10.0 | safe_groups=0 -> 0.0"
959771280,59.8,REVIEW,2026-08-25T20:48:08+00:00,2026-08-25T20:48:08+00:00,39,1,1,0,explicit_spam,0.95,"max_source_weight=0.95 -> 42.8 | best_evidence=explicit_spam -> +25.0 | independent_spam_groups=1 -> +0.0 | seen_runs=1 -> +0.0 | age_days=39 -> recency +2.0, stale 10.0 | safe_groups=0 -> 0.0"
960203766,59.8,REVIEW,2026-09-01T19:28:04+00:00,2026-09-01T19:28:04+00:00,33,1,1,0,explicit_spam,0.95,"max_source_weight=0.95 -> 42.8 | best_evidence=explicit_spam -> +25.0 | independent_spam_groups=1 -> +0.0 | seen_runs=1 -> +0.0 | age_days=33 -> recency +2.0, stale 10.0 | safe_groups=0 -> 0.0"
966001578,59.8,REVIEW,2026-09-01T19:28:04+00:00,2026-09-01T19:28:04+00:00,33,1,1,0,explicit_spam,0.95,"max_source_weight=0.95 -> 42.8 | best_evidence=explicit_spam -> +25.0 | independent_spam_groups=1 -> +0.0 | seen_runs=1 -> +0.0 | age_days=33 -> recency +2.0, stale 10.0 | safe_groups=0 -> 0.0"
967831667,59.8,REVIEW,2026-08-29T00:37:48+00:00,2026-08-29T00:37:48+00:00,36,1,1,0,explicit_spam,0.95,"max_source_weight=0.95 -> 42.8 | best_evidence=explicit_spam -> +25.0 | independent_spam_groups=1 -> +0.0 | seen_runs=1 -> +0.0 | age_days=36 -> recency +2.0, stale 10.0 | safe_groups=0 -> 0.0"
967921127,59.8,REVIEW,2026-09-01T19:28:04+00:00,2026-09-01T19:28:04+00:00,33,1,1,0,explicit_spam,0.95,"max_source_weight=0.95 -> 42.8 | best_evidence=explicit_spam -> +25.0 | independent_spam_groups=1 -> +0.0 | seen_runs=1 -> +0.0 | age_days=33 -> recency +2.0, stale 10.0 | safe_groups=0 -> 0.0"
967921167,59.8,REVIEW,2026-08-29T19:28:26+00:00,2026-08-29T19:28:26+00:00,36,1,1,0,explicit_spam,0.95,"max_source_weight=0.95 -> 42.8 | best_evidence=explicit_spam -> +25.0 | independent_spam_groups=1 -> +0.0 | seen_runs=1 -> +0.0 | age_days=36 -> recency +2.0, stale 10.0 | safe_groups=0 -> 0.0"
980072585,59.8,REVIEW,2026-08-28T01:00:53+00:00,2026-08-28T01:00:53+00:00,37,1,1,0,explicit_spam,0.95,"max_source_weight=0.95 -> 42.8 | best_evidence=explicit_spam -> +25.0 | independent_spam_groups=1 -> +0.0 | seen_runs=1 -> +0.0 | age_days=37 -> recency +2.0, stale 10.0 | safe_groups=0 -> 0.0"
984279050,59.8,REVIEW,2026-09-02T19:27:12+00:00,2026-09-02T19:27:12+00:00,32,1,1,0,explicit_spam,0.95,"max_source_weight=0.95 -> 42.8 | best_evidence=explicit_spam -> +25.0 | independent_spam_groups=1 -> +0.0 | seen_runs=1 -> +0.0 | age_days=32 -> recency +2.0, stale 10.0 | safe_groups=0 -> 0.0"
984279246,59.8,REVIEW,2026-08-29T00:37:48+00:00,2026-08-29T00:37:48+00:00,36,1,1,0,explicit_spam,0.95,"max_source_weight=0.95 -> 42.8 | best_evidence=explicit_spam -> +25.0 | independent_spam_groups=1 -> +0.0 | seen_runs=1 -> +0.0 | age_days=36 -> recency +2.0, stale 10.0 | safe_groups=0 -> 0.0"
696398546,57.9,REVIEW,2026-08-25T20:48:08+00:00,2026-08-26T17:34:45+00:00,39,2,1,0,explicit_spam,0.82,"max_source_weight=0.82 -> 36.9 | best_evidence=explicit_spam -> +25.0 | independent_spam_groups=1 -> +0.0 | seen_runs=2 -> +4.0 | age_days=39 -> recency +2.0, stale 10.0 | safe_groups=0 -> 0.0"
930487264,53.9,REVIEW,2026-08-25T20:48:08+00:00,2026-08-25T20:48:08+00:00,39,1,1,0,explicit_spam,0.82,"max_source_weight=0.82 -> 36.9 | best_evidence=explicit_spam -> +25.0 | independent_spam_groups=1 -> +0.0 | seen_runs=1 -> +0.0 | age_days=39 -> recency +2.0, stale 10.0 | safe_groups=0 -> 0.0"
600100113,31.2,OBSERVE,2026-08-25T20:48:08+00:00,2026-10-04T19:43:02+00:00,0,41,1,0,discovery,0.25,"max_source_weight=0.25 -> 11.2 | best_evidence=discovery -> +0.0 | independent_spam_groups=1 -> +0.0 | seen_runs=41 -> +12.0 | age_days=0 -> recency +8.0, stale 0.0 | safe_groups=0 -> 0.0"
600124647,31.2,OBSERVE,2026-08-25T20:48:08+00:00,2026-10-04T19:43:02+00:00,0,41,1,0,discovery,0.25,"max_source_weight=0.25 -> 11.2 | best_evidence=discovery -> +0.0 | independent_spam_groups=1 -> +0.0 | seen_runs=41 -> +12.0 | age_days=0 -> recency +8.0, stale 0.0 | safe_groups=0 -> 0.0"
603145436,31.2,OBSERVE,2026-08-25T20:48:08+00:00,2026-10-04T19:43:02+00:00,0,41,1,0,discovery,0.25,"max_source_weight=0.25 -> 11.2 | best_evidence=discovery -> +0.0 | independent_spam_groups=1 -> +0.0 | seen_runs=41 -> +12.0 | age_days=0 -> recency +8.0, stale 0.0 | safe_groups=0 -> 0.0"
605497130,31.2,OBSERVE,2026-08-25T20:48:08+00:00,2026-10-04T19:43:02+00:00,0,41,1,0,discovery,0.25,"max_source_weight=0.25 -> 11.2 | best_evidence=discovery -> +0.0 | independent_spam_groups=1 -> +0.0 | seen_runs=41 -> +12.0 | age_days=0 -> recency +8.0, stale 0.0 | safe_groups=0 -> 0.0"
606089943,31.2,OBSERVE,2026-08-25T20:48:08+00:00,2026-10-04T19:43:02+00:00,0,41,1,0,discovery,0.25,"max_source_weight=0.25 -> 11.2 | best_evidence=discovery -> +0.0 | independent_spam_groups=1 -> +0.0 | seen_runs=41 -> +12.0 | age_days=0 -> recency +8.0, stale 0.0 | safe_groups=0 -> 0.0"
610088808,31.2,OBSERVE,2026-08-25T20:48:08+00:00,2026-10-04T19:43:02+00:00,0,41,1,0,discovery,0.25,"max_source_weight=0.25 -> 11.2 | best_evidence=discovery -> +0.0 | independent_spam_groups=1 -> +0.0 | seen_runs=41 -> +12.0 | age_days=0 -> recency +8.0, stale 0.0 | safe_groups=0 -> 0.0"
613111707,31.2,OBSERVE,2026-08-25T20:48:08+00:00,2026-10-04T19:43:02+00:00,0,41,1,0,discovery,0.25,"max_source_weight=0.25 -> 11.2 | best_evidence=discovery -> +0.0 | independent_spam_groups=1 -> +0.0 | seen_runs=41 -> +12.0 | age_days=0 -> recency +8.0, stale 0.0 | safe_groups=0 -> 0.0"
613113044,31.2,OBSERVE,2026-08-25T20:48:08+00:00,2026-10-04T19:43:02+00:00,0,41,1,0,discovery,0.25,"max_source_weight=0.25 -> 11.2 | best_evidence=discovery -> +0.0 | independent_spam_groups=1 -> +0.0 | seen_runs=41 -> +12.0 | age_days=0 -> recency +8.0, stale 0.0 | safe_groups=0 -> 0.0"
613267767,31.2,OBSERVE,2026-08-25T20:48:08+00:00,2026-10-04T19:43:02+00:00,0,41,1,0,discovery,0.25,"max_source_weight=0.25 -> 11.2 | best_evidence=discovery -> +0.0 | independent_spam_groups=1 -> +0.0 | seen_runs=41 -> +12.0 | age_days=0 -> recency +8.0, stale 0.0 | safe_groups=0 -> 0.0"
621126871,31.2,OBSERVE,2026-08-25T20:48:08+00:00,2026-10-04T19:43:02+00:00,0,41,1,0,discovery,0.25,"max_source_weight=0.25 -> 11.2 | best_evidence=discovery -> +0.0 | independent_spam_groups=1 -> +0.0 | seen_runs=41 -> +12.0 | age_days=0 -> recency +8.0, stale 0.0 | safe_groups=0 -> 0.0"
621148598,31.2,OBSERVE,2026-08-25T20:48:08+00:00,2026-10-04T19:43:02+00:00,0,41,1,0,discovery,0.25,"max_source_weight=0.25 -> 11.2 | best_evidence=discovery -> +0.0 | independent_spam_groups=1 -> +0.0 | seen_runs=41 -> +12.0 | age_days=0 -> recency +8.0, stale 0.0 | safe_groups=0 -> 0.0"
621149906,31.2,OBSERVE,2026-08-25T20:48:08+00:00,2026-10-04T19:43:02+00:00,0,41,1,0,discovery,0.25,"max_source_weight=0.25 -> 11.2 | best_evidence=discovery -> +0.0 | independent_spam_groups=1 -> +0.0 | seen_runs=41 -> +12.0 | age_days=0 -> recency +8.0, stale 0.0 | safe_groups=0 -> 0.0"
621186157,31.2,OBSERVE,2026-08-25T20:48:08+00:00,2026-10-04T19:43:02+00:00,0,41,1,0,discovery,0.25,"max_source_weight=0.25 -> 11.2 | best_evidence=discovery -> +0.0 | independent_spam_groups=1 -> +0.0 | seen_runs=41 -> +12.0 | age_days=0 -> recency +8.0, stale 0.0 | safe_groups=0 -> 0.0"
621186600,31.2,OBSERVE,2026-08-25T20:48:08+00:00,2026-10-04T19:43:02+00:00,0,41,1,0,discovery,0.25,"max_source_weight=0.25 -> 11.2 | best_evidence=discovery -> +0.0 | independent_spam_groups=1 -> +0.0 | seen_runs=41 -> +12.0 | age_days=0 -> recency +8.0, stale 0.0 | safe_groups=0 -> 0.0"
621210365,31.2,OBSERVE,2026-08-25T20:48:08+00:00,2026-10-04T19:43:02+00:00,0,41,1,0,discovery,0.25,"max_source_weight=0.25 -> 11.2 | best_evidence=discovery -> +0.0 | independent_spam_groups=1 -> +0.0 | seen_runs=41 -> +12.0 | age_days=0 -> recency +8.0, stale 0.0 | safe_groups=0 -> 0.0"
621211315,31.2,OBSERVE,2026-08-25T20:48:08+00:00,2026-10-04T19:43:02+00:00,0,41,1,0,discovery,0.25,"max_source_weight=0.25 -> 11.2 | best_evidence=discovery -> +0.0 | independent_spam_groups=1 -> +0.0 | seen_runs=41 -> +12.0 | age_days=0 -> recency +8.0, stale 0.0 | safe_groups=0 -> 0.0"
621278676,31.2,OBSERVE,2026-08-25T20:48:08+00:00,2026-10-04T19:43:02+00:00,0,41,1,0,discovery,0.25,"max_source_weight=0.25 -> 11.2 | best_evidence=discovery -> +0.0 | independent_spam_groups=1 -> +0.0 | seen_runs=41 -> +12.0 | age_days=0 -> recency +8.0, stale 0.0 | safe_groups=0 -> 0.0"
622398901,31.2,OBSERVE,2026-08-25T20:48:08+00:00,2026-10-04T19:43:02+00:00,0,41,1,0,discovery,0.25,"max_source_weight=0.25 -> 11.2 | best_evidence=discovery -> +0.0 | independent_spam_groups=1 -> +0.0 | seen_runs=41 -> +12.0 | age_days=0 -> recency +8.0, stale 0.0 | safe_groups=0 -> 0.0"
623303865,31.2,OBSERVE,2026-08-25T20:48:08+00:00,2026-10-04T19:43:02+00:00,0,41,1,0,discovery,0.25,"max_source_weight=0.25 -> 11.2 | best_evidence=discovery -> +0.0 | independent_spam_groups=1 -> +0.0 | seen_runs=41 -> +12.0 | age_days=0 -> recency +8.0, stale 0.0 | safe_groups=0 -> 0.0"
623306703,31.2,OBSERVE,2026-08-25T20:48:08+00:00,2026-10-04T19:43:02+00:00,0,41,1,0,discovery,0.25,"max_source_weight=0.25 -> 11.2 | best_evidence=discovery -> +0.0 | independent_spam_groups=1 -> +0.0 | seen_runs=41 -> +12.0 | age_days=0 -> recency +8.0, stale 0.0 | safe_groups=0 -> 0.0"
623582962,31.2,OBSERVE,2026-08-25T20:48:08+00:00,2026-10-04T19:43:02+00:00,0,41,1,0,discovery,0.25,"max_source_weight=0.25 -> 11.2 | best_evidence=discovery -> +0.0 | independent_spam_groups=1 -> +0.0 | seen_runs=41 -> +12.0 | age_days=0 -> recency +8.0, stale 0.0 | safe_groups=0 -> 0.0"
625594759,31.2,OBSERVE,2026-08-25T20:48:08+00:00,2026-10-04T19:43:02+00:00,0,41,1,0,discovery,0.25,"max_source_weight=0.25 -> 11.2 | best_evidence=discovery -> +0.0 | independent_spam_groups=1 -> +0.0 | seen_runs=41 -> +12.0 | age_days=0 -> recency +8.0, stale 0.0 | safe_groups=0 -> 0.0"
628747371,31.2,OBSERVE,2026-08-25T20:48:08+00:00,2026-10-04T19:43:02+00:00,0,41,1,0,discovery,0.25,"max_source_weight=0.25 -> 11.2 | best_evidence=discovery -> +0.0 | independent_spam_groups=1 -> +0.0 | seen_runs=41 -> +12.0 | age_days=0 -> recency +8.0, stale 0.0 | safe_groups=0 -> 0.0"
630300080,31.2,OBSERVE,2026-08-25T20:48:08+00:00,2026-10-04T19:43:02+00:00,0,41,1,0,discovery,0.25,"max_source_weight=0.25 -> 11.2 | best_evidence=discovery -> +0.0 | independent_spam_groups=1 -> +0.0 | seen_runs=41 -> +12.0 | age_days=0 -> recency +8.0, stale 0.0 | safe_groups=0 -> 0.0"
630303063,31.2,OBSERVE,2026-08-25T20:48:08+00:00,2026-10-04T19:43:02+00:00,0,41,1,0,discovery,0.25,"max_source_weight=0.25 -> 11.2 | best_evidence=discovery -> +0.0 | independent_spam_groups=1 -> +0.0 | seen_runs=41 -> +12.0 | age_days=0 -> recency +8.0, stale 0.0 | safe_groups=0 -> 0.0"
630630187,31.2,OBSERVE,2026-08-25T20:48:08+00:00,2026-10-04T19:43:02+00:00,0,41,1,0,discovery,0.25,"max_source_weight=0.25 -> 11.2 | best_evidence=discovery -> +0.0 | independent_spam_groups=1 -> +0.0 | seen_runs=41 -> +12.0 | age_days=0 -> recency +8.0, stale 0.0 | safe_groups=0 -> 0.0"
633036994,31.2,OBSERVE,2026-08-25T20:48:08+00:00,2026-10-04T19:43:02+00:00,0,41,1,0,discovery,0.25,"max_source_weight=0.25 -> 11.2 | best_evidence=discovery -> +0.0 | independent_spam_groups=1 -> +0.0 | seen_runs=41 -> +12.0 | age_days=0 -> recency +8.0, stale 0.0 | safe_groups=0 -> 0.0"
633276212,31.2,OBSERVE,2026-08-25T20:48:08+00:00,2026-10-04T19:43:02+00:00,0,41,1,0,discovery,0.25,"max_source_weight=0.25 -> 11.2 | best_evidence=discovery -> +0.0 | independent_spam_groups=1 -> +0.0 | seen_runs=41 -> +12.0 | age_days=0 -> recency +8.0, stale 0.0 | safe_groups=0 -> 0.0"
635488328,31.2,OBSERVE,2026-08-25T20:48:08+00:00,2026-10-04T19:43:02+00:00,0,41,1,0,discovery,0.25,"max_source_weight=0.25 -> 11.2 | best_evidence=discovery -> +0.0 | independent_spam_groups=1 -> +0.0 | seen_runs=41 -> +12.0 | age_days=0 -> recency +8.0, stale 0.0 | safe_groups=0 -> 0.0"
635500182,31.2,OBSERVE,2026-08-25T20:48:08+00:00,2026-10-04T19:43:02+00:00,0,41,1,0,discovery,0.25,"max_source_weight=0.25 -> 11.2 | best_evidence=discovery -> +0.0 | independent_spam_groups=1 -> +0.0 | seen_runs=41 -> +12.0 | age_days=0 -> recency +8.0, stale 0.0 | safe_groups=0 -> 0.0"
636010131,31.2,OBSERVE,2026-08-25T20:48:08+00:00,2026-10-04T19:43:02+00:00,0,41,1,0,discovery,0.25,"max_source_weight=0.25 -> 11.2 | best_evidence=discovery -> +0.0 | independent_spam_groups=1 -> +0.0 | seen_runs=41 -> +12.0 | age_days=0 -> recency +8.0, stale 0.0 | safe_groups=0 -> 0.0"
639201999,31.2,OBSERVE,2026-08-25T20:48:08+00:00,2026-10-04T19:43:02+00:00,0,41,1,0,discovery,0.25,"max_source_weight=0.25 -> 11.2 | best_evidence=discovery -> +0.0 | independent_spam_groups=1 -> +0.0 | seen_runs=41 -> +12.0 | age_days=0 -> recency +8.0, stale 0.0 | safe_groups=0 -> 0.0"
639204325,31.2,OBSERVE,2026-08-25T20:48:08+00:00,2026-10-04T19:43:02+00:00,0,41,1,0,discovery,0.25,"max_source_weight=0.25 -> 11.2 | best_evidence=discovery -> +0.0 | independent_spam_groups=1 -> +0.0 | seen_runs=41 -> +12.0 | age_days=0 -> recency +8.0, stale 0.0 | safe_groups=0 -> 0.0"
648610308,31.2,OBSERVE,2026-08-25T20:48:08+00:00,2026-10-04T19:43:02+00:00,0,41,1,0,discovery,0.25,"max_source_weight=0.25 -> 11.2 | best_evidence=discovery -> +0.0 | independent_spam_groups=1 -> +0.0 | seen_runs=41 -> +12.0 | age_days=0 -> recency +8.0, stale 0.0 | safe_groups=0 -> 0.0"
648661234,31.2,OBSERVE,2026-08-25T20:48:08+00:00,2026-10-04T19:43:02+00:00,0,41,1,0,discovery,0.25,"max_source_weight=0.25 -> 11.2 | best_evidence=discovery -> +0.0 | independent_spam_groups=1 -> +0.0 | seen_runs=41 -> +12.0 | age_days=0 -> recency +8.0, stale 0.0 | safe_groups=0 -> 0.0"
651564315,31.2,OBSERVE,2026-08-25T20:48:08+00:00,2026-10-04T19:43:02+00:00,0,41,1,0,discovery,0.25,"max_source_weight=0.25 -> 11.2 | best_evidence=discovery -> +0.0 | independent_spam_groups=1 -> +0.0 | seen_runs=41 -> +12.0 | age_days=0 -> recency +8.0, stale 0.0 | safe_groups=0 -> 0.0"
652084415,31.2,OBSERVE,2026-08-25T20:48:08+00:00,2026-10-04T19:43:02+00:00,0,41,1,0,discovery,0.25,"max_source_weight=0.25 -> 11.2 | best_evidence=discovery -> +0.0 | independent_spam_groups=1 -> +0.0 | seen_runs=41 -> +12.0 | age_days=0 -> recency +8.0, stale 0.0 | safe_groups=0 -> 0.0"
655017101,31.2,OBSERVE,2026-08-25T20:48:08+00:00,2026-10-04T19:43:02+00:00,0,41,1,0,discovery,0.25,"max_source_weight=0.25 -> 11.2 | best_evidence=discovery -> +0.0 | independent_spam_groups=1 -> +0.0 | seen_runs=41 -> +12.0 | age_days=0 -> recency +8.0, stale 0.0 | safe_groups=0 -> 0.0"
656121115,31.2,OBSERVE,2026-08-25T20:48:08+00:00,2026-10-04T19:43:02+00:00,0,41,1,0,discovery,0.25,"max_source_weight=0.25 -> 11.2 | best_evidence=discovery -> +0.0 | independent_spam_groups=1 -> +0.0 | seen_runs=41 -> +12.0 | age_days=0 -> recency +8.0, stale 0.0 | safe_groups=0 -> 0.0"
656926141,31.2,OBSERVE,2026-08-25T20:48:08+00:00,2026-10-04T19:43:02+00:00,0,41,1,0,discovery,0.25,"max_source_weight=0.25 -> 11.2 | best_evidence=discovery -> +0.0 | independent_spam_groups=1 -> +0.0 | seen_runs=41 -> +12.0 | age_days=0 -> recency +8.0, stale 0.0 | safe_groups=0 -> 0.0"
658691047,31.2,OBSERVE,2026-08-25T20:48:08+00:00,2026-10-04T19:43:02+00:00,0,41,1,0,discovery,0.25,"max_source_weight=0.25 -> 11.2 | best_evidence=discovery -> +0.0 | independent_spam_groups=1 -> +0.0 | seen_runs=41 -> +12.0 | age_days=0 -> recency +8.0, stale 0.0 | safe_groups=0 -> 0.0"
659109167,31.2,OBSERVE,2026-08-25T20:48:08+00:00,2026-10-04T19:43:02+00:00,0,41,1,0,discovery,0.25,"max_source_weight=0.25 -> 11.2 | best_evidence=discovery -> +0.0 | independent_spam_groups=1 -> +0.0 | seen_runs=41 -> +12.0 | age_days=0 -> recency +8.0, stale 0.0 | safe_groups=0 -> 0.0"
661250103,31.2,OBSERVE,2026-08-25T20:48:08+00:00,2026-10-04T19:43:02+00:00,0,41,1,0,discovery,0.25,"max_source_weight=0.25 -> 11.2 | best_evidence=discovery -> +0.0 | independent_spam_groups=1 -> +0.0 | seen_runs=41 -> +12.0 | age_days=0 -> recency +8.0, stale 0.0 | safe_groups=0 -> 0.0"
662988846,31.2,OBSERVE,2026-08-25T20:48:08+00:00,2026-10-04T19:43:02+00:00,0,41,1,0,discovery,0.25,"max_source_weight=0.25 -> 11.2 | best_evidence=discovery -> +0.0 | independent_spam_groups=1 -> +0.0 | seen_runs=41 -> +12.0 | age_days=0 -> recency +8.0, stale 0.0 | safe_groups=0 -> 0.0"
662988882,31.2,OBSERVE,2026-08-25T20:48:08+00:00,2026-10-04T19:43:02+00:00,0,41,1,0,discovery,0.25,"max_source_weight=0.25 -> 11.2 | best_evidence=discovery -> +0.0 | independent_spam_groups=1 -> +0.0 | seen_runs=41 -> +12.0 | age_days=0 -> recency +8.0, stale 0.0 | safe_groups=0 -> 0.0"
662988885,31.2,OBSERVE,2026-08-25T20:48:08+00:00,2026-10-04T19:43:02+00:00,0,41,1,0,discovery,0.25,"max_source_weight=0.25 -> 11.2 | best_evidence=discovery -> +0.0 | independent_spam_groups=1 -> +0.0 | seen_runs=41 -> +12.0 | age_days=0 -> recency +8.0, stale 0.0 | safe_groups=0 -> 0.0"
662991273,31.2,OBSERVE,2026-08-25T20:48:08+00:00,2026-10-04T19:43:02+00:00,0,41,1,0,discovery,0.25,"max_source_weight=0.25 -> 11.2 | best_evidence=discovery -> +0.0 | independent_spam_groups=1 -> +0.0 | seen_runs=41 -> +12.0 | age_days=0 -> recency +8.0, stale 0.0 | safe_groups=0 -> 0.0"
662992527,31.2,OBSERVE,2026-08-25T20:48:08+00:00,2026-10-04T19:43:02+00:00,0,41,1,0,discovery,0.25,"max_source_weight=0.25 -> 11.2 | best_evidence=discovery -> +0.0 | independent_spam_groups=1 -> +0.0 | seen_runs=41 -> +12.0 | age_days=0 -> recency +8.0, stale 0.0 | safe_groups=0 -> 0.0"
662995167,31.2,OBSERVE,2026-08-25T20:48:08+00:00,2026-10-04T19:43:02+00:00,0,41,1,0,discovery,0.25,"max_source_weight=0.25 -> 11.2 | best_evidence=discovery -> +0.0 | independent_spam_groups=1 -> +0.0 | seen_runs=41 -> +12.0 | age_days=0 -> recency +8.0, stale 0.0 | safe_groups=0 -> 0.0"
672325019,31.2,OBSERVE,2026-08-25T20:48:08+00:00,2026-10-04T19:43:02+00:00,0,41,1,0,discovery,0.25,"max_source_weight=0.25 -> 11.2 | best_evidence=discovery -> +0.0 | independent_spam_groups=1 -> +0.0 | seen_runs=41 -> +12.0 | age_days=0 -> recency +8.0, stale 0.0 | safe_groups=0 -> 0.0"
673004394,31.2,OBSERVE,2026-08-25T20:48:08+00:00,2026-10-04T19:43:02+00:00,0,41,1,0,discovery,0.25,"max_source_weight=0.25 -> 11.2 | best_evidence=discovery -> +0.0 | independent_spam_groups=1 -> +0.0 | seen_runs=41 -> +12.0 | age_days=0 -> recency +8.0, stale 0.0 | safe_groups=0 -> 0.0"
675696278,31.2,OBSERVE,2026-08-25T20:48:08+00:00,2026-10-04T19:43:02+00:00,0,41,1,0,discovery,0.25,"max_source_weight=0.25 -> 11.2 | best_evidence=discovery -> +0.0 | independent_spam_groups=1 -> +0.0 | seen_runs=41 -> +12.0 | age_days=0 -> recency +8.0, stale 0.0 | safe_groups=0 -> 0.0"
681392588,31.2,OBSERVE,2026-08-25T20:48:08+00:00,2026-10-04T19:43:02+00:00,0,41,1,0,discovery,0.25,"max_source_weight=0.25 -> 11.2 | best_evidence=discovery -> +0.0 | independent_spam_groups=1 -> +0.0 | seen_runs=41 -> +12.0 | age_days=0 -> recency +8.0, stale 0.0 | safe_groups=0 -> 0.0"
683786714,31.2,OBSERVE,2026-08-25T20:48:08+00:00,2026-10-04T19:43:02+00:00,0,41,1,0,discovery,0.25,"max_source_weight=0.25 -> 11.2 | best_evidence=discovery -> +0.0 | independent_spam_groups=1 -> +0.0 | seen_runs=41 -> +12.0 | age_days=0 -> recency +8.0, stale 0.0 | safe_groups=0 -> 0.0"
685939903,31.2,OBSERVE,2026-08-25T20:48:08+00:00,2026-10-04T19:43:02+00:00,0,41,1,0,discovery,0.25,"max_source_weight=0.25 -> 11.2 | best_evidence=discovery -> +0.0 | independent_spam_groups=1 -> +0.0 | seen_runs=41 -> +12.0 | age_days=0 -> recency +8.0, stale 0.0 | safe_groups=0 -> 0.0"
717067730,31.2,OBSERVE,2026-08-25T20:48:08+00:00,2026-10-04T19:43:02+00:00,0,41,1,0,discovery,0.25,"max_source_weight=0.25 -> 11.2 | best_evidence=discovery -> +0.0 | independent_spam_groups=1 -> +0.0 | seen_runs=41 -> +12.0 | age_days=0 -> recency +8.0, stale 0.0 | safe_groups=0 -> 0.0"
803405809,31.2,OBSERVE,2026-08-25T20:48:08+00:00,2026-10-04T19:43:02+00:00,0,41,1,0,discovery,0.25,"max_source_weight=0.25 -> 11.2 | best_evidence=discovery -> +0.0 | independent_spam_groups=1 -> +0.0 | seen_runs=41 -> +12.0 | age_days=0 -> recency +8.0, stale 0.0 | safe_groups=0 -> 0.0"
854613805,31.2,OBSERVE,2026-08-25T20:48:08+00:00,2026-10-04T19:43:02+00:00,0,41,1,0,discovery,0.25,"max_source_weight=0.25 -> 11.2 | best_evidence=discovery -> +0.0 | independent_spam_groups=1 -> +0.0 | seen_runs=41 -> +12.0 | age_days=0 -> recency +8.0, stale 0.0 | safe_groups=0 -> 0.0"
854613887,31.2,OBSERVE,2026-08-25T20:48:08+00:00,2026-10-04T19:43:02+00:00,0,41,1,0,discovery,0.25,"max_source_weight=0.25 -> 11.2 | best_evidence=discovery -> +0.0 | independent_spam_groups=1 -> +0.0 | seen_runs=41 -> +12.0 | age_days=0 -> recency +8.0, stale 0.0 | safe_groups=0 -> 0.0"
888888883,31.2,OBSERVE,2026-08-25T20:48:08+00:00,2026-10-04T19:43:02+00:00,0,41,1,0,discovery,0.25,"max_source_weight=0.25 -> 11.2 | best_evidence=discovery -> +0.0 | independent_spam_groups=1 -> +0.0 | seen_runs=41 -> +12.0 | age_days=0 -> recency +8.0, stale 0.0 | safe_groups=0 -> 0.0"
902122433,31.2,OBSERVE,2026-08-25T20:48:08+00:00,2026-10-04T19:43:02+00:00,0,41,1,0,discovery,0.25,"max_source_weight=0.25 -> 11.2 | best_evidence=discovery -> +0.0 | independent_spam_groups=1 -> +0.0 | seen_runs=41 -> +12.0 | age_days=0 -> recency +8.0, stale 0.0 | safe_groups=0 -> 0.0"
910105010,31.2,OBSERVE,2026-08-25T20:48:08+00:00,2026-10-04T19:43:02+00:00,0,41,1,0,discovery,0.25,"max_source_weight=0.25 -> 11.2 | best_evidence=discovery -> +0.0 | independent_spam_groups=1 -> +0.0 | seen_runs=41 -> +12.0 | age_days=0 -> recency +8.0, stale 0.0 | safe_groups=0 -> 0.0"
910287420,31.2,OBSERVE,2026-08-25T20:48:08+00:00,2026-10-04T19:43:02+00:00,0,41,1,0,discovery,0.25,"max_source_weight=0.25 -> 11.2 | best_evidence=discovery -> +0.0 | independent_spam_groups=1 -> +0.0 | seen_runs=41 -> +12.0 | age_days=0 -> recency +8.0, stale 0.0 | safe_groups=0 -> 0.0"
910317600,31.2,OBSERVE,2026-08-25T20:48:08+00:00,2026-10-04T19:43:02+00:00,0,41,1,0,discovery,0.25,"max_source_weight=0.25 -> 11.2 | best_evidence=discovery -> +0.0 | independent_spam_groups=1 -> +0.0 | seen_runs=41 -> +12.0 | age_days=0 -> recency +8.0, stale 0.0 | safe_groups=0 -> 0.0"
910317601,31.2,OBSERVE,2026-08-25T20:48:08+00:00,2026-10-04T19:43:02+00:00,0,41,1,0,discovery,0.25,"max_source_weight=0.25 -> 11.2 | best_evidence=discovery -> +0.0 | independent_spam_groups=1 -> +0.0 | seen_runs=41 -> +12.0 | age_days=0 -> recency +8.0, stale 0.0 | safe_groups=0 -> 0.0"
910480064,31.2,OBSERVE,2026-08-25T20:48:08+00:00,2026-10-04T19:43:02+00:00,0,41,1,0,discovery,0.25,"max_source_weight=0.25 -> 11.2 | best_evidence=discovery -> +0.0 | independent_spam_groups=1 -> +0.0 | seen_runs=41 -> +12.0 | age_days=0 -> recency +8.0, stale 0.0 | safe_groups=0 -> 0.0"
910612380,31.2,OBSERVE,2026-08-25T20:48:08+00:00,2026-10-04T19:43:02+00:00,0,41,1,0,discovery,0.25,"max_source_weight=0.25 -> 11.2 | best_evidence=discovery -> +0.0 | independent_spam_groups=1 -> +0.0 | seen_runs=41 -> +12.0 | age_days=0 -> recency +8.0, stale 0.0 | safe_groups=0 -> 0.0"
910613322,31.2,OBSERVE,2026-08-25T20:48:08+00:00,2026-10-04T19:43:02+00:00,0,41,1,0,discovery,0.25,"max_source_weight=0.25 -> 11.2 | best_evidence=discovery -> +0.0 | independent_spam_groups=1 -> +0.0 | seen_runs=41 -> +12.0 | age_days=0 -> recency +8.0, stale 0.0 | safe_groups=0 -> 0.0"
910770134,31.2,OBSERVE,2026-08-25T20:48:08+00:00,2026-10-04T19:43:02+00:00,0,41,1,0,discovery,0.25,"max_source_weight=0.25 -> 11.2 | best_evidence=discovery -> +0.0 | independent_spam_groups=1 -> +0.0 | seen_runs=41 -> +12.0 | age_days=0 -> recency +8.0, stale 0.0 | safe_groups=0 -> 0.0"
910770212,31.2,OBSERVE,2026-08-25T20:48:08+00:00,2026-10-04T19:43:02+00:00,0,41,1,0,discovery,0.25,"max_source_weight=0.25 -> 11.2 | best_evidence=discovery -> +0.0 | independent_spam_groups=1 -> +0.0 | seen_runs=41 -> +12.0 | age_days=0 -> recency +8.0, stale 0.0 | safe_groups=0 -> 0.0"
911161690,31.2,OBSERVE,2026-08-25T20:48:08+00:00,2026-10-04T19:43:02+00:00,0,41,1,0,discovery,0.25,"max_source_weight=0.25 -> 11.2 | best_evidence=discovery -> +0.0 | independent_spam_groups=1 -> +0.0 | seen_runs=41 -> +12.0 | age_days=0 -> recency +8.0, stale 0.0 | safe_groups=0 -> 0.0"
911335073,31.2,OBSERVE,2026-08-25T20:48:08+00:00,2026-10-04T19:43:02+00:00,0,41,1,0,discovery,0.25,"max_source_weight=0.25 -> 11.2 | best_evidence=discovery -> +0.0 | independent_spam_groups=1 -> +0.0 | seen_runs=41 -> +12.0 | age_days=0 -> recency +8.0, stale 0.0 | safe_groups=0 -> 0.0"
911875004,31.2,OBSERVE,2026-08-25T20:48:08+00:00,2026-10-04T19:43:02+00:00,0,41,1,0,discovery,0.25,"max_source_weight=0.25 -> 11.2 | best_evidence=discovery -> +0.0 | independent_spam_groups=1 -> +0.0 | seen_runs=41 -> +12.0 | age_days=0 -> recency +8.0, stale 0.0 | safe_groups=0 -> 0.0"
911899005,31.2,OBSERVE,2026-08-25T20:48:08+00:00,2026-10-04T19:43:02+00:00,0,41,1,0,discovery,0.25,"max_source_weight=0.25 -> 11.2 | best_evidence=discovery -> +0.0 | independent_spam_groups=1 -> +0.0 | seen_runs=41 -> +12.0 | age_days=0 -> recency +8.0, stale 0.0 | safe_groups=0 -> 0.0"
911984978,31.2,OBSERVE,2026-08-25T20:48:08+00:00,2026-10-04T19:43:02+00:00,0,41,1,0,discovery,0.25,"max_source_weight=0.25 -> 11.2 | best_evidence=discovery -> +0.0 | independent_spam_groups=1 -> +0.0 | seen_runs=41 -> +12.0 | age_days=0 -> recency +8.0, stale 0.0 | safe_groups=0 -> 0.0"
912104830,31.2,OBSERVE,2026-08-25T20:48:08+00:00,2026-10-04T19:43:02+00:00,0,41,1,0,discovery,0.25,"max_source_weight=0.25 -> 11.2 | best_evidence=discovery -> +0.0 | independent_spam_groups=1 -> +0.0 | seen_runs=41 -> +12.0 | age_days=0 -> recency +8.0, stale 0.0 | safe_groups=0 -> 0.0"
912867203,31.2,OBSERVE,2026-08-25T20:48:08+00:00,2026-10-04T19:43:02+00:00,0,41,1,0,discovery,0.25,"max_source_weight=0.25 -> 11.2 | best_evidence=discovery -> +0.0 | independent_spam_groups=1 -> +0.0 | seen_runs=41 -> +12.0 | age_days=0 -> recency +8.0, stale 0.0 | safe_groups=0 -> 0.0"
912868931,31.2,OBSERVE,2026-08-25T20:48:08+00:00,2026-10-04T19:43:02+00:00,0,41,1,0,discovery,0.25,"max_source_weight=0.25 -> 11.2 | best_evidence=discovery -> +0.0 | independent_spam_groups=1 -> +0.0 | seen_runs=41 -> +12.0 | age_days=0 -> recency +8.0, stale 0.0 | safe_groups=0 -> 0.0"
913700001,31.2,OBSERVE,2026-08-25T20:48:08+00:00,2026-10-04T19:43:02+00:00,0,41,1,0,discovery,0.25,"max_source_weight=0.25 -> 11.2 | best_evidence=discovery -> +0.0 | independent_spam_groups=1 -> +0.0 | seen_runs=41 -> +12.0 | age_days=0 -> recency +8.0, stale 0.0 | safe_groups=0 -> 0.0"
914951089,31.2,OBSERVE,2026-08-25T20:48:08+00:00,2026-10-04T19:43:02+00:00,0,41,1,0,discovery,0.25,"max_source_weight=0.25 -> 11.2 | best_evidence=discovery -> +0.0 | independent_spam_groups=1 -> +0.0 | seen_runs=41 -> +12.0 | age_days=0 -> recency +8.0, stale 0.0 | safe_groups=0 -> 0.0"
915026060,31.2,OBSERVE,2026-08-25T20:48:08+00:00,2026-10-04T19:43:02+00:00,0,41,1,0,discovery,0.25,"max_source_weight=0.25 -> 11.2 | best_evidence=discovery -> +0.0 | independent_spam_groups=1 -> +0.0 | seen_runs=41 -> +12.0 | age_days=0 -> recency +8.0, stale 0.0 | safe_groups=0 -> 0.0"
915124515,31.2,OBSERVE,2026-08-25T20:48:08+00:00,2026-10-04T19:43:02+00:00,0,41,1,0,discovery,0.25,"max_source_weight=0.25 -> 11.2 | best_evidence=discovery -> +0.0 | independent_spam_groups=1 -> +0.0 | seen_runs=41 -> +12.0 | age_days=0 -> recency +8.0, stale 0.0 | safe_groups=0 -> 0.0"
915199062,31.2,OBSERVE,2026-08-25T20:48:08+00:00,2026-10-04T19:43:02+00:00,0,41,1,0,discovery,0.25,"max_source_weight=0.25 -> 11.2 | best_evidence=discovery -> +0.0 | independent_spam_groups=1 -> +0.0 | seen_runs=41 -> +12.0 | age_days=0 -> recency +8.0, stale 0.0 | safe_groups=0 -> 0.0"
917376593,31.2,OBSERVE,2026-08-25T20:48:08+00:00,2026-10-04T19:43:02+00:00,0,41,1,0,discovery,0.25,"max_source_weight=0.25 -> 11.2 | best_evidence=discovery -> +0.0 | independent_spam_groups=1 -> +0.0 | seen_runs=41 -> +12.0 | age_days=0 -> recency +8.0, stale 0.0 | safe_groups=0 -> 0.0"
918055652,31.2,OBSERVE,2026-08-25T20:48:08+00:00,2026-10-04T19:43:02+00:00,0,41,1,0,discovery,0.25,"max_source_weight=0.25 -> 11.2 | best_evidence=discovery -> +0.0 | independent_spam_groups=1 -> +0.0 | seen_runs=41 -> +12.0 | age_days=0 -> recency +8.0, stale 0.0 | safe_groups=0 -> 0.0"
918288510,31.2,OBSERVE,2026-08-25T20:48:08+00:00,2026-10-04T19:43:02+00:00,0,41,1,0,discovery,0.25,"max_source_weight=0.25 -> 11.2 | best_evidence=discovery -> +0.0 | independent_spam_groups=1 -> +0.0 | seen_runs=41 -> +12.0 | age_days=0 -> recency +8.0, stale 0.0 | safe_groups=0 -> 0.0"
918371554,31.2,OBSERVE,2026-08-25T20:48:08+00:00,2026-10-04T19:43:02+00:00,0,41,1,0,discovery,0.25,"max_source_weight=0.25 -> 11.2 | best_evidence=discovery -> +0.0 | independent_spam_groups=1 -> +0.0 | seen_runs=41 -> +12.0 | age_days=0 -> recency +8.0, stale 0.0 | safe_groups=0 -> 0.0"
919011205,31.2,OBSERVE,2026-08-25T20:48:08+00:00,2026-10-04T19:43:02+00:00,0,41,1,0,discovery,0.25,"max_source_weight=0.25 -> 11.2 | best_evidence=discovery -> +0.0 | independent_spam_groups=1 -> +0.0 | seen_runs=41 -> +12.0 | age_days=0 -> recency +8.0, stale 0.0 | safe_groups=0 -> 0.0"
919199477,31.2,OBSERVE,2026-08-25T20:48:08+00:00,2026-10-04T19:43:02+00:00,0,41,1,0,discovery,0.25,"max_source_weight=0.25 -> 11.2 | best_evidence=discovery -> +0.0 | independent_spam_groups=1 -> +0.0 | seen_runs=41 -> +12.0 | age_days=0 -> recency +8.0, stale 0.0 | safe_groups=0 -> 0.0"
919978535,31.2,OBSERVE,2026-08-25T20:48:08+00:00,2026-10-04T19:43:02+00:00,0,41,1,0,discovery,0.25,"max_source_weight=0.25 -> 11.2 | best_evidence=discovery -> +0.0 | independent_spam_groups=1 -> +0.0 | seen_runs=41 -> +12.0 | age_days=0 -> recency +8.0, stale 0.0 | safe_groups=0 -> 0.0"
919991949,31.2,OBSERVE,2026-08-25T20:48:08+00:00,2026-10-04T19:43:02+00:00,0,41,1,0,discovery,0.25,"max_source_weight=0.25 -> 11.2 | best_evidence=discovery -> +0.0 | independent_spam_groups=1 -> +0.0 | seen_runs=41 -> +12.0 | age_days=0 -> recency +8.0, stale 0.0 | safe_groups=0 -> 0.0"
928338700,31.2,OBSERVE,2026-08-25T20:48:08+00:00,2026-10-04T19:43:02+00:00,0,41,1,0,discovery,0.25,"max_source_weight=0.25 -> 11.2 | best_evidence=discovery -> +0.0 | independent_spam_groups=1 -> +0.0 | seen_runs=41 -> +12.0 | age_days=0 -> recency +8.0, stale 0.0 | safe_groups=0 -> 0.0"
928503532,31.2,OBSERVE,2026-08-25T20:48:08+00:00,2026-10-04T19:43:02+00:00,0,41,1,0,discovery,0.25,"max_source_weight=0.25 -> 11.2 | best_evidence=discovery -> +0.0 | independent_spam_groups=1 -> +0.0 | seen_runs=41 -> +12.0 | age_days=0 -> recency +8.0, stale 0.0 | safe_groups=0 -> 0.0"
930141587,31.2,OBSERVE,2026-08-25T20:48:08+00:00,2026-10-04T19:43:02+00:00,0,41,1,0,discovery,0.25,"max_source_weight=0.25 -> 11.2 | best_evidence=discovery -> +0.0 | independent_spam_groups=1 -> +0.0 | seen_runs=41 -> +12.0 | age_days=0 -> recency +8.0, stale 0.0 | safe_groups=0 -> 0.0"
931710961,31.2,OBSERVE,2026-08-25T20:48:08+00:00,2026-10-04T19:43:02+00:00,0,41,1,0,discovery,0.25,"max_source_weight=0.25 -> 11.2 | best_evidence=discovery -> +0.0 | independent_spam_groups=1 -> +0.0 | seen_runs=41 -> +12.0 | age_days=0 -> recency +8.0, stale 0.0 | safe_groups=0 -> 0.0"
931770578,31.2,OBSERVE,2026-08-25T20:48:08+00:00,2026-10-04T19:43:02+00:00,0,41,1,0,discovery,0.25,"max_source_weight=0.25 -> 11.2 | best_evidence=discovery -> +0.0 | independent_spam_groups=1 -> +0.0 | seen_runs=41 -> +12.0 | age_days=0 -> recency +8.0, stale 0.0 | safe_groups=0 -> 0.0"
931997009,31.2,OBSERVE,2026-08-25T20:48:08+00:00,2026-10-04T19:43:02+00:00,0,41,1,0,discovery,0.25,"max_source_weight=0.25 -> 11.2 | best_evidence=discovery -> +0.0 | independent_spam_groups=1 -> +0.0 | seen_runs=41 -> +12.0 | age_days=0 -> recency +8.0, stale 0.0 | safe_groups=0 -> 0.0"
932200691,31.2,OBSERVE,2026-08-25T20:48:08+00:00,2026-10-04T19:43:02+00:00,0,41,1,0,discovery,0.25,"max_source_weight=0.25 -> 11.2 | best_evidence=discovery -> +0.0 | independent_spam_groups=1 -> +0.0 | seen_runs=41 -> +12.0 | age_days=0 -> recency +8.0, stale 0.0 | safe_groups=0 -> 0.0"
932203731,31.2,OBSERVE,2026-08-25T20:48:08+00:00,2026-10-04T19:43:02+00:00,0,41,1,0,discovery,0.25,"max_source_weight=0.25 -> 11.2 | best_evidence=discovery -> +0.0 | independent_spam_groups=1 -> +0.0 | seen_runs=41 -> +12.0 | age_days=0 -> recency +8.0, stale 0.0 | safe_groups=0 -> 0.0"
935656034,31.2,OBSERVE,2026-08-25T20:48:08+00:00,2026-10-04T19:43:02+00:00,0,41,1,0,discovery,0.25,"max_source_weight=0.25 -> 11.2 | best_evidence=discovery -> +0.0 | independent_spam_groups=1 -> +0.0 | seen_runs=41 -> +12.0 | age_days=0 -> recency +8.0, stale 0.0 | safe_groups=0 -> 0.0"
938490280,31.2,OBSERVE,2026-08-25T20:48:08+00:00,2026-10-04T19:43:02+00:00,0,41,1,0,discovery,0.25,"max_source_weight=0.25 -> 11.2 | best_evidence=discovery -> +0.0 | independent_spam_groups=1 -> +0.0 | seen_runs=41 -> +12.0 | age_days=0 -> recency +8.0, stale 0.0 | safe_groups=0 -> 0.0"
938614713,31.2,OBSERVE,2026-08-25T20:48:08+00:00,2026-10-04T19:43:02+00:00,0,41,1,0,discovery,0.25,"max_source_weight=0.25 -> 11.2 | best_evidence=discovery -> +0.0 | independent_spam_groups=1 -> +0.0 | seen_runs=41 -> +12.0 | age_days=0 -> recency +8.0, stale 0.0 | safe_groups=0 -> 0.0"
941286659,31.2,OBSERVE,2026-08-25T20:48:08+00:00,2026-10-04T19:43:02+00:00,0,41,1,0,discovery,0.25,"max_source_weight=0.25 -> 11.2 | best_evidence=discovery -> +0.0 | independent_spam_groups=1 -> +0.0 | seen_runs=41 -> +12.0 | age_days=0 -> recency +8.0, stale 0.0 | safe_groups=0 -> 0.0"
946090346,31.2,OBSERVE,2026-08-25T20:48:08+00:00,2026-10-04T19:43:02+00:00,0,41,1,0,discovery,0.25,"max_source_weight=0.25 -> 11.2 | best_evidence=discovery -> +0.0 | independent_spam_groups=1 -> +0.0 | seen_runs=41 -> +12.0 | age_days=0 -> recency +8.0, stale 0.0 | safe_groups=0 -> 0.0"
946856279,31.2,OBSERVE,2026-08-25T20:48:08+00:00,2026-10-04T19:43:02+00:00,0,41,1,0,discovery,0.25,"max_source_weight=0.25 -> 11.2 | best_evidence=discovery -> +0.0 | independent_spam_groups=1 -> +0.0 | seen_runs=41 -> +12.0 | age_days=0 -> recency +8.0, stale 0.0 | safe_groups=0 -> 0.0"
948786862,31.2,OBSERVE,2026-08-25T20:48:08+00:00,2026-10-04T19:43:02+00:00,0,41,1,0,discovery,0.25,"max_source_weight=0.25 -> 11.2 | best_evidence=discovery -> +0.0 | independent_spam_groups=1 -> +0.0 | seen_runs=41 -> +12.0 | age_days=0 -> recency +8.0, stale 0.0 | safe_groups=0 -> 0.0"
948985578,31.2,OBSERVE,2026-08-25T20:48:08+00:00,2026-10-04T19:43:02+00:00,0,41,1,0,discovery,0.25,"max_source_weight=0.25 -> 11.2 | best_evidence=discovery -> +0.0 | independent_spam_groups=1 -> +0.0 | seen_runs=41 -> +12.0 | age_days=0 -> recency +8.0, stale 0.0 | safe_groups=0 -> 0.0"
951553677,31.2,OBSERVE,2026-08-25T20:48:08+00:00,2026-10-04T19:43:02+00:00,0,41,1,0,discovery,0.25,"max_source_weight=0.25 -> 11.2 | best_evidence=discovery -> +0.0 | independent_spam_groups=1 -> +0.0 | seen_runs=41 -> +12.0 | age_days=0 -> recency +8.0, stale 0.0 | safe_groups=0 -> 0.0"
952915800,31.2,OBSERVE,2026-08-25T20:48:08+00:00,2026-10-04T19:43:02+00:00,0,41,1,0,discovery,0.25,"max_source_weight=0.25 -> 11.2 | best_evidence=discovery -> +0.0 | independent_spam_groups=1 -> +0.0 | seen_runs=41 -> +12.0 | age_days=0 -> recency +8.0, stale 0.0 | safe_groups=0 -> 0.0"
956107997,31.2,OBSERVE,2026-08-25T20:48:08+00:00,2026-10-04T19:43:02+00:00,0,41,1,0,discovery,0.25,"max_source_weight=0.25 -> 11.2 | best_evidence=discovery -> +0.0 | independent_spam_groups=1 -> +0.0 | seen_runs=41 -> +12.0 | age_days=0 -> recency +8.0, stale 0.0 | safe_groups=0 -> 0.0"
958050200,31.2,OBSERVE,2026-08-25T20:48:08+00:00,2026-10-04T19:43:02+00:00,0,41,1,0,discovery,0.25,"max_source_weight=0.25 -> 11.2 | best_evidence=discovery -> +0.0 | independent_spam_groups=1 -> +0.0 | seen_runs=41 -> +12.0 | age_days=0 -> recency +8.0, stale 0.0 | safe_groups=0 -> 0.0"
960254531,31.2,OBSERVE,2026-08-25T20:48:08+00:00,2026-10-04T19:43:02+00:00,0,41,1,0,discovery,0.25,"max_source_weight=0.25 -> 11.2 | best_evidence=discovery -> +0.0 | independent_spam_groups=1 -> +0.0 | seen_runs=41 -> +12.0 | age_days=0 -> recency +8.0, stale 0.0 | safe_groups=0 -> 0.0"
960259627,31.2,OBSERVE,2026-08-25T20:48:08+00:00,2026-10-04T19:43:02+00:00,0,41,1,0,discovery,0.25,"max_source_weight=0.25 -> 11.2 | best_evidence=discovery -> +0.0 | independent_spam_groups=1 -> +0.0 | seen_runs=41 -> +12.0 | age_days=0 -> recency +8.0, stale 0.0 | safe_groups=0 -> 0.0"
960624326,31.2,OBSERVE,2026-08-25T20:48:08+00:00,2026-10-04T19:43:02+00:00,0,41,1,0,discovery,0.25,"max_source_weight=0.25 -> 11.2 | best_evidence=discovery -> +0.0 | independent_spam_groups=1 -> +0.0 | seen_runs=41 -> +12.0 | age_days=0 -> recency +8.0, stale 0.0 | safe_groups=0 -> 0.0"
963112114,31.2,OBSERVE,2026-08-25T20:48:08+00:00,2026-10-04T19:43:02+00:00,0,41,1,0,discovery,0.25,"max_source_weight=0.25 -> 11.2 | best_evidence=discovery -> +0.0 | independent_spam_groups=1 -> +0.0 | seen_runs=41 -> +12.0 | age_days=0 -> recency +8.0, stale 0.0 | safe_groups=0 -> 0.0"
963118443,31.2,OBSERVE,2026-08-25T20:48:08+00:00,2026-10-04T19:43:02+00:00,0,41,1,0,discovery,0.25,"max_source_weight=0.25 -> 11.2 | best_evidence=discovery -> +0.0 | independent_spam_groups=1 -> +0.0 | seen_runs=41 -> +12.0 | age_days=0 -> recency +8.0, stale 0.0 | safe_groups=0 -> 0.0"
963118460,31.2,OBSERVE,2026-08-25T20:48:08+00:00,2026-10-04T19:43:02+00:00,0,41,1,0,discovery,0.25,"max_source_weight=0.25 -> 11.2 | best_evidence=discovery -> +0.0 | independent_spam_groups=1 -> +0.0 | seen_runs=41 -> +12.0 | age_days=0 -> recency +8.0, stale 0.0 | safe_groups=0 -> 0.0"
963979458,31.2,OBSERVE,2026-08-25T20:48:08+00:00,2026-10-04T19:43:02+00:00,0,41,1,0,discovery,0.25,"max_source_weight=0.25 -> 11.2 | best_evidence=discovery -> +0.0 | independent_spam_groups=1 -> +0.0 | seen_runs=41 -> +12.0 | age_days=0 -> recency +8.0, stale 0.0 | safe_groups=0 -> 0.0"
967979532,31.2,OBSERVE,2026-08-25T20:48:08+00:00,2026-10-04T19:43:02+00:00,0,41,1,0,discovery,0.25,"max_source_weight=0.25 -> 11.2 | best_evidence=discovery -> +0.0 | independent_spam_groups=1 -> +0.0 | seen_runs=41 -> +12.0 | age_days=0 -> recency +8.0, stale 0.0 | safe_groups=0 -> 0.0"
971497815,31.2,OBSERVE,2026-08-25T20:48:08+00:00,2026-10-04T19:43:02+00:00,0,41,1,0,discovery,0.25,"max_source_weight=0.25 -> 11.2 | best_evidence=discovery -> +0.0 | independent_spam_groups=1 -> +0.0 | seen_runs=41 -> +12.0 | age_days=0 -> recency +8.0, stale 0.0 | safe_groups=0 -> 0.0"
976695198,31.2,OBSERVE,2026-08-25T20:48:08+00:00,2026-10-04T19:43:02+00:00,0,41,1,0,discovery,0.25,"max_source_weight=0.25 -> 11.2 | best_evidence=discovery -> +0.0 | independent_spam_groups=1 -> +0.0 | seen_runs=41 -> +12.0 | age_days=0 -> recency +8.0, stale 0.0 | safe_groups=0 -> 0.0"
979691591,31.2,OBSERVE,2026-08-25T20:48:08+00:00,2026-10-04T19:43:02+00:00,0,41,1,0,discovery,0.25,"max_source_weight=0.25 -> 11.2 | best_evidence=discovery -> +0.0 | independent_spam_groups=1 -> +0.0 | seen_runs=41 -> +12.0 | age_days=0 -> recency +8.0, stale 0.0 | safe_groups=0 -> 0.0"
983359934,31.2,OBSERVE,2026-08-25T20:48:08+00:00,2026-10-04T19:43:02+00:00,0,41,1,0,discovery,0.25,"max_source_weight=0.25 -> 11.2 | best_evidence=discovery -> +0.0 | independent_spam_groups=1 -> +0.0 | seen_runs=41 -> +12.0 | age_days=0 -> recency +8.0, stale 0.0 | safe_groups=0 -> 0.0"
984290020,31.2,OBSERVE,2026-08-25T20:48:08+00:00,2026-10-04T19:43:02+00:00,0,41,1,0,discovery,0.25,"max_source_weight=0.25 -> 11.2 | best_evidence=discovery -> +0.0 | independent_spam_groups=1 -> +0.0 | seen_runs=41 -> +12.0 | age_days=0 -> recency +8.0, stale 0.0 | safe_groups=0 -> 0.0"
985652300,31.2,OBSERVE,2026-08-25T20:48:08+00:00,2026-10-04T19:43:02+00:00,0,41,1,0,discovery,0.25,"max_source_weight=0.25 -> 11.2 | best_evidence=discovery -> +0.0 | independent_spam_groups=1 -> +0.0 | seen_runs=41 -> +12.0 | age_days=0 -> recency +8.0, stale 0.0 | safe_groups=0 -> 0.0"
987795166,31.2,OBSERVE,2026-08-25T20:48:08+00:00,2026-10-04T19:43:02+00:00,0,41,1,0,discovery,0.25,"max_source_weight=0.25 -> 11.2 | best_evidence=discovery -> +0.0 | independent_spam_groups=1 -> +0.0 | seen_runs=41 -> +12.0 | age_days=0 -> recency +8.0, stale 0.0 | safe_groups=0 -> 0.0"
601642346,29.0,OBSERVE,2026-09-15T19:45:50+00:00,2026-10-04T19:43:02+00:00,0,20,1,0,discovery,0.20,"max_source_weight=0.20 -> 9.0 | best_evidence=discovery -> +0.0 | independent_spam_groups=1 -> +0.0 | seen_runs=20 -> +12.0 | age_days=0 -> recency +8.0, stale 0.0 | safe_groups=0 -> 0.0"
601911950,29.0,OBSERVE,2026-09-29T20:52:44+00:00,2026-10-04T19:43:02+00:00,0,6,1,0,discovery,0.20,"max_source_weight=0.20 -> 9.0 | best_evidence=discovery -> +0.0 | independent_spam_groups=1 -> +0.0 | seen_runs=6 -> +12.0 | age_days=0 -> recency +8.0, stale 0.0 | safe_groups=0 -> 0.0"
602362636,29.0,OBSERVE,2026-09-12T18:28:48+00:00,2026-10-04T19:43:02+00:00,0,23,1,0,discovery,0.20,"max_source_weight=0.20 -> 9.0 | best_evidence=discovery -> +0.0 | independent_spam_groups=1 -> +0.0 | seen_runs=23 -> +12.0 | age_days=0 -> recency +8.0, stale 0.0 | safe_groups=0 -> 0.0"
602809869,29.0,OBSERVE,2026-09-12T18:28:48+00:00,2026-10-04T19:43:02+00:00,0,23,1,0,discovery,0.20,"max_source_weight=0.20 -> 9.0 | best_evidence=discovery -> +0.0 | independent_spam_groups=1 -> +0.0 | seen_runs=23 -> +12.0 | age_days=0 -> recency +8.0, stale 0.0 | safe_groups=0 -> 0.0"
604228936,29.0,OBSERVE,2026-09-12T18:28:48+00:00,2026-10-04T19:43:02+00:00,0,23,1,0,discovery,0.20,"max_source_weight=0.20 -> 9.0 | best_evidence=discovery -> +0.0 | independent_spam_groups=1 -> +0.0 | seen_runs=23 -> +12.0 | age_days=0 -> recency +8.0, stale 0.0 | safe_groups=0 -> 0.0"
604809024,29.0,OBSERVE,2026-09-14T20:22:20+00:00,2026-10-04T19:43:02+00:00,0,21,1,0,discovery,0.20,"max_source_weight=0.20 -> 9.0 | best_evidence=discovery -> +0.0 | independent_spam_groups=1 -> +0.0 | seen_runs=21 -> +12.0 | age_days=0 -> recency +8.0, stale 0.0 | safe_groups=0 -> 0.0"
605022119,29.0,OBSERVE,2026-09-22T19:49:00+00:00,2026-10-04T19:43:02+00:00,0,13,1,0,discovery,0.20,"max_source_weight=0.20 -> 9.0 | best_evidence=discovery -> +0.0 | independent_spam_groups=1 -> +0.0 | seen_runs=13 -> +12.0 | age_days=0 -> recency +8.0, stale 0.0 | safe_groups=0 -> 0.0"
606032479,29.0,OBSERVE,2026-09-10T19:11:24+00:00,2026-10-04T19:43:02+00:00,0,25,1,0,discovery,0.20,"max_source_weight=0.20 -> 9.0 | best_evidence=discovery -> +0.0 | independent_spam_groups=1 -> +0.0 | seen_runs=25 -> +12.0 | age_days=0 -> recency +8.0, stale 0.0 | safe_groups=0 -> 0.0"
606194416,29.0,OBSERVE,2026-09-10T19:11:24+00:00,2026-10-04T19:43:02+00:00,0,25,1,0,discovery,0.20,"max_source_weight=0.20 -> 9.0 | best_evidence=discovery -> +0.0 | independent_spam_groups=1 -> +0.0 | seen_runs=25 -> +12.0 | age_days=0 -> recency +8.0, stale 0.0 | safe_groups=0 -> 0.0"
606683805,29.0,OBSERVE,2026-09-10T19:11:24+00:00,2026-09-28T22:06:43+00:00,5,19,1,0,discovery,0.20,"max_source_weight=0.20 -> 9.0 | best_evidence=discovery -> +0.0 | independent_spam_groups=1 -> +0.0 | seen_runs=19 -> +12.0 | age_days=5 -> recency +8.0, stale 0.0 | safe_groups=0 -> 0.0"
606793494,29.0,OBSERVE,2026-09-24T20:03:41+00:00,2026-10-04T19:43:02+00:00,0,11,1,0,discovery,0.20,"max_source_weight=0.20 -> 9.0 | best_evidence=discovery -> +0.0 | independent_spam_groups=1 -> +0.0 | seen_runs=11 -> +12.0 | age_days=0 -> recency +8.0, stale 0.0 | safe_groups=0 -> 0.0"
606842916,29.0,OBSERVE,2026-09-10T19:11:24+00:00,2026-10-04T19:43:02+00:00,0,25,1,0,discovery,0.20,"max_source_weight=0.20 -> 9.0 | best_evidence=discovery -> +0.0 | independent_spam_groups=1 -> +0.0 | seen_runs=25 -> +12.0 | age_days=0 -> recency +8.0, stale 0.0 | safe_groups=0 -> 0.0"
608100101,29.0,OBSERVE,2026-09-10T19:11:24+00:00,2026-09-27T19:49:51+00:00,6,18,1,0,discovery,0.20,"max_source_weight=0.20 -> 9.0 | best_evidence=discovery -> +0.0 | independent_spam_groups=1 -> +0.0 | seen_runs=18 -> +12.0 | age_days=6 -> recency +8.0, stale 0.0 | safe_groups=0 -> 0.0"
608149933,29.0,OBSERVE,2026-09-10T19:11:24+00:00,2026-10-04T19:43:02+00:00,0,25,1,0,discovery,0.20,"max_source_weight=0.20 -> 9.0 | best_evidence=discovery -> +0.0 | independent_spam_groups=1 -> +0.0 | seen_runs=25 -> +12.0 | age_days=0 -> recency +8.0, stale 0.0 | safe_groups=0 -> 0.0"
608215880,29.0,OBSERVE,2026-09-10T19:11:24+00:00,2026-10-04T19:43:02+00:00,0,25,1,0,discovery,0.20,"max_source_weight=0.20 -> 9.0 | best_evidence=discovery -> +0.0 | independent_spam_groups=1 -> +0.0 | seen_runs=25 -> +12.0 | age_days=0 -> recency +8.0, stale 0.0 | safe_groups=0 -> 0.0"
608364780,29.0,OBSERVE,2026-09-13T18:51:40+00:00,2026-10-04T19:43:02+00:00,0,22,1,0,discovery,0.20,"max_source_weight=0.20 -> 9.0 | best_evidence=discovery -> +0.0 | independent_spam_groups=1 -> +0.0 | seen_runs=22 -> +12.0 | age_days=0 -> recency +8.0, stale 0.0 | safe_groups=0 -> 0.0"
608523721,29.0,OBSERVE,2026-09-10T19:11:24+00:00,2026-10-04T19:43:02+00:00,0,25,1,0,discovery,0.20,"max_source_weight=0.20 -> 9.0 | best_evidence=discovery -> +0.0 | independent_spam_groups=1 -> +0.0 | seen_runs=25 -> +12.0 | age_days=0 -> recency +8.0, stale 0.0 | safe_groups=0 -> 0.0"
608869113,29.0,OBSERVE,2026-09-10T19:11:24+00:00,2026-10-04T19:43:02+00:00,0,25,1,0,discovery,0.20,"max_source_weight=0.20 -> 9.0 | best_evidence=discovery -> +0.0 | independent_spam_groups=1 -> +0.0 | seen_runs=25 -> +12.0 | age_days=0 -> recency +8.0, stale 0.0 | safe_groups=0 -> 0.0"
608935547,29.0,OBSERVE,2026-09-10T19:11:24+00:00,2026-10-04T19:43:02+00:00,0,25,1,0,discovery,0.20,"max_source_weight=0.20 -> 9.0 | best_evidence=discovery -> +0.0 | independent_spam_groups=1 -> +0.0 | seen_runs=25 -> +12.0 | age_days=0 -> recency +8.0, stale 0.0 | safe_groups=0 -> 0.0"
609370884,29.0,OBSERVE,2026-09-16T19:37:49+00:00,2026-10-04T19:43:02+00:00,0,19,1,0,discovery,0.20,"max_source_weight=0.20 -> 9.0 | best_evidence=discovery -> +0.0 | independent_spam_groups=1 -> +0.0 | seen_runs=19 -> +12.0 | age_days=0 -> recency +8.0, stale 0.0 | safe_groups=0 -> 0.0"
609450395,29.0,OBSERVE,2026-09-10T19:11:24+00:00,2026-10-04T19:43:02+00:00,0,25,1,0,discovery,0.20,"max_source_weight=0.20 -> 9.0 | best_evidence=discovery -> +0.0 | independent_spam_groups=1 -> +0.0 | seen_runs=25 -> +12.0 | age_days=0 -> recency +8.0, stale 0.0 | safe_groups=0 -> 0.0"
610330810,29.0,OBSERVE,2026-09-16T19:37:49+00:00,2026-10-04T19:43:02+00:00,0,19,1,0,discovery,0.20,"max_source_weight=0.20 -> 9.0 | best_evidence=discovery -> +0.0 | independent_spam_groups=1 -> +0.0 | seen_runs=19 -> +12.0 | age_days=0 -> recency +8.0, stale 0.0 | safe_groups=0 -> 0.0"
610653479,29.0,OBSERVE,2026-09-19T18:40:35+00:00,2026-10-04T19:43:02+00:00,0,16,1,0,discovery,0.20,"max_source_weight=0.20 -> 9.0 | best_evidence=discovery -> +0.0 | independent_spam_groups=1 -> +0.0 | seen_runs=16 -> +12.0 | age_days=0 -> recency +8.0, stale 0.0 | safe_groups=0 -> 0.0"
610684991,29.0,OBSERVE,2026-09-24T20:03:41+00:00,2026-10-04T19:43:02+00:00,0,11,1,0,discovery,0.20,"max_source_weight=0.20 -> 9.0 | best_evidence=discovery -> +0.0 | independent_spam_groups=1 -> +0.0 | seen_runs=11 -> +12.0 | age_days=0 -> recency +8.0, stale 0.0 | safe_groups=0 -> 0.0"
611810070,29.0,OBSERVE,2026-09-16T19:37:49+00:00,2026-10-04T19:43:02+00:00,0,19,1,0,discovery,0.20,"max_source_weight=0.20 -> 9.0 | best_evidence=discovery -> +0.0 | independent_spam_groups=1 -> +0.0 | seen_runs=19 -> +12.0 | age_days=0 -> recency +8.0, stale 0.0 | safe_groups=0 -> 0.0"
613209198,29.0,OBSERVE,2026-09-12T18:28:48+00:00,2026-10-04T19:43:02+00:00,0,23,1,0,discovery,0.20,"max_source_weight=0.20 -> 9.0 | best_evidence=discovery -> +0.0 | independent_spam_groups=1 -> +0.0 | seen_runs=23 -> +12.0 | age_days=0 -> recency +8.0, stale 0.0 | safe_groups=0 -> 0.0"
615772922,29.0,OBSERVE,2026-09-21T20:29:27+00:00,2026-10-04T19:43:02+00:00,0,14,1,0,discovery,0.20,"max_source_weight=0.20 -> 9.0 | best_evidence=discovery -> +0.0 | independent_spam_groups=1 -> +0.0 | seen_runs=14 -> +12.0 | age_days=0 -> recency +8.0, stale 0.0 | safe_groups=0 -> 0.0"
615805297,29.0,OBSERVE,2026-09-16T19:37:49+00:00,2026-10-04T19:43:02+00:00,0,19,1,0,discovery,0.20,"max_source_weight=0.20 -> 9.0 | best_evidence=discovery -> +0.0 | independent_spam_groups=1 -> +0.0 | seen_runs=19 -> +12.0 | age_days=0 -> recency +8.0, stale 0.0 | safe_groups=0 -> 0.0"
616102423,29.0,OBSERVE,2026-09-10T19:11:24+00:00,2026-10-04T19:43:02+00:00,0,25,1,0,discovery,0.20,"max_source_weight=0.20 -> 9.0 | best_evidence=discovery -> +0.0 | independent_spam_groups=1 -> +0.0 | seen_runs=25 -> +12.0 | age_days=0 -> recency +8.0, stale 0.0 | safe_groups=0 -> 0.0"
616285685,29.0,OBSERVE,2026-09-10T19:11:24+00:00,2026-09-29T20:52:44+00:00,4,20,1,0,discovery,0.20,"max_source_weight=0.20 -> 9.0 | best_evidence=discovery -> +0.0 | independent_spam_groups=1 -> +0.0 | seen_runs=20 -> +12.0 | age_days=4 -> recency +8.0, stale 0.0 | safe_groups=0 -> 0.0"
616528487,29.0,OBSERVE,2026-09-10T19:11:24+00:00,2026-10-04T19:43:02+00:00,0,25,1,0,discovery,0.20,"max_source_weight=0.20 -> 9.0 | best_evidence=discovery -> +0.0 | independent_spam_groups=1 -> +0.0 | seen_runs=25 -> +12.0 | age_days=0 -> recency +8.0, stale 0.0 | safe_groups=0 -> 0.0"
616556287,29.0,OBSERVE,2026-09-10T19:11:24+00:00,2026-09-29T20:52:44+00:00,4,20,1,0,discovery,0.20,"max_source_weight=0.20 -> 9.0 | best_evidence=discovery -> +0.0 | independent_spam_groups=1 -> +0.0 | seen_runs=20 -> +12.0 | age_days=4 -> recency +8.0, stale 0.0 | safe_groups=0 -> 0.0"
616737506,29.0,OBSERVE,2026-09-10T19:11:24+00:00,2026-10-04T19:43:02+00:00,0,25,1,0,discovery,0.20,"max_source_weight=0.20 -> 9.0 | best_evidence=discovery -> +0.0 | independent_spam_groups=1 -> +0.0 | seen_runs=25 -> +12.0 | age_days=0 -> recency +8.0, stale 0.0 | safe_groups=0 -> 0.0"
617261403,29.0,OBSERVE,2026-09-23T19:44:46+00:00,2026-10-04T19:43:02+00:00,0,12,1,0,discovery,0.20,"max_source_weight=0.20 -> 9.0 | best_evidence=discovery -> +0.0 | independent_spam_groups=1 -> +0.0 | seen_runs=12 -> +12.0 | age_days=0 -> recency +8.0, stale 0.0 | safe_groups=0 -> 0.0"
618166411,29.0,OBSERVE,2026-09-10T19:11:24+00:00,2026-09-29T20:52:44+00:00,4,20,1,0,discovery,0.20,"max_source_weight=0.20 -> 9.0 | best_evidence=discovery -> +0.0 | independent_spam_groups=1 -> +0.0 | seen_runs=20 -> +12.0 | age_days=4 -> recency +8.0, stale 0.0 | safe_groups=0 -> 0.0"
618189548,29.0,OBSERVE,2026-09-10T19:11:24+00:00,2026-09-29T20:52:44+00:00,4,20,1,0,discovery,0.20,"max_source_weight=0.20 -> 9.0 | best_evidence=discovery -> +0.0 | independent_spam_groups=1 -> +0.0 | seen_runs=20 -> +12.0 | age_days=4 -> recency +8.0, stale 0.0 | safe_groups=0 -> 0.0"
618277153,29.0,OBSERVE,2026-09-10T19:11:24+00:00,2026-10-01T21:06:14+00:00,2,22,1,0,discovery,0.20,"max_source_weight=0.20 -> 9.0 | best_evidence=discovery -> +0.0 | independent_spam_groups=1 -> +0.0 | seen_runs=22 -> +12.0 | age_days=2 -> recency +8.0, stale 0.0 | safe_groups=0 -> 0.0"
618286817,29.0,OBSERVE,2026-09-10T19:11:24+00:00,2026-10-01T21:06:14+00:00,2,22,1,0,discovery,0.20,"max_source_weight=0.20 -> 9.0 | best_evidence=discovery -> +0.0 | independent_spam_groups=1 -> +0.0 | seen_runs=22 -> +12.0 | age_days=2 -> recency +8.0, stale 0.0 | safe_groups=0 -> 0.0"
618403823,29.0,OBSERVE,2026-09-10T19:11:24+00:00,2026-09-30T20:53:12+00:00,3,21,1,0,discovery,0.20,"max_source_weight=0.20 -> 9.0 | best_evidence=discovery -> +0.0 | independent_spam_groups=1 -> +0.0 | seen_runs=21 -> +12.0 | age_days=3 -> recency +8.0, stale 0.0 | safe_groups=0 -> 0.0"
618500938,29.0,OBSERVE,2026-09-10T19:11:24+00:00,2026-10-04T19:43:02+00:00,0,25,1,0,discovery,0.20,"max_source_weight=0.20 -> 9.0 | best_evidence=discovery -> +0.0 | independent_spam_groups=1 -> +0.0 | seen_runs=25 -> +12.0 | age_days=0 -> recency +8.0, stale 0.0 | safe_groups=0 -> 0.0"
618502310,29.0,OBSERVE,2026-09-10T19:11:24+00:00,2026-10-04T19:43:02+00:00,0,25,1,0,discovery,0.20,"max_source_weight=0.20 -> 9.0 | best_evidence=discovery -> +0.0 | independent_spam_groups=1 -> +0.0 | seen_runs=25 -> +12.0 | age_days=0 -> recency +8.0, stale 0.0 | safe_groups=0 -> 0.0"
618638576,29.0,OBSERVE,2026-09-10T19:11:24+00:00,2026-10-01T21:06:14+00:00,2,22,1,0,discovery,0.20,"max_source_weight=0.20 -> 9.0 | best_evidence=discovery -> +0.0 | independent_spam_groups=1 -> +0.0 | seen_runs=22 -> +12.0 | age_days=2 -> recency +8.0, stale 0.0 | safe_groups=0 -> 0.0"
618673673,29.0,OBSERVE,2026-09-10T19:11:24+00:00,2026-09-29T20:52:44+00:00,4,20,1,0,discovery,0.20,"max_source_weight=0.20 -> 9.0 | best_evidence=discovery -> +0.0 | independent_spam_groups=1 -> +0.0 | seen_runs=20 -> +12.0 | age_days=4 -> recency +8.0, stale 0.0 | safe_groups=0 -> 0.0"
618677746,29.0,OBSERVE,2026-09-10T19:11:24+00:00,2026-10-04T19:43:02+00:00,0,25,1,0,discovery,0.20,"max_source_weight=0.20 -> 9.0 | best_evidence=discovery -> +0.0 | independent_spam_groups=1 -> +0.0 | seen_runs=25 -> +12.0 | age_days=0 -> recency +8.0, stale 0.0 | safe_groups=0 -> 0.0"
618728386,29.0,OBSERVE,2026-09-10T19:11:24+00:00,2026-10-04T19:43:02+00:00,0,25,1,0,discovery,0.20,"max_source_weight=0.20 -> 9.0 | best_evidence=discovery -> +0.0 | independent_spam_groups=1 -> +0.0 | seen_runs=25 -> +12.0 | age_days=0 -> recency +8.0, stale 0.0 | safe_groups=0 -> 0.0"
618802838,29.0,OBSERVE,2026-09-10T19:11:24+00:00,2026-09-30T20:53:12+00:00,3,21,1,0,discovery,0.20,"max_source_weight=0.20 -> 9.0 | best_evidence=discovery -> +0.0 | independent_spam_groups=1 -> +0.0 | seen_runs=21 -> +12.0 | age_days=3 -> recency +8.0, stale 0.0 | safe_groups=0 -> 0.0"
618939281,29.0,OBSERVE,2026-09-10T19:11:24+00:00,2026-10-03T19:18:00+00:00,1,24,1,0,discovery,0.20,"max_source_weight=0.20 -> 9.0 | best_evidence=discovery -> +0.0 | independent_spam_groups=1 -> +0.0 | seen_runs=24 -> +12.0 | age_days=1 -> recency +8.0, stale 0.0 | safe_groups=0 -> 0.0"
618980113,29.0,OBSERVE,2026-09-10T19:11:24+00:00,2026-10-04T19:43:02+00:00,0,25,1,0,discovery,0.20,"max_source_weight=0.20 -> 9.0 | best_evidence=discovery -> +0.0 | independent_spam_groups=1 -> +0.0 | seen_runs=25 -> +12.0 | age_days=0 -> recency +8.0, stale 0.0 | safe_groups=0 -> 0.0"
619208246,29.0,OBSERVE,2026-09-10T19:11:24+00:00,2026-10-04T19:43:02+00:00,0,25,1,0,discovery,0.20,"max_source_weight=0.20 -> 9.0 | best_evidence=discovery -> +0.0 | independent_spam_groups=1 -> +0.0 | seen_runs=25 -> +12.0 | age_days=0 -> recency +8.0, stale 0.0 | safe_groups=0 -> 0.0"
619516590,29.0,OBSERVE,2026-09-10T19:11:24+00:00,2026-10-04T19:43:02+00:00,0,25,1,0,discovery,0.20,"max_source_weight=0.20 -> 9.0 | best_evidence=discovery -> +0.0 | independent_spam_groups=1 -> +0.0 | seen_runs=25 -> +12.0 | age_days=0 -> recency +8.0, stale 0.0 | safe_groups=0 -> 0.0"
619601290,29.0,OBSERVE,2026-09-10T19:11:24+00:00,2026-10-04T19:43:02+00:00,0,25,1,0,discovery,0.20,"max_source_weight=0.20 -> 9.0 | best_evidence=discovery -> +0.0 | independent_spam_groups=1 -> +0.0 | seen_runs=25 -> +12.0 | age_days=0 -> recency +8.0, stale 0.0 | safe_groups=0 -> 0.0"
620016335,29.0,OBSERVE,2026-09-10T19:11:24+00:00,2026-10-04T19:43:02+00:00,0,25,1,0,discovery,0.20,"max_source_weight=0.20 -> 9.0 | best_evidence=discovery -> +0.0 | independent_spam_groups=1 -> +0.0 | seen_runs=25 -> +12.0 | age_days=0 -> recency +8.0, stale 0.0 | safe_groups=0 -> 0.0"
620141742,29.0,OBSERVE,2026-09-10T19:11:24+00:00,2026-10-04T19:43:02+00:00,0,25,1,0,discovery,0.20,"max_source_weight=0.20 -> 9.0 | best_evidence=discovery -> +0.0 | independent_spam_groups=1 -> +0.0 | seen_runs=25 -> +12.0 | age_days=0 -> recency +8.0, stale 0.0 | safe_groups=0 -> 0.0"
621142593,29.0,OBSERVE,2026-09-15T19:45:50+00:00,2026-10-04T19:43:02+00:00,0,20,1,0,discovery,0.20,"max_source_weight=0.20 -> 9.0 | best_evidence=discovery -> +0.0 | independent_spam_groups=1 -> +0.0 | seen_runs=20 -> +12.0 | age_days=0 -> recency +8.0, stale 0.0 | safe_groups=0 -> 0.0"
621200641,29.0,OBSERVE,2026-09-15T19:45:50+00:00,2026-10-04T19:43:02+00:00,0,20,1,0,discovery,0.20,"max_source_weight=0.20 -> 9.0 | best_evidence=discovery -> +0.0 | independent_spam_groups=1 -> +0.0 | seen_runs=20 -> +12.0 | age_days=0 -> recency +8.0, stale 0.0 | safe_groups=0 -> 0.0"
621263819,29.0,OBSERVE,2026-09-15T19:45:50+00:00,2026-10-04T19:43:02+00:00,0,20,1,0,discovery,0.20,"max_source_weight=0.20 -> 9.0 | best_evidence=discovery -> +0.0 | independent_spam_groups=1 -> +0.0 | seen_runs=20 -> +12.0 | age_days=0 -> recency +8.0, stale 0.0 | safe_groups=0 -> 0.0"
621279996,29.0,OBSERVE,2026-09-16T19:37:49+00:00,2026-10-04T19:43:02+00:00,0,19,1,0,discovery,0.20,"max_source_weight=0.20 -> 9.0 | best_evidence=discovery -> +0.0 | independent_spam_groups=1 -> +0.0 | seen_runs=19 -> +12.0 | age_days=0 -> recency +8.0, stale 0.0 | safe_groups=0 -> 0.0"
621290863,29.0,OBSERVE,2026-09-15T19:45:50+00:00,2026-10-04T19:43:02+00:00,0,20,1,0,discovery,0.20,"max_source_weight=0.20 -> 9.0 | best_evidence=discovery -> +0.0 | independent_spam_groups=1 -> +0.0 | seen_runs=20 -> +12.0 | age_days=0 -> recency +8.0, stale 0.0 | safe_groups=0 -> 0.0"
621683286,29.0,OBSERVE,2026-09-15T19:45:50+00:00,2026-10-04T19:43:02+00:00,0,20,1,0,discovery,0.20,"max_source_weight=0.20 -> 9.0 | best_evidence=discovery -> +0.0 | independent_spam_groups=1 -> +0.0 | seen_runs=20 -> +12.0 | age_days=0 -> recency +8.0, stale 0.0 | safe_groups=0 -> 0.0"
623005566,29.0,OBSERVE,2026-09-16T19:37:49+00:00,2026-10-04T19:43:02+00:00,0,19,1,0,discovery,0.20,"max_source_weight=0.20 -> 9.0 | best_evidence=discovery -> +0.0 | independent_spam_groups=1 -> +0.0 | seen_runs=19 -> +12.0 | age_days=0 -> recency +8.0, stale 0.0 | safe_groups=0 -> 0.0"
625198915,29.0,OBSERVE,2026-09-15T19:45:50+00:00,2026-10-04T19:43:02+00:00,0,20,1,0,discovery,0.20,"max_source_weight=0.20 -> 9.0 | best_evidence=discovery -> +0.0 | independent_spam_groups=1 -> +0.0 | seen_runs=20 -> +12.0 | age_days=0 -> recency +8.0, stale 0.0 | safe_groups=0 -> 0.0"
626060909,29.0,OBSERVE,2026-09-26T19:17:09+00:00,2026-10-04T19:43:02+00:00,0,9,1,0,discovery,0.20,"max_source_weight=0.20 -> 9.0 | best_evidence=discovery -> +0.0 | independent_spam_groups=1 -> +0.0 | seen_runs=9 -> +12.0 | age_days=0 -> recency +8.0, stale 0.0 | safe_groups=0 -> 0.0"
626066884,29.0,OBSERVE,2026-09-16T19:37:49+00:00,2026-10-04T19:43:02+00:00,0,19,1,0,discovery,0.20,"max_source_weight=0.20 -> 9.0 | best_evidence=discovery -> +0.0 | independent_spam_groups=1 -> +0.0 | seen_runs=19 -> +12.0 | age_days=0 -> recency +8.0, stale 0.0 | safe_groups=0 -> 0.0"
627003484,29.0,OBSERVE,2026-09-29T20:52:44+00:00,2026-10-04T19:43:02+00:00,0,6,1,0,discovery,0.20,"max_source_weight=0.20 -> 9.0 | best_evidence=discovery -> +0.0 | independent_spam_groups=1 -> +0.0 | seen_runs=6 -> +12.0 | age_days=0 -> recency +8.0, stale 0.0 | safe_groups=0 -> 0.0"
627391405,29.0,OBSERVE,2026-09-28T22:06:43+00:00,2026-10-04T19:43:02+00:00,0,7,1,0,discovery,0.20,"max_source_weight=0.20 -> 9.0 | best_evidence=discovery -> +0.0 | independent_spam_groups=1 -> +0.0 | seen_runs=7 -> +12.0 | age_days=0 -> recency +8.0, stale 0.0 | safe_groups=0 -> 0.0"
628171023,29.0,OBSERVE,2026-09-10T19:11:24+00:00,2026-09-29T20:52:44+00:00,4,20,1,0,discovery,0.20,"max_source_weight=0.20 -> 9.0 | best_evidence=discovery -> +0.0 | independent_spam_groups=1 -> +0.0 | seen_runs=20 -> +12.0 | age_days=4 -> recency +8.0, stale 0.0 | safe_groups=0 -> 0.0"
628363844,29.0,OBSERVE,2026-09-10T19:11:24+00:00,2026-10-04T19:43:02+00:00,0,25,1,0,discovery,0.20,"max_source_weight=0.20 -> 9.0 | best_evidence=discovery -> +0.0 | independent_spam_groups=1 -> +0.0 | seen_runs=25 -> +12.0 | age_days=0 -> recency +8.0, stale 0.0 | safe_groups=0 -> 0.0"
628400309,29.0,OBSERVE,2026-09-10T19:11:24+00:00,2026-10-04T19:43:02+00:00,0,25,1,0,discovery,0.20,"max_source_weight=0.20 -> 9.0 | best_evidence=discovery -> +0.0 | independent_spam_groups=1 -> +0.0 | seen_runs=25 -> +12.0 | age_days=0 -> recency +8.0, stale 0.0 | safe_groups=0 -> 0.0"
628470368,29.0,OBSERVE,2026-09-11T19:13:24+00:00,2026-10-04T19:43:02+00:00,0,24,1,0,discovery,0.20,"max_source_weight=0.20 -> 9.0 | best_evidence=discovery -> +0.0 | independent_spam_groups=1 -> +0.0 | seen_runs=24 -> +12.0 | age_days=0 -> recency +8.0, stale 0.0 | safe_groups=0 -> 0.0"
628619496,29.0,OBSERVE,2026-09-10T19:11:24+00:00,2026-10-04T19:43:02+00:00,0,25,1,0,discovery,0.20,"max_source_weight=0.20 -> 9.0 | best_evidence=discovery -> +0.0 | independent_spam_groups=1 -> +0.0 | seen_runs=25 -> +12.0 | age_days=0 -> recency +8.0, stale 0.0 | safe_groups=0 -> 0.0"
628681787,29.0,OBSERVE,2026-09-10T19:11:24+00:00,2026-10-04T19:43:02+00:00,0,25,1,0,discovery,0.20,"max_source_weight=0.20 -> 9.0 | best_evidence=discovery -> +0.0 | independent_spam_groups=1 -> +0.0 | seen_runs=25 -> +12.0 | age_days=0 -> recency +8.0, stale 0.0 | safe_groups=0 -> 0.0"
628717801,29.0,OBSERVE,2026-09-10T19:11:24+00:00,2026-09-27T19:49:51+00:00,6,18,1,0,discovery,0.20,"max_source_weight=0.20 -> 9.0 | best_evidence=discovery -> +0.0 | independent_spam_groups=1 -> +0.0 | seen_runs=18 -> +12.0 | age_days=6 -> recency +8.0, stale 0.0 | safe_groups=0 -> 0.0"
628925258,29.0,OBSERVE,2026-09-21T20:29:27+00:00,2026-10-04T19:43:02+00:00,0,14,1,0,discovery,0.20,"max_source_weight=0.20 -> 9.0 | best_evidence=discovery -> +0.0 | independent_spam_groups=1 -> +0.0 | seen_runs=14 -> +12.0 | age_days=0 -> recency +8.0, stale 0.0 | safe_groups=0 -> 0.0"
629132752,29.0,OBSERVE,2026-09-11T19:13:24+00:00,2026-10-04T19:43:02+00:00,0,24,1,0,discovery,0.20,"max_source_weight=0.20 -> 9.0 | best_evidence=discovery -> +0.0 | independent_spam_groups=1 -> +0.0 | seen_runs=24 -> +12.0 | age_days=0 -> recency +8.0, stale 0.0 | safe_groups=0 -> 0.0"
629871695,29.0,OBSERVE,2026-09-10T19:11:24+00:00,2026-09-29T20:52:44+00:00,4,20,1,0,discovery,0.20,"max_source_weight=0.20 -> 9.0 | best_evidence=discovery -> +0.0 | independent_spam_groups=1 -> +0.0 | seen_runs=20 -> +12.0 | age_days=4 -> recency +8.0, stale 0.0 | safe_groups=0 -> 0.0"
630109477,29.0,OBSERVE,2026-09-14T20:22:20+00:00,2026-10-04T19:43:02+00:00,0,21,1,0,discovery,0.20,"max_source_weight=0.20 -> 9.0 | best_evidence=discovery -> +0.0 | independent_spam_groups=1 -> +0.0 | seen_runs=21 -> +12.0 | age_days=0 -> recency +8.0, stale 0.0 | safe_groups=0 -> 0.0"
630387018,29.0,OBSERVE,2026-09-10T19:11:24+00:00,2026-10-04T19:43:02+00:00,0,25,1,0,discovery,0.20,"max_source_weight=0.20 -> 9.0 | best_evidence=discovery -> +0.0 | independent_spam_groups=1 -> +0.0 | seen_runs=25 -> +12.0 | age_days=0 -> recency +8.0, stale 0.0 | safe_groups=0 -> 0.0"
632227280,29.0,OBSERVE,2026-09-12T18:28:48+00:00,2026-10-04T19:43:02+00:00,0,23,1,0,discovery,0.20,"max_source_weight=0.20 -> 9.0 | best_evidence=discovery -> +0.0 | independent_spam_groups=1 -> +0.0 | seen_runs=23 -> +12.0 | age_days=0 -> recency +8.0, stale 0.0 | safe_groups=0 -> 0.0"
633189659,29.0,OBSERVE,2026-09-12T18:28:48+00:00,2026-10-04T19:43:02+00:00,0,23,1,0,discovery,0.20,"max_source_weight=0.20 -> 9.0 | best_evidence=discovery -> +0.0 | independent_spam_groups=1 -> +0.0 | seen_runs=23 -> +12.0 | age_days=0 -> recency +8.0, stale 0.0 | safe_groups=0 -> 0.0"
635437750,29.0,OBSERVE,2026-09-29T20:52:44+00:00,2026-10-04T19:43:02+00:00,0,6,1,0,discovery,0.20,"max_source_weight=0.20 -> 9.0 | best_evidence=discovery -> +0.0 | independent_spam_groups=1 -> +0.0 | seen_runs=6 -> +12.0 | age_days=0 -> recency +8.0, stale 0.0 | safe_groups=0 -> 0.0"
635693186,29.0,OBSERVE,2026-09-19T18:40:35+00:00,2026-10-04T19:43:02+00:00,0,16,1,0,discovery,0.20,"max_source_weight=0.20 -> 9.0 | best_evidence=discovery -> +0.0 | independent_spam_groups=1 -> +0.0 | seen_runs=16 -> +12.0 | age_days=0 -> recency +8.0, stale 0.0 | safe_groups=0 -> 0.0"
636388679,29.0,OBSERVE,2026-09-11T19:13:24+00:00,2026-10-04T19:43:02+00:00,0,24,1,0,discovery,0.20,"max_source_weight=0.20 -> 9.0 | best_evidence=discovery -> +0.0 | independent_spam_groups=1 -> +0.0 | seen_runs=24 -> +12.0 | age_days=0 -> recency +8.0, stale 0.0 | safe_groups=0 -> 0.0"
636416208,29.0,OBSERVE,2026-09-10T19:11:24+00:00,2026-10-04T19:43:02+00:00,0,25,1,0,discovery,0.20,"max_source_weight=0.20 -> 9.0 | best_evidence=discovery -> +0.0 | independent_spam_groups=1 -> +0.0 | seen_runs=25 -> +12.0 | age_days=0 -> recency +8.0, stale 0.0 | safe_groups=0 -> 0.0"
636451929,29.0,OBSERVE,2026-09-30T20:53:12+00:00,2026-10-04T19:43:02+00:00,0,5,1,0,discovery,0.20,"max_source_weight=0.20 -> 9.0 | best_evidence=discovery -> +0.0 | independent_spam_groups=1 -> +0.0 | seen_runs=5 -> +12.0 | age_days=0 -> recency +8.0, stale 0.0 | safe_groups=0 -> 0.0"
636457473,29.0,OBSERVE,2026-09-10T19:11:24+00:00,2026-10-04T19:43:02+00:00,0,25,1,0,discovery,0.20,"max_source_weight=0.20 -> 9.0 | best_evidence=discovery -> +0.0 | independent_spam_groups=1 -> +0.0 | seen_runs=25 -> +12.0 | age_days=0 -> recency +8.0, stale 0.0 | safe_groups=0 -> 0.0"
636531528,29.0,OBSERVE,2026-09-10T19:11:24+00:00,2026-09-29T20:52:44+00:00,4,20,1,0,discovery,0.20,"max_source_weight=0.20 -> 9.0 | best_evidence=discovery -> +0.0 | independent_spam_groups=1 -> +0.0 | seen_runs=20 -> +12.0 | age_days=4 -> recency +8.0, stale 0.0 | safe_groups=0 -> 0.0"
636637099,29.0,OBSERVE,2026-09-10T19:11:24+00:00,2026-10-04T19:43:02+00:00,0,25,1,0,discovery,0.20,"max_source_weight=0.20 -> 9.0 | best_evidence=discovery -> +0.0 | independent_spam_groups=1 -> +0.0 | seen_runs=25 -> +12.0 | age_days=0 -> recency +8.0, stale 0.0 | safe_groups=0 -> 0.0"
638140537,29.0,OBSERVE,2026-09-10T19:11:24+00:00,2026-09-30T20:53:12+00:00,3,21,1,0,discovery,0.20,"max_source_weight=0.20 -> 9.0 | best_evidence=discovery -> +0.0 | independent_spam_groups=1 -> +0.0 | seen_runs=21 -> +12.0 | age_days=3 -> recency +8.0, stale 0.0 | safe_groups=0 -> 0.0"
638247368,29.0,OBSERVE,2026-09-16T19:37:49+00:00,2026-10-04T19:43:02+00:00,0,19,1,0,discovery,0.20,"max_source_weight=0.20 -> 9.0 | best_evidence=discovery -> +0.0 | independent_spam_groups=1 -> +0.0 | seen_runs=19 -> +12.0 | age_days=0 -> recency +8.0, stale 0.0 | safe_groups=0 -> 0.0"
638257850,29.0,OBSERVE,2026-09-24T20:03:41+00:00,2026-10-04T19:43:02+00:00,0,11,1,0,discovery,0.20,"max_source_weight=0.20 -> 9.0 | best_evidence=discovery -> +0.0 | independent_spam_groups=1 -> +0.0 | seen_runs=11 -> +12.0 | age_days=0 -> recency +8.0, stale 0.0 | safe_groups=0 -> 0.0"
638435230,29.0,OBSERVE,2026-09-21T20:29:27+00:00,2026-10-04T19:43:02+00:00,0,14,1,0,discovery,0.20,"max_source_weight=0.20 -> 9.0 | best_evidence=discovery -> +0.0 | independent_spam_groups=1 -> +0.0 | seen_runs=14 -> +12.0 | age_days=0 -> recency +8.0, stale 0.0 | safe_groups=0 -> 0.0"
638786016,29.0,OBSERVE,2026-09-10T19:11:24+00:00,2026-10-04T19:43:02+00:00,0,25,1,0,discovery,0.20,"max_source_weight=0.20 -> 9.0 | best_evidence=discovery -> +0.0 | independent_spam_groups=1 -> +0.0 | seen_runs=25 -> +12.0 | age_days=0 -> recency +8.0, stale 0.0 | safe_groups=0 -> 0.0"
639415791,29.0,OBSERVE,2026-09-10T19:11:24+00:00,2026-10-04T19:43:02+00:00,0,25,1,0,discovery,0.20,"max_source_weight=0.20 -> 9.0 | best_evidence=discovery -> +0.0 | independent_spam_groups=1 -> +0.0 | seen_runs=25 -> +12.0 | age_days=0 -> recency +8.0, stale 0.0 | safe_groups=0 -> 0.0"
639825247,29.0,OBSERVE,2026-09-21T20:29:27+00:00,2026-10-04T19:43:02+00:00,0,14,1,0,discovery,0.20,"max_source_weight=0.20 -> 9.0 | best_evidence=discovery -> +0.0 | independent_spam_groups=1 -> +0.0 | seen_runs=14 -> +12.0 | age_days=0 -> recency +8.0, stale 0.0 | safe_groups=0 -> 0.0"
640580439,29.0,OBSERVE,2026-09-30T20:53:12+00:00,2026-10-04T19:43:02+00:00,0,5,1,0,discovery,0.20,"max_source_weight=0.20 -> 9.0 | best_evidence=discovery -> +0.0 | independent_spam_groups=1 -> +0.0 | seen_runs=5 -> +12.0 | age_days=0 -> recency +8.0, stale 0.0 | safe_groups=0 -> 0.0"
643369241,29.0,OBSERVE,2026-09-21T20:29:27+00:00,2026-10-04T19:43:02+00:00,0,14,1,0,discovery,0.20,"max_source_weight=0.20 -> 9.0 | best_evidence=discovery -> +0.0 | independent_spam_groups=1 -> +0.0 | seen_runs=14 -> +12.0 | age_days=0 -> recency +8.0, stale 0.0 | safe_groups=0 -> 0.0"
647286053,29.0,OBSERVE,2026-09-20T18:53:27+00:00,2026-10-04T19:43:02+00:00,0,15,1,0,discovery,0.20,"max_source_weight=0.20 -> 9.0 | best_evidence=discovery -> +0.0 | independent_spam_groups=1 -> +0.0 | seen_runs=15 -> +12.0 | age_days=0 -> recency +8.0, stale 0.0 | safe_groups=0 -> 0.0"
647708321,29.0,OBSERVE,2026-09-10T19:11:24+00:00,2026-10-04T19:43:02+00:00,0,25,1,0,discovery,0.20,"max_source_weight=0.20 -> 9.0 | best_evidence=discovery -> +0.0 | independent_spam_groups=1 -> +0.0 | seen_runs=25 -> +12.0 | age_days=0 -> recency +8.0, stale 0.0 | safe_groups=0 -> 0.0"
647735328,29.0,OBSERVE,2026-09-13T18:51:40+00:00,2026-10-04T19:43:02+00:00,0,22,1,0,discovery,0.20,"max_source_weight=0.20 -> 9.0 | best_evidence=discovery -> +0.0 | independent_spam_groups=1 -> +0.0 | seen_runs=22 -> +12.0 | age_days=0 -> recency +8.0, stale 0.0 | safe_groups=0 -> 0.0"
647864259,29.0,OBSERVE,2026-09-23T19:44:46+00:00,2026-10-04T19:43:02+00:00,0,12,1,0,discovery,0.20,"max_source_weight=0.20 -> 9.0 | best_evidence=discovery -> +0.0 | independent_spam_groups=1 -> +0.0 | seen_runs=12 -> +12.0 | age_days=0 -> recency +8.0, stale 0.0 | safe_groups=0 -> 0.0"
649607089,29.0,OBSERVE,2026-09-16T19:37:49+00:00,2026-10-04T19:43:02+00:00,0,19,1,0,discovery,0.20,"max_source_weight=0.20 -> 9.0 | best_evidence=discovery -> +0.0 | independent_spam_groups=1 -> +0.0 | seen_runs=19 -> +12.0 | age_days=0 -> recency +8.0, stale 0.0 | safe_groups=0 -> 0.0"
650361655,29.0,OBSERVE,2026-09-10T19:11:24+00:00,2026-10-04T19:43:02+00:00,0,25,1,0,discovery,0.20,"max_source_weight=0.20 -> 9.0 | best_evidence=discovery -> +0.0 | independent_spam_groups=1 -> +0.0 | seen_runs=25 -> +12.0 | age_days=0 -> recency +8.0, stale 0.0 | safe_groups=0 -> 0.0"
650632462,29.0,OBSERVE,2026-09-10T19:11:24+00:00,2026-10-04T19:43:02+00:00,0,25,1,0,discovery,0.20,"max_source_weight=0.20 -> 9.0 | best_evidence=discovery -> +0.0 | independent_spam_groups=1 -> +0.0 | seen_runs=25 -> +12.0 | age_days=0 -> recency +8.0, stale 0.0 | safe_groups=0 -> 0.0"
650715787,29.0,OBSERVE,2026-09-10T19:11:24+00:00,2026-10-04T19:43:02+00:00,0,25,1,0,discovery,0.20,"max_source_weight=0.20 -> 9.0 | best_evidence=discovery -> +0.0 | independent_spam_groups=1 -> +0.0 | seen_runs=25 -> +12.0 | age_days=0 -> recency +8.0, stale 0.0 | safe_groups=0 -> 0.0"
651977995,29.0,OBSERVE,2026-09-23T19:44:46+00:00,2026-10-04T19:43:02+00:00,0,12,1,0,discovery,0.20,"max_source_weight=0.20 -> 9.0 | best_evidence=discovery -> +0.0 | independent_spam_groups=1 -> +0.0 | seen_runs=12 -> +12.0 | age_days=0 -> recency +8.0, stale 0.0 | safe_groups=0 -> 0.0"
652260249,29.0,OBSERVE,2026-09-16T19:37:49+00:00,2026-10-04T19:43:02+00:00,0,19,1,0,discovery,0.20,"max_source_weight=0.20 -> 9.0 | best_evidence=discovery -> +0.0 | independent_spam_groups=1 -> +0.0 | seen_runs=19 -> +12.0 | age_days=0 -> recency +8.0, stale 0.0 | safe_groups=0 -> 0.0"
653791608,29.0,OBSERVE,2026-09-30T20:53:12+00:00,2026-10-04T19:43:02+00:00,0,5,1,0,discovery,0.20,"max_source_weight=0.20 -> 9.0 | best_evidence=discovery -> +0.0 | independent_spam_groups=1 -> +0.0 | seen_runs=5 -> +12.0 | age_days=0 -> recency +8.0, stale 0.0 | safe_groups=0 -> 0.0"
657328549,29.0,OBSERVE,2026-09-21T20:29:27+00:00,2026-10-04T19:43:02+00:00,0,14,1,0,discovery,0.20,"max_source_weight=0.20 -> 9.0 | best_evidence=discovery -> +0.0 | independent_spam_groups=1 -> +0.0 | seen_runs=14 -> +12.0 | age_days=0 -> recency +8.0, stale 0.0 | safe_groups=0 -> 0.0"
657378495,29.0,OBSERVE,2026-10-01T21:06:14+00:00,2026-10-04T19:43:02+00:00,0,4,1,0,discovery,0.20,"max_source_weight=0.20 -> 9.0 | best_evidence=discovery -> +0.0 | independent_spam_groups=1 -> +0.0 | seen_runs=4 -> +12.0 | age_days=0 -> recency +8.0, stale 0.0 | safe_groups=0 -> 0.0"
659175184,29.0,OBSERVE,2026-09-14T20:22:20+00:00,2026-10-04T19:43:02+00:00,0,21,1,0,discovery,0.20,"max_source_weight=0.20 -> 9.0 | best_evidence=discovery -> +0.0 | independent_spam_groups=1 -> +0.0 | seen_runs=21 -> +12.0 | age_days=0 -> recency +8.0, stale 0.0 | safe_groups=0 -> 0.0"
659211634,29.0,OBSERVE,2026-09-16T19:37:49+00:00,2026-10-04T19:43:02+00:00,0,19,1,0,discovery,0.20,"max_source_weight=0.20 -> 9.0 | best_evidence=discovery -> +0.0 | independent_spam_groups=1 -> +0.0 | seen_runs=19 -> +12.0 | age_days=0 -> recency +8.0, stale 0.0 | safe_groups=0 -> 0.0"
659482650,29.0,OBSERVE,2026-09-10T19:11:24+00:00,2026-10-04T19:43:02+00:00,0,25,1,0,discovery,0.20,"max_source_weight=0.20 -> 9.0 | best_evidence=discovery -> +0.0 | independent_spam_groups=1 -> +0.0 | seen_runs=25 -> +12.0 | age_days=0 -> recency +8.0, stale 0.0 | safe_groups=0 -> 0.0"
659701585,29.0,OBSERVE,2026-09-16T19:37:49+00:00,2026-10-04T19:43:02+00:00,0,19,1,0,discovery,0.20,"max_source_weight=0.20 -> 9.0 | best_evidence=discovery -> +0.0 | independent_spam_groups=1 -> +0.0 | seen_runs=19 -> +12.0 | age_days=0 -> recency +8.0, stale 0.0 | safe_groups=0 -> 0.0"
660131355,29.0,OBSERVE,2026-09-10T19:11:24+00:00,2026-10-04T19:43:02+00:00,0,25,1,0,discovery,0.20,"max_source_weight=0.20 -> 9.0 | best_evidence=discovery -> +0.0 | independent_spam_groups=1 -> +0.0 | seen_runs=25 -> +12.0 | age_days=0 -> recency +8.0, stale 0.0 | safe_groups=0 -> 0.0"
660325044,29.0,OBSERVE,2026-09-10T19:11:24+00:00,2026-10-04T19:43:02+00:00,0,25,1,0,discovery,0.20,"max_source_weight=0.20 -> 9.0 | best_evidence=discovery -> +0.0 | independent_spam_groups=1 -> +0.0 | seen_runs=25 -> +12.0 | age_days=0 -> recency +8.0, stale 0.0 | safe_groups=0 -> 0.0"
660569536,29.0,OBSERVE,2026-09-10T19:11:24+00:00,2026-10-04T19:43:02+00:00,0,25,1,0,discovery,0.20,"max_source_weight=0.20 -> 9.0 | best_evidence=discovery -> +0.0 | independent_spam_groups=1 -> +0.0 | seen_runs=25 -> +12.0 | age_days=0 -> recency +8.0, stale 0.0 | safe_groups=0 -> 0.0"
660738506,29.0,OBSERVE,2026-09-16T19:37:49+00:00,2026-10-04T19:43:02+00:00,0,19,1,0,discovery,0.20,"max_source_weight=0.20 -> 9.0 | best_evidence=discovery -> +0.0 | independent_spam_groups=1 -> +0.0 | seen_runs=19 -> +12.0 | age_days=0 -> recency +8.0, stale 0.0 | safe_groups=0 -> 0.0"
660911347,29.0,OBSERVE,2026-09-10T19:11:24+00:00,2026-09-29T20:52:44+00:00,4,20,1,0,discovery,0.20,"max_source_weight=0.20 -> 9.0 | best_evidence=discovery -> +0.0 | independent_spam_groups=1 -> +0.0 | seen_runs=20 -> +12.0 | age_days=4 -> recency +8.0, stale 0.0 | safe_groups=0 -> 0.0"
666138504,29.0,OBSERVE,2026-09-12T18:28:48+00:00,2026-10-04T19:43:02+00:00,0,23,1,0,discovery,0.20,"max_source_weight=0.20 -> 9.0 | best_evidence=discovery -> +0.0 | independent_spam_groups=1 -> +0.0 | seen_runs=23 -> +12.0 | age_days=0 -> recency +8.0, stale 0.0 | safe_groups=0 -> 0.0"
667831670,29.0,OBSERVE,2026-09-30T20:53:12+00:00,2026-10-04T19:43:02+00:00,0,5,1,0,discovery,0.20,"max_source_weight=0.20 -> 9.0 | best_evidence=discovery -> +0.0 | independent_spam_groups=1 -> +0.0 | seen_runs=5 -> +12.0 | age_days=0 -> recency +8.0, stale 0.0 | safe_groups=0 -> 0.0"
667990980,29.0,OBSERVE,2026-09-18T19:06:05+00:00,2026-10-04T19:43:02+00:00,0,17,1,0,discovery,0.20,"max_source_weight=0.20 -> 9.0 | best_evidence=discovery -> +0.0 | independent_spam_groups=1 -> +0.0 | seen_runs=17 -> +12.0 | age_days=0 -> recency +8.0, stale 0.0 | safe_groups=0 -> 0.0"
669138830,29.0,OBSERVE,2026-09-10T19:11:24+00:00,2026-09-30T20:53:12+00:00,3,21,1,0,discovery,0.20,"max_source_weight=0.20 -> 9.0 | best_evidence=discovery -> +0.0 | independent_spam_groups=1 -> +0.0 | seen_runs=21 -> +12.0 | age_days=3 -> recency +8.0, stale 0.0 | safe_groups=0 -> 0.0"
669210756,29.0,OBSERVE,2026-09-16T19:37:49+00:00,2026-10-04T19:43:02+00:00,0,19,1,0,discovery,0.20,"max_source_weight=0.20 -> 9.0 | best_evidence=discovery -> +0.0 | independent_spam_groups=1 -> +0.0 | seen_runs=19 -> +12.0 | age_days=0 -> recency +8.0, stale 0.0 | safe_groups=0 -> 0.0"
669497885,29.0,OBSERVE,2026-09-23T19:44:46+00:00,2026-10-04T19:43:02+00:00,0,12,1,0,discovery,0.20,"max_source_weight=0.20 -> 9.0 | best_evidence=discovery -> +0.0 | independent_spam_groups=1 -> +0.0 | seen_runs=12 -> +12.0 | age_days=0 -> recency +8.0, stale 0.0 | safe_groups=0 -> 0.0"
669638940,29.0,OBSERVE,2026-09-30T20:53:12+00:00,2026-10-04T19:43:02+00:00,0,5,1,0,discovery,0.20,"max_source_weight=0.20 -> 9.0 | best_evidence=discovery -> +0.0 | independent_spam_groups=1 -> +0.0 | seen_runs=5 -> +12.0 | age_days=0 -> recency +8.0, stale 0.0 | safe_groups=0 -> 0.0"
669822712,29.0,OBSERVE,2026-09-16T19:37:49+00:00,2026-10-04T19:43:02+00:00,0,19,1,0,discovery,0.20,"max_source_weight=0.20 -> 9.0 | best_evidence=discovery -> +0.0 | independent_spam_groups=1 -> +0.0 | seen_runs=19 -> +12.0 | age_days=0 -> recency +8.0, stale 0.0 | safe_groups=0 -> 0.0"
669867497,29.0,OBSERVE,2026-09-10T19:11:24+00:00,2026-10-04T19:43:02+00:00,0,25,1,0,discovery,0.20,"max_source_weight=0.20 -> 9.0 | best_evidence=discovery -> +0.0 | independent_spam_groups=1 -> +0.0 | seen_runs=25 -> +12.0 | age_days=0 -> recency +8.0, stale 0.0 | safe_groups=0 -> 0.0"
672527377,29.0,OBSERVE,2026-09-12T18:28:48+00:00,2026-10-04T19:43:02+00:00,0,23,1,0,discovery,0.20,"max_source_weight=0.20 -> 9.0 | best_evidence=discovery -> +0.0 | independent_spam_groups=1 -> +0.0 | seen_runs=23 -> +12.0 | age_days=0 -> recency +8.0, stale 0.0 | safe_groups=0 -> 0.0"
676195130,29.0,OBSERVE,2026-09-21T20:29:27+00:00,2026-10-04T19:43:02+00:00,0,14,1,0,discovery,0.20,"max_source_weight=0.20 -> 9.0 | best_evidence=discovery -> +0.0 | independent_spam_groups=1 -> +0.0 | seen_runs=14 -> +12.0 | age_days=0 -> recency +8.0, stale 0.0 | safe_groups=0 -> 0.0"
676291770,29.0,OBSERVE,2026-09-16T19:37:49+00:00,2026-10-04T19:43:02+00:00,0,19,1,0,discovery,0.20,"max_source_weight=0.20 -> 9.0 | best_evidence=discovery -> +0.0 | independent_spam_groups=1 -> +0.0 | seen_runs=19 -> +12.0 | age_days=0 -> recency +8.0, stale 0.0 | safe_groups=0 -> 0.0"
676500282,29.0,OBSERVE,2026-09-10T19:11:24+00:00,2026-09-28T22:06:43+00:00,5,19,1,0,discovery,0.20,"max_source_weight=0.20 -> 9.0 | best_evidence=discovery -> +0.0 | independent_spam_groups=1 -> +0.0 | seen_runs=19 -> +12.0 | age_days=5 -> recency +8.0, stale 0.0 | safe_groups=0 -> 0.0"
676723023,29.0,OBSERVE,2026-09-10T19:11:24+00:00,2026-09-28T22:06:43+00:00,5,19,1,0,discovery,0.20,"max_source_weight=0.20 -> 9.0 | best_evidence=discovery -> +0.0 | independent_spam_groups=1 -> +0.0 | seen_runs=19 -> +12.0 | age_days=5 -> recency +8.0, stale 0.0 | safe_groups=0 -> 0.0"
676760881,29.0,OBSERVE,2026-09-22T19:49:00+00:00,2026-10-04T19:43:02+00:00,0,13,1,0,discovery,0.20,"max_source_weight=0.20 -> 9.0 | best_evidence=discovery -> +0.0 | independent_spam_groups=1 -> +0.0 | seen_runs=13 -> +12.0 | age_days=0 -> recency +8.0, stale 0.0 | safe_groups=0 -> 0.0"
679817500,29.0,OBSERVE,2026-09-21T20:29:27+00:00,2026-10-04T19:43:02+00:00,0,14,1,0,discovery,0.20,"max_source_weight=0.20 -> 9.0 | best_evidence=discovery -> +0.0 | independent_spam_groups=1 -> +0.0 | seen_runs=14 -> +12.0 | age_days=0 -> recency +8.0, stale 0.0 | safe_groups=0 -> 0.0"
680381661,29.0,OBSERVE,2026-09-10T19:11:24+00:00,2026-09-27T19:49:51+00:00,6,18,1,0,discovery,0.20,"max_source_weight=0.20 -> 9.0 | best_evidence=discovery -> +0.0 | independent_spam_groups=1 -> +0.0 | seen_runs=18 -> +12.0 | age_days=6 -> recency +8.0, stale 0.0 | safe_groups=0 -> 0.0"
681251796,29.0,OBSERVE,2026-09-10T19:11:24+00:00,2026-09-28T22:06:43+00:00,5,19,1,0,discovery,0.20,"max_source_weight=0.20 -> 9.0 | best_evidence=discovery -> +0.0 | independent_spam_groups=1 -> +0.0 | seen_runs=19 -> +12.0 | age_days=5 -> recency +8.0, stale 0.0 | safe_groups=0 -> 0.0"
682002778,29.0,OBSERVE,2026-09-10T19:11:24+00:00,2026-10-04T19:43:02+00:00,0,25,1,0,discovery,0.20,"max_source_weight=0.20 -> 9.0 | best_evidence=discovery -> +0.0 | independent_spam_groups=1 -> +0.0 | seen_runs=25 -> +12.0 | age_days=0 -> recency +8.0, stale 0.0 | safe_groups=0 -> 0.0"
682450168,29.0,OBSERVE,2026-09-10T19:11:24+00:00,2026-10-04T19:43:02+00:00,0,25,1,0,discovery,0.20,"max_source_weight=0.20 -> 9.0 | best_evidence=discovery -> +0.0 | independent_spam_groups=1 -> +0.0 | seen_runs=25 -> +12.0 | age_days=0 -> recency +8.0, stale 0.0 | safe_groups=0 -> 0.0"
682710596,29.0,OBSERVE,2026-09-10T19:11:24+00:00,2026-09-29T20:52:44+00:00,4,20,1,0,discovery,0.20,"max_source_weight=0.20 -> 9.0 | best_evidence=discovery -> +0.0 | independent_spam_groups=1 -> +0.0 | seen_runs=20 -> +12.0 | age_days=4 -> recency +8.0, stale 0.0 | safe_groups=0 -> 0.0"
683177896,29.0,OBSERVE,2026-09-10T19:11:24+00:00,2026-10-01T21:06:14+00:00,2,22,1,0,discovery,0.20,"max_source_weight=0.20 -> 9.0 | best_evidence=discovery -> +0.0 | independent_spam_groups=1 -> +0.0 | seen_runs=22 -> +12.0 | age_days=2 -> recency +8.0, stale 0.0 | safe_groups=0 -> 0.0"
683244889,29.0,OBSERVE,2026-09-10T19:11:24+00:00,2026-10-04T19:43:02+00:00,0,25,1,0,discovery,0.20,"max_source_weight=0.20 -> 9.0 | best_evidence=discovery -> +0.0 | independent_spam_groups=1 -> +0.0 | seen_runs=25 -> +12.0 | age_days=0 -> recency +8.0, stale 0.0 | safe_groups=0 -> 0.0"
683351770,29.0,OBSERVE,2026-09-10T19:11:24+00:00,2026-10-04T19:43:02+00:00,0,25,1,0,discovery,0.20,"max_source_weight=0.20 -> 9.0 | best_evidence=discovery -> +0.0 | independent_spam_groups=1 -> +0.0 | seen_runs=25 -> +12.0 | age_days=0 -> recency +8.0, stale 0.0 | safe_groups=0 -> 0.0"
683438235,29.0,OBSERVE,2026-09-10T19:11:24+00:00,2026-10-04T19:43:02+00:00,0,25,1,0,discovery,0.20,"max_source_weight=0.20 -> 9.0 | best_evidence=discovery -> +0.0 | independent_spam_groups=1 -> +0.0 | seen_runs=25 -> +12.0 | age_days=0 -> recency +8.0, stale 0.0 | safe_groups=0 -> 0.0"
683466822,29.0,OBSERVE,2026-09-22T19:49:00+00:00,2026-10-04T19:43:02+00:00,0,13,1,0,discovery,0.20,"max_source_weight=0.20 -> 9.0 | best_evidence=discovery -> +0.0 | independent_spam_groups=1 -> +0.0 | seen_runs=13 -> +12.0 | age_days=0 -> recency +8.0, stale 0.0 | safe_groups=0 -> 0.0"
683489023,29.0,OBSERVE,2026-09-10T19:11:24+00:00,2026-10-04T19:43:02+00:00,0,25,1,0,discovery,0.20,"max_source_weight=0.20 -> 9.0 | best_evidence=discovery -> +0.0 | independent_spam_groups=1 -> +0.0 | seen_runs=25 -> +12.0 | age_days=0 -> recency +8.0, stale 0.0 | safe_groups=0 -> 0.0"
683605525,29.0,OBSERVE,2026-09-10T19:11:24+00:00,2026-10-04T19:43:02+00:00,0,25,1,0,discovery,0.20,"max_source_weight=0.20 -> 9.0 | best_evidence=discovery -> +0.0 | independent_spam_groups=1 -> +0.0 | seen_runs=25 -> +12.0 | age_days=0 -> recency +8.0, stale 0.0 | safe_groups=0 -> 0.0"
685205795,29.0,OBSERVE,2026-10-01T21:06:14+00:00,2026-10-04T19:43:02+00:00,0,4,1,0,discovery,0.20,"max_source_weight=0.20 -> 9.0 | best_evidence=discovery -> +0.0 | independent_spam_groups=1 -> +0.0 | seen_runs=4 -> +12.0 | age_days=0 -> recency +8.0, stale 0.0 | safe_groups=0 -> 0.0"
685280767,29.0,OBSERVE,2026-09-13T18:51:40+00:00,2026-10-04T19:43:02+00:00,0,22,1,0,discovery,0.20,"max_source_weight=0.20 -> 9.0 | best_evidence=discovery -> +0.0 | independent_spam_groups=1 -> +0.0 | seen_runs=22 -> +12.0 | age_days=0 -> recency +8.0, stale 0.0 | safe_groups=0 -> 0.0"
685802848,29.0,OBSERVE,2026-09-16T19:37:49+00:00,2026-10-04T19:43:02+00:00,0,19,1,0,discovery,0.20,"max_source_weight=0.20 -> 9.0 | best_evidence=discovery -> +0.0 | independent_spam_groups=1 -> +0.0 | seen_runs=19 -> +12.0 | age_days=0 -> recency +8.0, stale 0.0 | safe_groups=0 -> 0.0"
686012964,29.0,OBSERVE,2026-09-10T19:11:24+00:00,2026-10-04T19:43:02+00:00,0,25,1,0,discovery,0.20,"max_source_weight=0.20 -> 9.0 | best_evidence=discovery -> +0.0 | independent_spam_groups=1 -> +0.0 | seen_runs=25 -> +12.0 | age_days=0 -> recency +8.0, stale 0.0 | safe_groups=0 -> 0.0"
686136853,29.0,OBSERVE,2026-09-10T19:11:24+00:00,2026-10-04T19:43:02+00:00,0,25,1,0,discovery,0.20,"max_source_weight=0.20 -> 9.0 | best_evidence=discovery -> +0.0 | independent_spam_groups=1 -> +0.0 | seen_runs=25 -> +12.0 | age_days=0 -> recency +8.0, stale 0.0 | safe_groups=0 -> 0.0"
686209861,29.0,OBSERVE,2026-09-10T19:11:24+00:00,2026-10-04T19:43:02+00:00,0,25,1,0,discovery,0.20,"max_source_weight=0.20 -> 9.0 | best_evidence=discovery -> +0.0 | independent_spam_groups=1 -> +0.0 | seen_runs=25 -> +12.0 | age_days=0 -> recency +8.0, stale 0.0 | safe_groups=0 -> 0.0"
686232075,29.0,OBSERVE,2026-09-10T19:11:24+00:00,2026-10-04T19:43:02+00:00,0,25,1,0,discovery,0.20,"max_source_weight=0.20 -> 9.0 | best_evidence=discovery -> +0.0 | independent_spam_groups=1 -> +0.0 | seen_runs=25 -> +12.0 | age_days=0 -> recency +8.0, stale 0.0 | safe_groups=0 -> 0.0"
686354437,29.0,OBSERVE,2026-09-16T19:37:49+00:00,2026-10-04T19:43:02+00:00,0,19,1,0,discovery,0.20,"max_source_weight=0.20 -> 9.0 | best_evidence=discovery -> +0.0 | independent_spam_groups=1 -> +0.0 | seen_runs=19 -> +12.0 | age_days=0 -> recency +8.0, stale 0.0 | safe_groups=0 -> 0.0"
686363496,29.0,OBSERVE,2026-09-10T19:11:24+00:00,2026-10-04T19:43:02+00:00,0,25,1,0,discovery,0.20,"max_source_weight=0.20 -> 9.0 | best_evidence=discovery -> +0.0 | independent_spam_groups=1 -> +0.0 | seen_runs=25 -> +12.0 | age_days=0 -> recency +8.0, stale 0.0 | safe_groups=0 -> 0.0"
686401636,29.0,OBSERVE,2026-09-10T19:11:24+00:00,2026-10-04T19:43:02+00:00,0,25,1,0,discovery,0.20,"max_source_weight=0.20 -> 9.0 | best_evidence=discovery -> +0.0 | independent_spam_groups=1 -> +0.0 | seen_runs=25 -> +12.0 | age_days=0 -> recency +8.0, stale 0.0 | safe_groups=0 -> 0.0"
686535530,29.0,OBSERVE,2026-09-10T19:11:24+00:00,2026-10-04T19:43:02+00:00,0,25,1,0,discovery,0.20,"max_source_weight=0.20 -> 9.0 | best_evidence=discovery -> +0.0 | independent_spam_groups=1 -> +0.0 | seen_runs=25 -> +12.0 | age_days=0 -> recency +8.0, stale 0.0 | safe_groups=0 -> 0.0"
686657736,29.0,OBSERVE,2026-09-10T19:11:24+00:00,2026-10-04T19:43:02+00:00,0,25,1,0,discovery,0.20,"max_source_weight=0.20 -> 9.0 | best_evidence=discovery -> +0.0 | independent_spam_groups=1 -> +0.0 | seen_runs=25 -> +12.0 | age_days=0 -> recency +8.0, stale 0.0 | safe_groups=0 -> 0.0"
686690595,29.0,OBSERVE,2026-09-10T19:11:24+00:00,2026-10-04T19:43:02+00:00,0,25,1,0,discovery,0.20,"max_source_weight=0.20 -> 9.0 | best_evidence=discovery -> +0.0 | independent_spam_groups=1 -> +0.0 | seen_runs=25 -> +12.0 | age_days=0 -> recency +8.0, stale 0.0 | safe_groups=0 -> 0.0"
686828678,29.0,OBSERVE,2026-09-10T19:11:24+00:00,2026-10-04T19:43:02+00:00,0,25,1,0,discovery,0.20,"max_source_weight=0.20 -> 9.0 | best_evidence=discovery -> +0.0 | independent_spam_groups=1 -> +0.0 | seen_runs=25 -> +12.0 | age_days=0 -> recency +8.0, stale 0.0 | safe_groups=0 -> 0.0"
686830120,29.0,OBSERVE,2026-09-10T19:11:24+00:00,2026-10-04T19:43:02+00:00,0,25,1,0,discovery,0.20,"max_source_weight=0.20 -> 9.0 | best_evidence=discovery -> +0.0 | independent_spam_groups=1 -> +0.0 | seen_runs=25 -> +12.0 | age_days=0 -> recency +8.0, stale 0.0 | safe_groups=0 -> 0.0"
686878554,29.0,OBSERVE,2026-09-10T19:11:24+00:00,2026-10-04T19:43:02+00:00,0,25,1,0,discovery,0.20,"max_source_weight=0.20 -> 9.0 | best_evidence=discovery -> +0.0 | independent_spam_groups=1 -> +0.0 | seen_runs=25 -> +12.0 | age_days=0 -> recency +8.0, stale 0.0 | safe_groups=0 -> 0.0"
688690970,29.0,OBSERVE,2026-09-15T19:45:50+00:00,2026-10-04T19:43:02+00:00,0,20,1,0,discovery,0.20,"max_source_weight=0.20 -> 9.0 | best_evidence=discovery -> +0.0 | independent_spam_groups=1 -> +0.0 | seen_runs=20 -> +12.0 | age_days=0 -> recency +8.0, stale 0.0 | safe_groups=0 -> 0.0"
689739699,29.0,OBSERVE,2026-09-10T19:11:24+00:00,2026-10-04T19:43:02+00:00,0,25,1,0,discovery,0.20,"max_source_weight=0.20 -> 9.0 | best_evidence=discovery -> +0.0 | independent_spam_groups=1 -> +0.0 | seen_runs=25 -> +12.0 | age_days=0 -> recency +8.0, stale 0.0 | safe_groups=0 -> 0.0"
690651818,29.0,OBSERVE,2026-09-18T19:06:05+00:00,2026-10-04T19:43:02+00:00,0,17,1,0,discovery,0.20,"max_source_weight=0.20 -> 9.0 | best_evidence=discovery -> +0.0 | independent_spam_groups=1 -> +0.0 | seen_runs=17 -> +12.0 | age_days=0 -> recency +8.0, stale 0.0 | safe_groups=0 -> 0.0"
693117919,29.0,OBSERVE,2026-09-24T20:03:41+00:00,2026-10-04T19:43:02+00:00,0,11,1,0,discovery,0.20,"max_source_weight=0.20 -> 9.0 | best_evidence=discovery -> +0.0 | independent_spam_groups=1 -> +0.0 | seen_runs=11 -> +12.0 | age_days=0 -> recency +8.0, stale 0.0 | safe_groups=0 -> 0.0"
693566463,29.0,OBSERVE,2026-09-22T19:49:00+00:00,2026-10-04T19:43:02+00:00,0,13,1,0,discovery,0.20,"max_source_weight=0.20 -> 9.0 | best_evidence=discovery -> +0.0 | independent_spam_groups=1 -> +0.0 | seen_runs=13 -> +12.0 | age_days=0 -> recency +8.0, stale 0.0 | safe_groups=0 -> 0.0"
695327364,29.0,OBSERVE,2026-09-28T22:06:43+00:00,2026-10-04T19:43:02+00:00,0,7,1,0,discovery,0.20,"max_source_weight=0.20 -> 9.0 | best_evidence=discovery -> +0.0 | independent_spam_groups=1 -> +0.0 | seen_runs=7 -> +12.0 | age_days=0 -> recency +8.0, stale 0.0 | safe_groups=0 -> 0.0"
696177978,29.0,OBSERVE,2026-09-14T20:22:20+00:00,2026-10-04T19:43:02+00:00,0,21,1,0,discovery,0.20,"max_source_weight=0.20 -> 9.0 | best_evidence=discovery -> +0.0 | independent_spam_groups=1 -> +0.0 | seen_runs=21 -> +12.0 | age_days=0 -> recency +8.0, stale 0.0 | safe_groups=0 -> 0.0"
696283563,29.0,OBSERVE,2026-09-10T19:11:24+00:00,2026-09-30T20:53:12+00:00,3,21,1,0,discovery,0.20,"max_source_weight=0.20 -> 9.0 | best_evidence=discovery -> +0.0 | independent_spam_groups=1 -> +0.0 | seen_runs=21 -> +12.0 | age_days=3 -> recency +8.0, stale 0.0 | safe_groups=0 -> 0.0"
696490287,29.0,OBSERVE,2026-09-16T19:37:49+00:00,2026-10-04T19:43:02+00:00,0,19,1,0,discovery,0.20,"max_source_weight=0.20 -> 9.0 | best_evidence=discovery -> +0.0 | independent_spam_groups=1 -> +0.0 | seen_runs=19 -> +12.0 | age_days=0 -> recency +8.0, stale 0.0 | safe_groups=0 -> 0.0"
699445018,29.0,OBSERVE,2026-09-21T20:29:27+00:00,2026-10-04T19:43:02+00:00,0,14,1,0,discovery,0.20,"max_source_weight=0.20 -> 9.0 | best_evidence=discovery -> +0.0 | independent_spam_groups=1 -> +0.0 | seen_runs=14 -> +12.0 | age_days=0 -> recency +8.0, stale 0.0 | safe_groups=0 -> 0.0"
699651283,29.0,OBSERVE,2026-09-10T19:11:24+00:00,2026-10-04T19:43:02+00:00,0,25,1,0,discovery,0.20,"max_source_weight=0.20 -> 9.0 | best_evidence=discovery -> +0.0 | independent_spam_groups=1 -> +0.0 | seen_runs=25 -> +12.0 | age_days=0 -> recency +8.0, stale 0.0 | safe_groups=0 -> 0.0"
699695584,29.0,OBSERVE,2026-09-30T20:53:12+00:00,2026-10-04T19:43:02+00:00,0,5,1,0,discovery,0.20,"max_source_weight=0.20 -> 9.0 | best_evidence=discovery -> +0.0 | independent_spam_groups=1 -> +0.0 | seen_runs=5 -> +12.0 | age_days=0 -> recency +8.0, stale 0.0 | safe_groups=0 -> 0.0"
699866828,29.0,OBSERVE,2026-09-10T19:11:24+00:00,2026-10-04T19:43:02+00:00,0,25,1,0,discovery,0.20,"max_source_weight=0.20 -> 9.0 | best_evidence=discovery -> +0.0 | independent_spam_groups=1 -> +0.0 | seen_runs=25 -> +12.0 | age_days=0 -> recency +8.0, stale 0.0 | safe_groups=0 -> 0.0"
699922180,29.0,OBSERVE,2026-09-18T19:06:05+00:00,2026-10-04T19:43:02+00:00,0,17,1,0,discovery,0.20,"max_source_weight=0.20 -> 9.0 | best_evidence=discovery -> +0.0 | independent_spam_groups=1 -> +0.0 | seen_runs=17 -> +12.0 | age_days=0 -> recency +8.0, stale 0.0 | safe_groups=0 -> 0.0"
699997700,29.0,OBSERVE,2026-09-22T19:49:00+00:00,2026-10-04T19:43:02+00:00,0,13,1,0,discovery,0.20,"max_source_weight=0.20 -> 9.0 | best_evidence=discovery -> +0.0 | independent_spam_groups=1 -> +0.0 | seen_runs=13 -> +12.0 | age_days=0 -> recency +8.0, stale 0.0 | safe_groups=0 -> 0.0"
822108796,29.0,OBSERVE,2026-09-11T19:13:24+00:00,2026-10-04T19:43:02+00:00,0,24,1,0,discovery,0.20,"max_source_weight=0.20 -> 9.0 | best_evidence=discovery -> +0.0 | independent_spam_groups=1 -> +0.0 | seen_runs=24 -> +12.0 | age_days=0 -> recency +8.0, stale 0.0 | safe_groups=0 -> 0.0"
828182044,29.0,OBSERVE,2026-09-21T20:29:27+00:00,2026-10-04T19:43:02+00:00,0,14,1,0,discovery,0.20,"max_source_weight=0.20 -> 9.0 | best_evidence=discovery -> +0.0 | independent_spam_groups=1 -> +0.0 | seen_runs=14 -> +12.0 | age_days=0 -> recency +8.0, stale 0.0 | safe_groups=0 -> 0.0"
851823584,29.0,OBSERVE,2026-09-21T20:29:27+00:00,2026-10-04T19:43:02+00:00,0,14,1,0,discovery,0.20,"max_source_weight=0.20 -> 9.0 | best_evidence=discovery -> +0.0 | independent_spam_groups=1 -> +0.0 | seen_runs=14 -> +12.0 | age_days=0 -> recency +8.0, stale 0.0 | safe_groups=0 -> 0.0"
865449436,29.0,OBSERVE,2026-09-21T20:29:27+00:00,2026-10-04T19:43:02+00:00,0,14,1,0,discovery,0.20,"max_source_weight=0.20 -> 9.0 | best_evidence=discovery -> +0.0 | independent_spam_groups=1 -> +0.0 | seen_runs=14 -> +12.0 | age_days=0 -> recency +8.0, stale 0.0 | safe_groups=0 -> 0.0"
868994863,29.0,OBSERVE,2026-09-14T20:22:20+00:00,2026-10-04T19:43:02+00:00,0,21,1,0,discovery,0.20,"max_source_weight=0.20 -> 9.0 | best_evidence=discovery -> +0.0 | independent_spam_groups=1 -> +0.0 | seen_runs=21 -> +12.0 | age_days=0 -> recency +8.0, stale 0.0 | safe_groups=0 -> 0.0"
877998371,29.0,OBSERVE,2026-09-15T19:45:50+00:00,2026-10-04T19:43:02+00:00,0,20,1,0,discovery,0.20,"max_source_weight=0.20 -> 9.0 | best_evidence=discovery -> +0.0 | independent_spam_groups=1 -> +0.0 | seen_runs=20 -> +12.0 | age_days=0 -> recency +8.0, stale 0.0 | safe_groups=0 -> 0.0"
877998641,29.0,OBSERVE,2026-09-22T19:49:00+00:00,2026-10-04T19:43:02+00:00,0,13,1,0,discovery,0.20,"max_source_weight=0.20 -> 9.0 | best_evidence=discovery -> +0.0 | independent_spam_groups=1 -> +0.0 | seen_runs=13 -> +12.0 | age_days=0 -> recency +8.0, stale 0.0 | safe_groups=0 -> 0.0"
902111222,29.0,OBSERVE,2026-09-21T20:29:27+00:00,2026-10-04T19:43:02+00:00,0,14,1,0,discovery,0.20,"max_source_weight=0.20 -> 9.0 | best_evidence=discovery -> +0.0 | independent_spam_groups=1 -> +0.0 | seen_runs=14 -> +12.0 | age_days=0 -> recency +8.0, stale 0.0 | safe_groups=0 -> 0.0"
910000243,29.0,OBSERVE,2026-09-26T19:17:09+00:00,2026-10-04T19:43:02+00:00,0,9,1,0,discovery,0.20,"max_source_weight=0.20 -> 9.0 | best_evidence=discovery -> +0.0 | independent_spam_groups=1 -> +0.0 | seen_runs=9 -> +12.0 | age_days=0 -> recency +8.0, stale 0.0 | safe_groups=0 -> 0.0"
910025492,29.0,OBSERVE,2026-09-11T19:13:24+00:00,2026-10-04T19:43:02+00:00,0,24,1,0,discovery,0.20,"max_source_weight=0.20 -> 9.0 | best_evidence=discovery -> +0.0 | independent_spam_groups=1 -> +0.0 | seen_runs=24 -> +12.0 | age_days=0 -> recency +8.0, stale 0.0 | safe_groups=0 -> 0.0"
910150978,29.0,OBSERVE,2026-09-18T19:06:05+00:00,2026-10-04T19:43:02+00:00,0,17,1,0,discovery,0.20,"max_source_weight=0.20 -> 9.0 | best_evidence=discovery -> +0.0 | independent_spam_groups=1 -> +0.0 | seen_runs=17 -> +12.0 | age_days=0 -> recency +8.0, stale 0.0 | safe_groups=0 -> 0.0"
910324910,29.0,OBSERVE,2026-09-25T20:05:11+00:00,2026-10-04T19:43:02+00:00,0,10,1,0,discovery,0.20,"max_source_weight=0.20 -> 9.0 | best_evidence=discovery -> +0.0 | independent_spam_groups=1 -> +0.0 | seen_runs=10 -> +12.0 | age_days=0 -> recency +8.0, stale 0.0 | safe_groups=0 -> 0.0"
910866714,29.0,OBSERVE,2026-09-10T19:11:24+00:00,2026-10-04T19:43:02+00:00,0,25,1,0,discovery,0.20,"max_source_weight=0.20 -> 9.0 | best_evidence=discovery -> +0.0 | independent_spam_groups=1 -> +0.0 | seen_runs=25 -> +12.0 | age_days=0 -> recency +8.0, stale 0.0 | safe_groups=0 -> 0.0"
911096713,29.0,OBSERVE,2026-09-24T20:03:41+00:00,2026-10-04T19:43:02+00:00,0,11,1,0,discovery,0.20,"max_source_weight=0.20 -> 9.0 | best_evidence=discovery -> +0.0 | independent_spam_groups=1 -> +0.0 | seen_runs=11 -> +12.0 | age_days=0 -> recency +8.0, stale 0.0 | safe_groups=0 -> 0.0"
911778592,29.0,OBSERVE,2026-09-23T19:44:46+00:00,2026-10-04T19:43:02+00:00,0,12,1,0,discovery,0.20,"max_source_weight=0.20 -> 9.0 | best_evidence=discovery -> +0.0 | independent_spam_groups=1 -> +0.0 | seen_runs=12 -> +12.0 | age_days=0 -> recency +8.0, stale 0.0 | safe_groups=0 -> 0.0"
911778759,29.0,OBSERVE,2026-10-01T21:06:14+00:00,2026-10-04T19:43:02+00:00,0,4,1,0,discovery,0.20,"max_source_weight=0.20 -> 9.0 | best_evidence=discovery -> +0.0 | independent_spam_groups=1 -> +0.0 | seen_runs=4 -> +12.0 | age_days=0 -> recency +8.0, stale 0.0 | safe_groups=0 -> 0.0"
912260646,29.0,OBSERVE,2026-09-21T20:29:27+00:00,2026-10-04T19:43:02+00:00,0,14,1,0,discovery,0.20,"max_source_weight=0.20 -> 9.0 | best_evidence=discovery -> +0.0 | independent_spam_groups=1 -> +0.0 | seen_runs=14 -> +12.0 | age_days=0 -> recency +8.0, stale 0.0 | safe_groups=0 -> 0.0"
912962155,29.0,OBSERVE,2026-10-01T21:06:14+00:00,2026-10-04T19:43:02+00:00,0,4,1,0,discovery,0.20,"max_source_weight=0.20 -> 9.0 | best_evidence=discovery -> +0.0 | independent_spam_groups=1 -> +0.0 | seen_runs=4 -> +12.0 | age_days=0 -> recency +8.0, stale 0.0 | safe_groups=0 -> 0.0"
913257784,29.0,OBSERVE,2026-09-25T20:05:11+00:00,2026-10-04T19:43:02+00:00,0,10,1,0,discovery,0.20,"max_source_weight=0.20 -> 9.0 | best_evidence=discovery -> +0.0 | independent_spam_groups=1 -> +0.0 | seen_runs=10 -> +12.0 | age_days=0 -> recency +8.0, stale 0.0 | safe_groups=0 -> 0.0"
916467996,29.0,OBSERVE,2026-09-30T20:53:12+00:00,2026-10-04T19:43:02+00:00,0,5,1,0,discovery,0.20,"max_source_weight=0.20 -> 9.0 | best_evidence=discovery -> +0.0 | independent_spam_groups=1 -> +0.0 | seen_runs=5 -> +12.0 | age_days=0 -> recency +8.0, stale 0.0 | safe_groups=0 -> 0.0"
918352616,29.0,OBSERVE,2026-09-30T20:53:12+00:00,2026-10-04T19:43:02+00:00,0,5,1,0,discovery,0.20,"max_source_weight=0.20 -> 9.0 | best_evidence=discovery -> +0.0 | independent_spam_groups=1 -> +0.0 | seen_runs=5 -> +12.0 | age_days=0 -> recency +8.0, stale 0.0 | safe_groups=0 -> 0.0"
919593292,29.0,OBSERVE,2026-10-01T21:06:14+00:00,2026-10-04T19:43:02+00:00,0,4,1,0,discovery,0.20,"max_source_weight=0.20 -> 9.0 | best_evidence=discovery -> +0.0 | independent_spam_groups=1 -> +0.0 | seen_runs=4 -> +12.0 | age_days=0 -> recency +8.0, stale 0.0 | safe_groups=0 -> 0.0"
919597755,29.0,OBSERVE,2026-09-24T20:03:41+00:00,2026-10-04T19:43:02+00:00,0,11,1,0,discovery,0.20,"max_source_weight=0.20 -> 9.0 | best_evidence=discovery -> +0.0 | independent_spam_groups=1 -> +0.0 | seen_runs=11 -> +12.0 | age_days=0 -> recency +8.0, stale 0.0 | safe_groups=0 -> 0.0"
919602457,29.0,OBSERVE,2026-09-28T22:06:43+00:00,2026-10-04T19:43:02+00:00,0,7,1,0,discovery,0.20,"max_source_weight=0.20 -> 9.0 | best_evidence=discovery -> +0.0 | independent_spam_groups=1 -> +0.0 | seen_runs=7 -> +12.0 | age_days=0 -> recency +8.0, stale 0.0 | safe_groups=0 -> 0.0"
919612204,29.0,OBSERVE,2026-09-22T19:49:00+00:00,2026-10-04T19:43:02+00:00,0,13,1,0,discovery,0.20,"max_source_weight=0.20 -> 9.0 | best_evidence=discovery -> +0.0 | independent_spam_groups=1 -> +0.0 | seen_runs=13 -> +12.0 | age_days=0 -> recency +8.0, stale 0.0 | safe_groups=0 -> 0.0"
919694418,29.0,OBSERVE,2026-09-19T18:40:35+00:00,2026-10-04T19:43:02+00:00,0,16,1,0,discovery,0.20,"max_source_weight=0.20 -> 9.0 | best_evidence=discovery -> +0.0 | independent_spam_groups=1 -> +0.0 | seen_runs=16 -> +12.0 | age_days=0 -> recency +8.0, stale 0.0 | safe_groups=0 -> 0.0"
919975977,29.0,OBSERVE,2026-09-18T19:06:05+00:00,2026-10-04T19:43:02+00:00,0,17,1,0,discovery,0.20,"max_source_weight=0.20 -> 9.0 | best_evidence=discovery -> +0.0 | independent_spam_groups=1 -> +0.0 | seen_runs=17 -> +12.0 | age_days=0 -> recency +8.0, stale 0.0 | safe_groups=0 -> 0.0"
920808587,29.0,OBSERVE,2026-09-24T20:03:41+00:00,2026-10-04T19:43:02+00:00,0,11,1,0,discovery,0.20,"max_source_weight=0.20 -> 9.0 | best_evidence=discovery -> +0.0 | independent_spam_groups=1 -> +0.0 | seen_runs=11 -> +12.0 | age_days=0 -> recency +8.0, stale 0.0 | safe_groups=0 -> 0.0"
922072659,29.0,OBSERVE,2026-09-18T19:06:05+00:00,2026-10-04T19:43:02+00:00,0,17,1,0,discovery,0.20,"max_source_weight=0.20 -> 9.0 | best_evidence=discovery -> +0.0 | independent_spam_groups=1 -> +0.0 | seen_runs=17 -> +12.0 | age_days=0 -> recency +8.0, stale 0.0 | safe_groups=0 -> 0.0"
930499038,29.0,OBSERVE,2026-09-16T19:37:49+00:00,2026-10-04T19:43:02+00:00,0,19,1,0,discovery,0.20,"max_source_weight=0.20 -> 9.0 | best_evidence=discovery -> +0.0 | independent_spam_groups=1 -> +0.0 | seen_runs=19 -> +12.0 | age_days=0 -> recency +8.0, stale 0.0 | safe_groups=0 -> 0.0"
930905305,29.0,OBSERVE,2026-09-14T20:22:20+00:00,2026-10-04T19:43:02+00:00,0,21,1,0,discovery,0.20,"max_source_weight=0.20 -> 9.0 | best_evidence=discovery -> +0.0 | independent_spam_groups=1 -> +0.0 | seen_runs=21 -> +12.0 | age_days=0 -> recency +8.0, stale 0.0 | safe_groups=0 -> 0.0"
931072024,29.0,OBSERVE,2026-09-19T18:40:35+00:00,2026-10-04T19:43:02+00:00,0,16,1,0,discovery,0.20,"max_source_weight=0.20 -> 9.0 | best_evidence=discovery -> +0.0 | independent_spam_groups=1 -> +0.0 | seen_runs=16 -> +12.0 | age_days=0 -> recency +8.0, stale 0.0 | safe_groups=0 -> 0.0"
931200525,29.0,OBSERVE,2026-09-25T20:05:11+00:00,2026-10-04T19:43:02+00:00,0,10,1,0,discovery,0.20,"max_source_weight=0.20 -> 9.0 | best_evidence=discovery -> +0.0 | independent_spam_groups=1 -> +0.0 | seen_runs=10 -> +12.0 | age_days=0 -> recency +8.0, stale 0.0 | safe_groups=0 -> 0.0"
935644657,29.0,OBSERVE,2026-09-23T19:44:46+00:00,2026-10-04T19:43:02+00:00,0,12,1,0,discovery,0.20,"max_source_weight=0.20 -> 9.0 | best_evidence=discovery -> +0.0 | independent_spam_groups=1 -> +0.0 | seen_runs=12 -> +12.0 | age_days=0 -> recency +8.0, stale 0.0 | safe_groups=0 -> 0.0"
950507376,29.0,OBSERVE,2026-09-16T19:37:49+00:00,2026-10-04T19:43:02+00:00,0,19,1,0,discovery,0.20,"max_source_weight=0.20 -> 9.0 | best_evidence=discovery -> +0.0 | independent_spam_groups=1 -> +0.0 | seen_runs=19 -> +12.0 | age_days=0 -> recency +8.0, stale 0.0 | safe_groups=0 -> 0.0"
955214251,29.0,OBSERVE,2026-09-21T20:29:27+00:00,2026-10-04T19:43:02+00:00,0,14,1,0,discovery,0.20,"max_source_weight=0.20 -> 9.0 | best_evidence=discovery -> +0.0 | independent_spam_groups=1 -> +0.0 | seen_runs=14 -> +12.0 | age_days=0 -> recency +8.0, stale 0.0 | safe_groups=0 -> 0.0"
955581011,29.0,OBSERVE,2026-09-15T19:45:50+00:00,2026-10-04T19:43:02+00:00,0,20,1,0,discovery,0.20,"max_source_weight=0.20 -> 9.0 | best_evidence=discovery -> +0.0 | independent_spam_groups=1 -> +0.0 | seen_runs=20 -> +12.0 | age_days=0 -> recency +8.0, stale 0.0 | safe_groups=0 -> 0.0"
955991004,29.0,OBSERVE,2026-09-30T20:53:12+00:00,2026-10-04T19:43:02+00:00,0,5,1,0,discovery,0.20,"max_source_weight=0.20 -> 9.0 | best_evidence=discovery -> +0.0 | independent_spam_groups=1 -> +0.0 | seen_runs=5 -> +12.0 | age_days=0 -> recency +8.0, stale 0.0 | safe_groups=0 -> 0.0"
960264242,29.0,OBSERVE,2026-09-29T20:52:44+00:00,2026-10-04T19:43:02+00:00,0,6,1,0,discovery,0.20,"max_source_weight=0.20 -> 9.0 | best_evidence=discovery -> +0.0 | independent_spam_groups=1 -> +0.0 | seen_runs=6 -> +12.0 | age_days=0 -> recency +8.0, stale 0.0 | safe_groups=0 -> 0.0"
967771045,29.0,OBSERVE,2026-09-23T19:44:46+00:00,2026-10-04T19:43:02+00:00,0,12,1,0,discovery,0.20,"max_source_weight=0.20 -> 9.0 | best_evidence=discovery -> +0.0 | independent_spam_groups=1 -> +0.0 | seen_runs=12 -> +12.0 | age_days=0 -> recency +8.0, stale 0.0 | safe_groups=0 -> 0.0"
968862232,29.0,OBSERVE,2026-09-16T19:37:49+00:00,2026-10-04T19:43:02+00:00,0,19,1,0,discovery,0.20,"max_source_weight=0.20 -> 9.0 | best_evidence=discovery -> +0.0 | independent_spam_groups=1 -> +0.0 | seen_runs=19 -> +12.0 | age_days=0 -> recency +8.0, stale 0.0 | safe_groups=0 -> 0.0"
978489573,29.0,OBSERVE,2026-09-22T19:49:00+00:00,2026-10-04T19:43:02+00:00,0,13,1,0,discovery,0.20,"max_source_weight=0.20 -> 9.0 | best_evidence=discovery -> +0.0 | independent_spam_groups=1 -> +0.0 | seen_runs=13 -> +12.0 | age_days=0 -> recency +8.0, stale 0.0 | safe_groups=0 -> 0.0"
984345998,29.0,OBSERVE,2026-09-30T20:53:12+00:00,2026-10-04T19:43:02+00:00,0,5,1,0,discovery,0.20,"max_source_weight=0.20 -> 9.0 | best_evidence=discovery -> +0.0 | independent_spam_groups=1 -> +0.0 | seen_runs=5 -> +12.0 | age_days=0 -> recency +8.0, stale 0.0 | safe_groups=0 -> 0.0"
987093314,29.0,OBSERVE,2026-09-24T20:03:41+00:00,2026-10-04T19:43:02+00:00,0,11,1,0,discovery,0.20,"max_source_weight=0.20 -> 9.0 | best_evidence=discovery -> +0.0 | independent_spam_groups=1 -> +0.0 | seen_runs=11 -> +12.0 | age_days=0 -> recency +8.0, stale 0.0 | safe_groups=0 -> 0.0"
961360874,28.2,OBSERVE,2026-08-25T20:48:08+00:00,2026-09-26T19:17:09+00:00,8,33,1,0,discovery,0.25,"max_source_weight=0.25 -> 11.2 | best_evidence=discovery -> +0.0 | independent_spam_groups=1 -> +0.0 | seen_runs=33 -> +12.0 | age_days=8 -> recency +5.0, stale 0.0 | safe_groups=0 -> 0.0"
600575548,26.0,OBSERVE,2026-08-25T20:48:08+00:00,2026-09-09T19:21:13+00:00,25,16,1,0,discovery,0.20,"max_source_weight=0.20 -> 9.0 | best_evidence=discovery -> +0.0 | independent_spam_groups=1 -> +0.0 | seen_runs=16 -> +12.0 | age_days=25 -> recency +5.0, stale 0.0 | safe_groups=0 -> 0.0"
602029927,26.0,OBSERVE,2026-08-25T20:48:08+00:00,2026-09-09T19:21:13+00:00,25,16,1,0,discovery,0.20,"max_source_weight=0.20 -> 9.0 | best_evidence=discovery -> +0.0 | independent_spam_groups=1 -> +0.0 | seen_runs=16 -> +12.0 | age_days=25 -> recency +5.0, stale 0.0 | safe_groups=0 -> 0.0"
602556195,26.0,OBSERVE,2026-08-25T20:48:08+00:00,2026-09-09T19:21:13+00:00,25,16,1,0,discovery,0.20,"max_source_weight=0.20 -> 9.0 | best_evidence=discovery -> +0.0 | independent_spam_groups=1 -> +0.0 | seen_runs=16 -> +12.0 | age_days=25 -> recency +5.0, stale 0.0 | safe_groups=0 -> 0.0"
603330064,26.0,OBSERVE,2026-08-25T20:48:08+00:00,2026-09-09T19:21:13+00:00,25,16,1,0,discovery,0.20,"max_source_weight=0.20 -> 9.0 | best_evidence=discovery -> +0.0 | independent_spam_groups=1 -> +0.0 | seen_runs=16 -> +12.0 | age_days=25 -> recency +5.0, stale 0.0 | safe_groups=0 -> 0.0"
603862180,26.0,OBSERVE,2026-08-25T20:48:08+00:00,2026-09-09T19:21:13+00:00,25,16,1,0,discovery,0.20,"max_source_weight=0.20 -> 9.0 | best_evidence=discovery -> +0.0 | independent_spam_groups=1 -> +0.0 | seen_runs=16 -> +12.0 | age_days=25 -> recency +5.0, stale 0.0 | safe_groups=0 -> 0.0"
605158972,26.0,OBSERVE,2026-08-25T20:48:08+00:00,2026-09-09T19:21:13+00:00,25,16,1,0,discovery,0.20,"max_source_weight=0.20 -> 9.0 | best_evidence=discovery -> +0.0 | independent_spam_groups=1 -> +0.0 | seen_runs=16 -> +12.0 | age_days=25 -> recency +5.0, stale 0.0 | safe_groups=0 -> 0.0"
605551057,26.0,OBSERVE,2026-08-25T20:48:08+00:00,2026-09-09T19:21:13+00:00,25,16,1,0,discovery,0.20,"max_source_weight=0.20 -> 9.0 | best_evidence=discovery -> +0.0 | independent_spam_groups=1 -> +0.0 | seen_runs=16 -> +12.0 | age_days=25 -> recency +5.0, stale 0.0 | safe_groups=0 -> 0.0"
605665897,26.0,OBSERVE,2026-09-01T19:28:04+00:00,2026-09-14T20:22:20+00:00,19,14,1,0,discovery,0.20,"max_source_weight=0.20 -> 9.0 | best_evidence=discovery -> +0.0 | independent_spam_groups=1 -> +0.0 | seen_runs=14 -> +12.0 | age_days=19 -> recency +5.0, stale 0.0 | safe_groups=0 -> 0.0"
606257864,26.0,OBSERVE,2026-09-10T19:11:24+00:00,2026-09-20T18:53:27+00:00,14,11,1,0,discovery,0.20,"max_source_weight=0.20 -> 9.0 | best_evidence=discovery -> +0.0 | independent_spam_groups=1 -> +0.0 | seen_runs=11 -> +12.0 | age_days=14 -> recency +5.0, stale 0.0 | safe_groups=0 -> 0.0"
606295135,26.0,OBSERVE,2026-08-25T20:48:08+00:00,2026-09-09T19:21:13+00:00,25,16,1,0,discovery,0.20,"max_source_weight=0.20 -> 9.0 | best_evidence=discovery -> +0.0 | independent_spam_groups=1 -> +0.0 | seen_runs=16 -> +12.0 | age_days=25 -> recency +5.0, stale 0.0 | safe_groups=0 -> 0.0"
606701723,26.0,OBSERVE,2026-09-10T19:11:24+00:00,2026-09-20T18:53:27+00:00,14,11,1,0,discovery,0.20,"max_source_weight=0.20 -> 9.0 | best_evidence=discovery -> +0.0 | independent_spam_groups=1 -> +0.0 | seen_runs=11 -> +12.0 | age_days=14 -> recency +5.0, stale 0.0 | safe_groups=0 -> 0.0"
607386153,26.0,OBSERVE,2026-08-25T20:48:08+00:00,2026-09-09T19:21:13+00:00,25,16,1,0,discovery,0.20,"max_source_weight=0.20 -> 9.0 | best_evidence=discovery -> +0.0 | independent_spam_groups=1 -> +0.0 | seen_runs=16 -> +12.0 | age_days=25 -> recency +5.0, stale 0.0 | safe_groups=0 -> 0.0"
608000096,26.0,OBSERVE,2026-09-10T19:11:24+00:00,2026-09-21T20:29:27+00:00,12,12,1,0,discovery,0.20,"max_source_weight=0.20 -> 9.0 | best_evidence=discovery -> +0.0 | independent_spam_groups=1 -> +0.0 | seen_runs=12 -> +12.0 | age_days=12 -> recency +5.0, stale 0.0 | safe_groups=0 -> 0.0"
608495844,26.0,OBSERVE,2026-09-10T19:11:24+00:00,2026-09-25T20:05:11+00:00,8,16,1,0,discovery,0.20,"max_source_weight=0.20 -> 9.0 | best_evidence=discovery -> +0.0 | independent_spam_groups=1 -> +0.0 | seen_runs=16 -> +12.0 | age_days=8 -> recency +5.0, stale 0.0 | safe_groups=0 -> 0.0"
608813216,26.0,OBSERVE,2026-09-10T19:11:24+00:00,2026-09-20T18:53:27+00:00,14,11,1,0,discovery,0.20,"max_source_weight=0.20 -> 9.0 | best_evidence=discovery -> +0.0 | independent_spam_groups=1 -> +0.0 | seen_runs=11 -> +12.0 | age_days=14 -> recency +5.0, stale 0.0 | safe_groups=0 -> 0.0"
608885169,26.0,OBSERVE,2026-09-10T19:11:24+00:00,2026-09-20T18:53:27+00:00,14,11,1,0,discovery,0.20,"max_source_weight=0.20 -> 9.0 | best_evidence=discovery -> +0.0 | independent_spam_groups=1 -> +0.0 | seen_runs=11 -> +12.0 | age_days=14 -> recency +5.0, stale 0.0 | safe_groups=0 -> 0.0"
610242007,26.0,OBSERVE,2026-09-02T19:27:12+00:00,2026-09-15T19:45:50+00:00,18,14,1,0,discovery,0.20,"max_source_weight=0.20 -> 9.0 | best_evidence=discovery -> +0.0 | independent_spam_groups=1 -> +0.0 | seen_runs=14 -> +12.0 | age_days=18 -> recency +5.0, stale 0.0 | safe_groups=0 -> 0.0"
610424796,26.0,OBSERVE,2026-09-08T19:29:58+00:00,2026-09-18T19:06:05+00:00,16,11,1,0,discovery,0.20,"max_source_weight=0.20 -> 9.0 | best_evidence=discovery -> +0.0 | independent_spam_groups=1 -> +0.0 | seen_runs=11 -> +12.0 | age_days=16 -> recency +5.0, stale 0.0 | safe_groups=0 -> 0.0"
610856592,26.0,OBSERVE,2026-09-01T19:28:04+00:00,2026-09-15T19:45:50+00:00,18,15,1,0,discovery,0.20,"max_source_weight=0.20 -> 9.0 | best_evidence=discovery -> +0.0 | independent_spam_groups=1 -> +0.0 | seen_runs=15 -> +12.0 | age_days=18 -> recency +5.0, stale 0.0 | safe_groups=0 -> 0.0"
611520045,26.0,OBSERVE,2026-08-25T20:48:08+00:00,2026-09-09T19:21:13+00:00,25,16,1,0,discovery,0.20,"max_source_weight=0.20 -> 9.0 | best_evidence=discovery -> +0.0 | independent_spam_groups=1 -> +0.0 | seen_runs=16 -> +12.0 | age_days=25 -> recency +5.0, stale 0.0 | safe_groups=0 -> 0.0"
611687983,26.0,OBSERVE,2026-08-25T20:48:08+00:00,2026-09-09T19:21:13+00:00,25,16,1,0,discovery,0.20,"max_source_weight=0.20 -> 9.0 | best_evidence=discovery -> +0.0 | independent_spam_groups=1 -> +0.0 | seen_runs=16 -> +12.0 | age_days=25 -> recency +5.0, stale 0.0 | safe_groups=0 -> 0.0"
611747696,26.0,OBSERVE,2026-08-25T20:48:08+00:00,2026-09-09T19:21:13+00:00,25,16,1,0,discovery,0.20,"max_source_weight=0.20 -> 9.0 | best_evidence=discovery -> +0.0 | independent_spam_groups=1 -> +0.0 | seen_runs=16 -> +12.0 | age_days=25 -> recency +5.0, stale 0.0 | safe_groups=0 -> 0.0"
611892361,26.0,OBSERVE,2026-08-25T20:48:08+00:00,2026-09-09T19:21:13+00:00,25,16,1,0,discovery,0.20,"max_source_weight=0.20 -> 9.0 | best_evidence=discovery -> +0.0 | independent_spam_groups=1 -> +0.0 | seen_runs=16 -> +12.0 | age_days=25 -> recency +5.0, stale 0.0 | safe_groups=0 -> 0.0"
613854025,26.0,OBSERVE,2026-08-29T00:37:48+00:00,2026-09-13T18:51:40+00:00,21,17,1,0,discovery,0.20,"max_source_weight=0.20 -> 9.0 | best_evidence=discovery -> +0.0 | independent_spam_groups=1 -> +0.0 | seen_runs=17 -> +12.0 | age_days=21 -> recency +5.0, stale 0.0 | safe_groups=0 -> 0.0"
614937912,26.0,OBSERVE,2026-08-25T20:48:08+00:00,2026-09-09T19:21:13+00:00,25,16,1,0,discovery,0.20,"max_source_weight=0.20 -> 9.0 | best_evidence=discovery -> +0.0 | independent_spam_groups=1 -> +0.0 | seen_runs=16 -> +12.0 | age_days=25 -> recency +5.0, stale 0.0 | safe_groups=0 -> 0.0"
616370304,26.0,OBSERVE,2026-09-10T19:11:24+00:00,2026-09-20T18:53:27+00:00,14,11,1,0,discovery,0.20,"max_source_weight=0.20 -> 9.0 | best_evidence=discovery -> +0.0 | independent_spam_groups=1 -> +0.0 | seen_runs=11 -> +12.0 | age_days=14 -> recency +5.0, stale 0.0 | safe_groups=0 -> 0.0"
616422472,26.0,OBSERVE,2026-09-10T19:11:24+00:00,2026-09-21T20:29:27+00:00,12,12,1,0,discovery,0.20,"max_source_weight=0.20 -> 9.0 | best_evidence=discovery -> +0.0 | independent_spam_groups=1 -> +0.0 | seen_runs=12 -> +12.0 | age_days=12 -> recency +5.0, stale 0.0 | safe_groups=0 -> 0.0"
616498985,26.0,OBSERVE,2026-08-25T20:48:08+00:00,2026-09-09T19:21:13+00:00,25,16,1,0,discovery,0.20,"max_source_weight=0.20 -> 9.0 | best_evidence=discovery -> +0.0 | independent_spam_groups=1 -> +0.0 | seen_runs=16 -> +12.0 | age_days=25 -> recency +5.0, stale 0.0 | safe_groups=0 -> 0.0"
616812370,26.0,OBSERVE,2026-09-10T19:11:24+00:00,2026-09-20T18:53:27+00:00,14,11,1,0,discovery,0.20,"max_source_weight=0.20 -> 9.0 | best_evidence=discovery -> +0.0 | independent_spam_groups=1 -> +0.0 | seen_runs=11 -> +12.0 | age_days=14 -> recency +5.0, stale 0.0 | safe_groups=0 -> 0.0"
617474406,26.0,OBSERVE,2026-08-25T20:48:08+00:00,2026-09-07T20:02:18+00:00,26,14,1,0,discovery,0.20,"max_source_weight=0.20 -> 9.0 | best_evidence=discovery -> +0.0 | independent_spam_groups=1 -> +0.0 | seen_runs=14 -> +12.0 | age_days=26 -> recency +5.0, stale 0.0 | safe_groups=0 -> 0.0"
617485051,26.0,OBSERVE,2026-08-25T20:48:08+00:00,2026-09-09T19:21:13+00:00,25,16,1,0,discovery,0.20,"max_source_weight=0.20 -> 9.0 | best_evidence=discovery -> +0.0 | independent_spam_groups=1 -> +0.0 | seen_runs=16 -> +12.0 | age_days=25 -> recency +5.0, stale 0.0 | safe_groups=0 -> 0.0"
618057206,26.0,OBSERVE,2026-09-10T19:11:24+00:00,2026-09-23T19:44:46+00:00,10,14,1,0,discovery,0.20,"max_source_weight=0.20 -> 9.0 | best_evidence=discovery -> +0.0 | independent_spam_groups=1 -> +0.0 | seen_runs=14 -> +12.0 | age_days=10 -> recency +5.0, stale 0.0 | safe_groups=0 -> 0.0"
618079875,26.0,OBSERVE,2026-09-02T19:27:12+00:00,2026-09-15T19:45:50+00:00,18,14,1,0,discovery,0.20,"max_source_weight=0.20 -> 9.0 | best_evidence=discovery -> +0.0 | independent_spam_groups=1 -> +0.0 | seen_runs=14 -> +12.0 | age_days=18 -> recency +5.0, stale 0.0 | safe_groups=0 -> 0.0"
618239461,26.0,OBSERVE,2026-09-10T19:11:24+00:00,2026-09-20T18:53:27+00:00,14,11,1,0,discovery,0.20,"max_source_weight=0.20 -> 9.0 | best_evidence=discovery -> +0.0 | independent_spam_groups=1 -> +0.0 | seen_runs=11 -> +12.0 | age_days=14 -> recency +5.0, stale 0.0 | safe_groups=0 -> 0.0"
618415539,26.0,OBSERVE,2026-09-10T19:11:24+00:00,2026-09-22T19:49:00+00:00,11,13,1,0,discovery,0.20,"max_source_weight=0.20 -> 9.0 | best_evidence=discovery -> +0.0 | independent_spam_groups=1 -> +0.0 | seen_runs=13 -> +12.0 | age_days=11 -> recency +5.0, stale 0.0 | safe_groups=0 -> 0.0"
618875951,26.0,OBSERVE,2026-09-01T19:28:04+00:00,2026-09-14T20:22:20+00:00,19,14,1,0,discovery,0.20,"max_source_weight=0.20 -> 9.0 | best_evidence=discovery -> +0.0 | independent_spam_groups=1 -> +0.0 | seen_runs=14 -> +12.0 | age_days=19 -> recency +5.0, stale 0.0 | safe_groups=0 -> 0.0"
619113906,26.0,OBSERVE,2026-08-25T20:48:08+00:00,2026-09-09T19:21:13+00:00,25,16,1,0,discovery,0.20,"max_source_weight=0.20 -> 9.0 | best_evidence=discovery -> +0.0 | independent_spam_groups=1 -> +0.0 | seen_runs=16 -> +12.0 | age_days=25 -> recency +5.0, stale 0.0 | safe_groups=0 -> 0.0"
619609849,26.0,OBSERVE,2026-08-25T20:48:08+00:00,2026-09-09T19:21:13+00:00,25,16,1,0,discovery,0.20,"max_source_weight=0.20 -> 9.0 | best_evidence=discovery -> +0.0 | independent_spam_groups=1 -> +0.0 | seen_runs=16 -> +12.0 | age_days=25 -> recency +5.0, stale 0.0 | safe_groups=0 -> 0.0"
619915679,26.0,OBSERVE,2026-09-01T19:28:04+00:00,2026-09-14T20:22:20+00:00,19,14,1,0,discovery,0.20,"max_source_weight=0.20 -> 9.0 | best_evidence=discovery -> +0.0 | independent_spam_groups=1 -> +0.0 | seen_runs=14 -> +12.0 | age_days=19 -> recency +5.0, stale 0.0 | safe_groups=0 -> 0.0"
619928659,26.0,OBSERVE,2026-09-03T19:21:36+00:00,2026-09-15T19:45:50+00:00,18,13,1,0,discovery,0.20,"max_source_weight=0.20 -> 9.0 | best_evidence=discovery -> +0.0 | independent_spam_groups=1 -> +0.0 | seen_runs=13 -> +12.0 | age_days=18 -> recency +5.0, stale 0.0 | safe_groups=0 -> 0.0"
623159989,26.0,OBSERVE,2026-08-25T20:48:08+00:00,2026-09-09T19:21:13+00:00,25,16,1,0,discovery,0.20,"max_source_weight=0.20 -> 9.0 | best_evidence=discovery -> +0.0 | independent_spam_groups=1 -> +0.0 | seen_runs=16 -> +12.0 | age_days=25 -> recency +5.0, stale 0.0 | safe_groups=0 -> 0.0"
626485351,26.0,OBSERVE,2026-08-25T20:48:08+00:00,2026-09-09T19:21:13+00:00,25,16,1,0,discovery,0.20,"max_source_weight=0.20 -> 9.0 | best_evidence=discovery -> +0.0 | independent_spam_groups=1 -> +0.0 | seen_runs=16 -> +12.0 | age_days=25 -> recency +5.0, stale 0.0 | safe_groups=0 -> 0.0"
626798837,26.0,OBSERVE,2026-09-10T19:11:24+00:00,2026-09-20T18:53:27+00:00,14,11,1,0,discovery,0.20,"max_source_weight=0.20 -> 9.0 | best_evidence=discovery -> +0.0 | independent_spam_groups=1 -> +0.0 | seen_runs=11 -> +12.0 | age_days=14 -> recency +5.0, stale 0.0 | safe_groups=0 -> 0.0"
628223796,26.0,OBSERVE,2026-09-10T19:11:24+00:00,2026-09-22T19:49:00+00:00,11,13,1,0,discovery,0.20,"max_source_weight=0.20 -> 9.0 | best_evidence=discovery -> +0.0 | independent_spam_groups=1 -> +0.0 | seen_runs=13 -> +12.0 | age_days=11 -> recency +5.0, stale 0.0 | safe_groups=0 -> 0.0"
628991467,26.0,OBSERVE,2026-08-25T20:48:08+00:00,2026-09-09T19:21:13+00:00,25,16,1,0,discovery,0.20,"max_source_weight=0.20 -> 9.0 | best_evidence=discovery -> +0.0 | independent_spam_groups=1 -> +0.0 | seen_runs=16 -> +12.0 | age_days=25 -> recency +5.0, stale 0.0 | safe_groups=0 -> 0.0"
629320519,26.0,OBSERVE,2026-09-10T19:11:24+00:00,2026-09-23T19:44:46+00:00,10,14,1,0,discovery,0.20,"max_source_weight=0.20 -> 9.0 | best_evidence=discovery -> +0.0 | independent_spam_groups=1 -> +0.0 | seen_runs=14 -> +12.0 | age_days=10 -> recency +5.0, stale 0.0 | safe_groups=0 -> 0.0"
629401149,26.0,OBSERVE,2026-09-10T19:11:24+00:00,2026-09-21T20:29:27+00:00,12,12,1,0,discovery,0.20,"max_source_weight=0.20 -> 9.0 | best_evidence=discovery -> +0.0 | independent_spam_groups=1 -> +0.0 | seen_runs=12 -> +12.0 | age_days=12 -> recency +5.0, stale 0.0 | safe_groups=0 -> 0.0"
629491914,26.0,OBSERVE,2026-09-10T19:11:24+00:00,2026-09-23T19:44:46+00:00,10,14,1,0,discovery,0.20,"max_source_weight=0.20 -> 9.0 | best_evidence=discovery -> +0.0 | independent_spam_groups=1 -> +0.0 | seen_runs=14 -> +12.0 | age_days=10 -> recency +5.0, stale 0.0 | safe_groups=0 -> 0.0"
629877782,26.0,OBSERVE,2026-08-25T20:48:08+00:00,2026-09-09T19:21:13+00:00,25,16,1,0,discovery,0.20,"max_source_weight=0.20 -> 9.0 | best_evidence=discovery -> +0.0 | independent_spam_groups=1 -> +0.0 | seen_runs=16 -> +12.0 | age_days=25 -> recency +5.0, stale 0.0 | safe_groups=0 -> 0.0"
630238816,26.0,OBSERVE,2026-09-10T19:11:24+00:00,2026-09-24T20:03:41+00:00,9,15,1,0,discovery,0.20,"max_source_weight=0.20 -> 9.0 | best_evidence=discovery -> +0.0 | independent_spam_groups=1 -> +0.0 | seen_runs=15 -> +12.0 | age_days=9 -> recency +5.0, stale 0.0 | safe_groups=0 -> 0.0"
630693452,26.0,OBSERVE,2026-08-28T01:00:53+00:00,2026-09-12T18:28:48+00:00,22,17,1,0,discovery,0.20,"max_source_weight=0.20 -> 9.0 | best_evidence=discovery -> +0.0 | independent_spam_groups=1 -> +0.0 | seen_runs=17 -> +12.0 | age_days=22 -> recency +5.0, stale 0.0 | safe_groups=0 -> 0.0"
630739520,26.0,OBSERVE,2026-09-10T19:11:24+00:00,2026-09-23T19:44:46+00:00,10,14,1,0,discovery,0.20,"max_source_weight=0.20 -> 9.0 | best_evidence=discovery -> +0.0 | independent_spam_groups=1 -> +0.0 | seen_runs=14 -> +12.0 | age_days=10 -> recency +5.0, stale 0.0 | safe_groups=0 -> 0.0"
631730441,26.0,OBSERVE,2026-08-25T20:48:08+00:00,2026-09-09T19:21:13+00:00,25,16,1,0,discovery,0.20,"max_source_weight=0.20 -> 9.0 | best_evidence=discovery -> +0.0 | independent_spam_groups=1 -> +0.0 | seen_runs=16 -> +12.0 | age_days=25 -> recency +5.0, stale 0.0 | safe_groups=0 -> 0.0"
632181420,26.0,OBSERVE,2026-08-25T20:48:08+00:00,2026-09-09T19:21:13+00:00,25,16,1,0,discovery,0.20,"max_source_weight=0.20 -> 9.0 | best_evidence=discovery -> +0.0 | independent_spam_groups=1 -> +0.0 | seen_runs=16 -> +12.0 | age_days=25 -> recency +5.0, stale 0.0 | safe_groups=0 -> 0.0"
632736800,26.0,OBSERVE,2026-08-25T20:48:08+00:00,2026-09-09T19:21:13+00:00,25,16,1,0,discovery,0.20,"max_source_weight=0.20 -> 9.0 | best_evidence=discovery -> +0.0 | independent_spam_groups=1 -> +0.0 | seen_runs=16 -> +12.0 | age_days=25 -> recency +5.0, stale 0.0 | safe_groups=0 -> 0.0"
636327727,26.0,OBSERVE,2026-08-25T20:48:08+00:00,2026-09-09T19:21:13+00:00,25,16,1,0,discovery,0.20,"max_source_weight=0.20 -> 9.0 | best_evidence=discovery -> +0.0 | independent_spam_groups=1 -> +0.0 | seen_runs=16 -> +12.0 | age_days=25 -> recency +5.0, stale 0.0 | safe_groups=0 -> 0.0"
636369478,26.0,OBSERVE,2026-09-10T19:11:24+00:00,2026-09-22T19:49:00+00:00,11,13,1,0,discovery,0.20,"max_source_weight=0.20 -> 9.0 | best_evidence=discovery -> +0.0 | independent_spam_groups=1 -> +0.0 | seen_runs=13 -> +12.0 | age_days=11 -> recency +5.0, stale 0.0 | safe_groups=0 -> 0.0"
636913857,26.0,OBSERVE,2026-09-10T19:11:24+00:00,2026-09-20T18:53:27+00:00,14,11,1,0,discovery,0.20,"max_source_weight=0.20 -> 9.0 | best_evidence=discovery -> +0.0 | independent_spam_groups=1 -> +0.0 | seen_runs=11 -> +12.0 | age_days=14 -> recency +5.0, stale 0.0 | safe_groups=0 -> 0.0"
637457850,26.0,OBSERVE,2026-08-25T20:48:08+00:00,2026-09-09T19:21:13+00:00,25,16,1,0,discovery,0.20,"max_source_weight=0.20 -> 9.0 | best_evidence=discovery -> +0.0 | independent_spam_groups=1 -> +0.0 | seen_runs=16 -> +12.0 | age_days=25 -> recency +5.0, stale 0.0 | safe_groups=0 -> 0.0"
637733218,26.0,OBSERVE,2026-08-25T20:48:08+00:00,2026-09-09T19:21:13+00:00,25,16,1,0,discovery,0.20,"max_source_weight=0.20 -> 9.0 | best_evidence=discovery -> +0.0 | independent_spam_groups=1 -> +0.0 | seen_runs=16 -> +12.0 | age_days=25 -> recency +5.0, stale 0.0 | safe_groups=0 -> 0.0"
638560647,26.0,OBSERVE,2026-08-25T20:48:08+00:00,2026-09-09T19:21:13+00:00,25,16,1,0,discovery,0.20,"max_source_weight=0.20 -> 9.0 | best_evidence=discovery -> +0.0 | independent_spam_groups=1 -> +0.0 | seen_runs=16 -> +12.0 | age_days=25 -> recency +5.0, stale 0.0 | safe_groups=0 -> 0.0"
638712003,26.0,OBSERVE,2026-08-31T21:32:23+00:00,2026-09-14T20:22:20+00:00,19,15,1,0,discovery,0.20,"max_source_weight=0.20 -> 9.0 | best_evidence=discovery -> +0.0 | independent_spam_groups=1 -> +0.0 | seen_runs=15 -> +12.0 | age_days=19 -> recency +5.0, stale 0.0 | safe_groups=0 -> 0.0"
638742294,26.0,OBSERVE,2026-08-25T20:48:08+00:00,2026-09-09T19:21:13+00:00,25,16,1,0,discovery,0.20,"max_source_weight=0.20 -> 9.0 | best_evidence=discovery -> +0.0 | independent_spam_groups=1 -> +0.0 | seen_runs=16 -> +12.0 | age_days=25 -> recency +5.0, stale 0.0 | safe_groups=0 -> 0.0"
639164473,26.0,OBSERVE,2026-09-10T19:11:24+00:00,2026-09-23T19:44:46+00:00,10,14,1,0,discovery,0.20,"max_source_weight=0.20 -> 9.0 | best_evidence=discovery -> +0.0 | independent_spam_groups=1 -> +0.0 | seen_runs=14 -> +12.0 | age_days=10 -> recency +5.0, stale 0.0 | safe_groups=0 -> 0.0"
639769927,26.0,OBSERVE,2026-08-25T20:48:08+00:00,2026-09-09T19:21:13+00:00,25,16,1,0,discovery,0.20,"max_source_weight=0.20 -> 9.0 | best_evidence=discovery -> +0.0 | independent_spam_groups=1 -> +0.0 | seen_runs=16 -> +12.0 | age_days=25 -> recency +5.0, stale 0.0 | safe_groups=0 -> 0.0"
640619030,26.0,OBSERVE,2026-08-29T19:28:26+00:00,2026-09-13T18:51:40+00:00,21,16,1,0,discovery,0.20,"max_source_weight=0.20 -> 9.0 | best_evidence=discovery -> +0.0 | independent_spam_groups=1 -> +0.0 | seen_runs=16 -> +12.0 | age_days=21 -> recency +5.0, stale 0.0 | safe_groups=0 -> 0.0"
642570603,26.0,OBSERVE,2026-08-25T20:48:08+00:00,2026-09-09T19:21:13+00:00,25,16,1,0,discovery,0.20,"max_source_weight=0.20 -> 9.0 | best_evidence=discovery -> +0.0 | independent_spam_groups=1 -> +0.0 | seen_runs=16 -> +12.0 | age_days=25 -> recency +5.0, stale 0.0 | safe_groups=0 -> 0.0"
643511787,26.0,OBSERVE,2026-09-04T19:03:03+00:00,2026-09-17T19:47:48+00:00,16,14,1,0,discovery,0.20,"max_source_weight=0.20 -> 9.0 | best_evidence=discovery -> +0.0 | independent_spam_groups=1 -> +0.0 | seen_runs=14 -> +12.0 | age_days=16 -> recency +5.0, stale 0.0 | safe_groups=0 -> 0.0"
645254600,26.0,OBSERVE,2026-08-29T19:28:26+00:00,2026-09-13T18:51:40+00:00,21,16,1,0,discovery,0.20,"max_source_weight=0.20 -> 9.0 | best_evidence=discovery -> +0.0 | independent_spam_groups=1 -> +0.0 | seen_runs=16 -> +12.0 | age_days=21 -> recency +5.0, stale 0.0 | safe_groups=0 -> 0.0"
645639193,26.0,OBSERVE,2026-08-25T20:48:08+00:00,2026-09-09T19:21:13+00:00,25,16,1,0,discovery,0.20,"max_source_weight=0.20 -> 9.0 | best_evidence=discovery -> +0.0 | independent_spam_groups=1 -> +0.0 | seen_runs=16 -> +12.0 | age_days=25 -> recency +5.0, stale 0.0 | safe_groups=0 -> 0.0"
645692702,26.0,OBSERVE,2026-08-31T21:32:23+00:00,2026-09-13T18:51:40+00:00,21,14,1,0,discovery,0.20,"max_source_weight=0.20 -> 9.0 | best_evidence=discovery -> +0.0 | independent_spam_groups=1 -> +0.0 | seen_runs=14 -> +12.0 | age_days=21 -> recency +5.0, stale 0.0 | safe_groups=0 -> 0.0"
646493499,26.0,OBSERVE,2026-09-10T19:11:24+00:00,2026-09-20T18:53:27+00:00,14,11,1,0,discovery,0.20,"max_source_weight=0.20 -> 9.0 | best_evidence=discovery -> +0.0 | independent_spam_groups=1 -> +0.0 | seen_runs=11 -> +12.0 | age_days=14 -> recency +5.0, stale 0.0 | safe_groups=0 -> 0.0"
646906873,26.0,OBSERVE,2026-09-10T19:11:24+00:00,2026-09-21T20:29:27+00:00,12,12,1,0,discovery,0.20,"max_source_weight=0.20 -> 9.0 | best_evidence=discovery -> +0.0 | independent_spam_groups=1 -> +0.0 | seen_runs=12 -> +12.0 | age_days=12 -> recency +5.0, stale 0.0 | safe_groups=0 -> 0.0"
647682313,26.0,OBSERVE,2026-08-25T20:48:08+00:00,2026-09-09T19:21:13+00:00,25,16,1,0,discovery,0.20,"max_source_weight=0.20 -> 9.0 | best_evidence=discovery -> +0.0 | independent_spam_groups=1 -> +0.0 | seen_runs=16 -> +12.0 | age_days=25 -> recency +5.0, stale 0.0 | safe_groups=0 -> 0.0"
649747661,26.0,OBSERVE,2026-09-10T19:11:24+00:00,2026-09-23T19:44:46+00:00,10,14,1,0,discovery,0.20,"max_source_weight=0.20 -> 9.0 | best_evidence=discovery -> +0.0 | independent_spam_groups=1 -> +0.0 | seen_runs=14 -> +12.0 | age_days=10 -> recency +5.0, stale 0.0 | safe_groups=0 -> 0.0"
650297251,26.0,OBSERVE,2026-08-25T20:48:08+00:00,2026-09-09T19:21:13+00:00,25,16,1,0,discovery,0.20,"max_source_weight=0.20 -> 9.0 | best_evidence=discovery -> +0.0 | independent_spam_groups=1 -> +0.0 | seen_runs=16 -> +12.0 | age_days=25 -> recency +5.0, stale 0.0 | safe_groups=0 -> 0.0"
650384088,26.0,OBSERVE,2026-09-04T19:03:03+00:00,2026-09-15T19:45:50+00:00,18,12,1,0,discovery,0.20,"max_source_weight=0.20 -> 9.0 | best_evidence=discovery -> +0.0 | independent_spam_groups=1 -> +0.0 | seen_runs=12 -> +12.0 | age_days=18 -> recency +5.0, stale 0.0 | safe_groups=0 -> 0.0"
650612756,26.0,OBSERVE,2026-08-25T20:48:08+00:00,2026-09-04T19:03:03+00:00,30,11,1,0,discovery,0.20,"max_source_weight=0.20 -> 9.0 | best_evidence=discovery -> +0.0 | independent_spam_groups=1 -> +0.0 | seen_runs=11 -> +12.0 | age_days=30 -> recency +5.0, stale 0.0 | safe_groups=0 -> 0.0"
650757131,26.0,OBSERVE,2026-09-10T19:11:24+00:00,2026-09-22T19:49:00+00:00,11,13,1,0,discovery,0.20,"max_source_weight=0.20 -> 9.0 | best_evidence=discovery -> +0.0 | independent_spam_groups=1 -> +0.0 | seen_runs=13 -> +12.0 | age_days=11 -> recency +5.0, stale 0.0 | safe_groups=0 -> 0.0"
650809625,26.0,OBSERVE,2026-09-10T19:11:24+00:00,2026-09-21T20:29:27+00:00,12,12,1,0,discovery,0.20,"max_source_weight=0.20 -> 9.0 | best_evidence=discovery -> +0.0 | independent_spam_groups=1 -> +0.0 | seen_runs=12 -> +12.0 | age_days=12 -> recency +5.0, stale 0.0 | safe_groups=0 -> 0.0"
651499017,26.0,OBSERVE,2026-08-25T20:48:08+00:00,2026-09-09T19:21:13+00:00,25,16,1,0,discovery,0.20,"max_source_weight=0.20 -> 9.0 | best_evidence=discovery -> +0.0 | independent_spam_groups=1 -> +0.0 | seen_runs=16 -> +12.0 | age_days=25 -> recency +5.0, stale 0.0 | safe_groups=0 -> 0.0"
652430201,26.0,OBSERVE,2026-08-25T20:48:08+00:00,2026-09-09T19:21:13+00:00,25,16,1,0,discovery,0.20,"max_source_weight=0.20 -> 9.0 | best_evidence=discovery -> +0.0 | independent_spam_groups=1 -> +0.0 | seen_runs=16 -> +12.0 | age_days=25 -> recency +5.0, stale 0.0 | safe_groups=0 -> 0.0"
652518828,26.0,OBSERVE,2026-08-25T20:48:08+00:00,2026-09-09T19:21:13+00:00,25,16,1,0,discovery,0.20,"max_source_weight=0.20 -> 9.0 | best_evidence=discovery -> +0.0 | independent_spam_groups=1 -> +0.0 | seen_runs=16 -> +12.0 | age_days=25 -> recency +5.0, stale 0.0 | safe_groups=0 -> 0.0"
653452237,26.0,OBSERVE,2026-08-25T20:48:08+00:00,2026-09-09T19:21:13+00:00,25,16,1,0,discovery,0.20,"max_source_weight=0.20 -> 9.0 | best_evidence=discovery -> +0.0 | independent_spam_groups=1 -> +0.0 | seen_runs=16 -> +12.0 | age_days=25 -> recency +5.0, stale 0.0 | safe_groups=0 -> 0.0"
653762415,26.0,OBSERVE,2026-08-25T20:48:08+00:00,2026-09-09T19:21:13+00:00,25,16,1,0,discovery,0.20,"max_source_weight=0.20 -> 9.0 | best_evidence=discovery -> +0.0 | independent_spam_groups=1 -> +0.0 | seen_runs=16 -> +12.0 | age_days=25 -> recency +5.0, stale 0.0 | safe_groups=0 -> 0.0"
653762426,26.0,OBSERVE,2026-09-01T19:28:04+00:00,2026-09-15T19:45:50+00:00,18,15,1,0,discovery,0.20,"max_source_weight=0.20 -> 9.0 | best_evidence=discovery -> +0.0 | independent_spam_groups=1 -> +0.0 | seen_runs=15 -> +12.0 | age_days=18 -> recency +5.0, stale 0.0 | safe_groups=0 -> 0.0"
653762452,26.0,OBSERVE,2026-08-25T20:48:08+00:00,2026-09-09T19:21:13+00:00,25,16,1,0,discovery,0.20,"max_source_weight=0.20 -> 9.0 | best_evidence=discovery -> +0.0 | independent_spam_groups=1 -> +0.0 | seen_runs=16 -> +12.0 | age_days=25 -> recency +5.0, stale 0.0 | safe_groups=0 -> 0.0"
653977167,26.0,OBSERVE,2026-08-25T20:48:08+00:00,2026-09-09T19:21:13+00:00,25,16,1,0,discovery,0.20,"max_source_weight=0.20 -> 9.0 | best_evidence=discovery -> +0.0 | independent_spam_groups=1 -> +0.0 | seen_runs=16 -> +12.0 | age_days=25 -> recency +5.0, stale 0.0 | safe_groups=0 -> 0.0"
654100524,26.0,OBSERVE,2026-09-03T19:21:36+00:00,2026-09-15T19:45:50+00:00,18,13,1,0,discovery,0.20,"max_source_weight=0.20 -> 9.0 | best_evidence=discovery -> +0.0 | independent_spam_groups=1 -> +0.0 | seen_runs=13 -> +12.0 | age_days=18 -> recency +5.0, stale 0.0 | safe_groups=0 -> 0.0"
654629441,26.0,OBSERVE,2026-08-25T20:48:08+00:00,2026-09-09T19:21:13+00:00,25,16,1,0,discovery,0.20,"max_source_weight=0.20 -> 9.0 | best_evidence=discovery -> +0.0 | independent_spam_groups=1 -> +0.0 | seen_runs=16 -> +12.0 | age_days=25 -> recency +5.0, stale 0.0 | safe_groups=0 -> 0.0"
654851845,26.0,OBSERVE,2026-09-02T19:27:12+00:00,2026-09-15T19:45:50+00:00,18,14,1,0,discovery,0.20,"max_source_weight=0.20 -> 9.0 | best_evidence=discovery -> +0.0 | independent_spam_groups=1 -> +0.0 | seen_runs=14 -> +12.0 | age_days=18 -> recency +5.0, stale 0.0 | safe_groups=0 -> 0.0"
654901008,26.0,OBSERVE,2026-08-25T20:48:08+00:00,2026-09-09T19:21:13+00:00,25,16,1,0,discovery,0.20,"max_source_weight=0.20 -> 9.0 | best_evidence=discovery -> +0.0 | independent_spam_groups=1 -> +0.0 | seen_runs=16 -> +12.0 | age_days=25 -> recency +5.0, stale 0.0 | safe_groups=0 -> 0.0"
655219535,26.0,OBSERVE,2026-08-25T20:48:08+00:00,2026-09-09T19:21:13+00:00,25,16,1,0,discovery,0.20,"max_source_weight=0.20 -> 9.0 | best_evidence=discovery -> +0.0 | independent_spam_groups=1 -> +0.0 | seen_runs=16 -> +12.0 | age_days=25 -> recency +5.0, stale 0.0 | safe_groups=0 -> 0.0"
655289447,26.0,OBSERVE,2026-08-29T00:37:48+00:00,2026-09-12T18:28:48+00:00,22,16,1,0,discovery,0.20,"max_source_weight=0.20 -> 9.0 | best_evidence=discovery -> +0.0 | independent_spam_groups=1 -> +0.0 | seen_runs=16 -> +12.0 | age_days=22 -> recency +5.0, stale 0.0 | safe_groups=0 -> 0.0"
655573191,26.0,OBSERVE,2026-08-25T20:48:08+00:00,2026-09-09T19:21:13+00:00,25,16,1,0,discovery,0.20,"max_source_weight=0.20 -> 9.0 | best_evidence=discovery -> +0.0 | independent_spam_groups=1 -> +0.0 | seen_runs=16 -> +12.0 | age_days=25 -> recency +5.0, stale 0.0 | safe_groups=0 -> 0.0"
655617280,26.0,OBSERVE,2026-08-25T20:48:08+00:00,2026-09-09T19:21:13+00:00,25,16,1,0,discovery,0.20,"max_source_weight=0.20 -> 9.0 | best_evidence=discovery -> +0.0 | independent_spam_groups=1 -> +0.0 | seen_runs=16 -> +12.0 | age_days=25 -> recency +5.0, stale 0.0 | safe_groups=0 -> 0.0"
656449971,26.0,OBSERVE,2026-08-25T20:48:08+00:00,2026-09-09T19:21:13+00:00,25,16,1,0,discovery,0.20,"max_source_weight=0.20 -> 9.0 | best_evidence=discovery -> +0.0 | independent_spam_groups=1 -> +0.0 | seen_runs=16 -> +12.0 | age_days=25 -> recency +5.0, stale 0.0 | safe_groups=0 -> 0.0"
657201800,26.0,OBSERVE,2026-09-01T19:28:04+00:00,2026-09-14T20:22:20+00:00,19,14,1,0,discovery,0.20,"max_source_weight=0.20 -> 9.0 | best_evidence=discovery -> +0.0 | independent_spam_groups=1 -> +0.0 | seen_runs=14 -> +12.0 | age_days=19 -> recency +5.0, stale 0.0 | safe_groups=0 -> 0.0"
657303126,26.0,OBSERVE,2026-08-25T20:48:08+00:00,2026-09-09T19:21:13+00:00,25,16,1,0,discovery,0.20,"max_source_weight=0.20 -> 9.0 | best_evidence=discovery -> +0.0 | independent_spam_groups=1 -> +0.0 | seen_runs=16 -> +12.0 | age_days=25 -> recency +5.0, stale 0.0 | safe_groups=0 -> 0.0"
657891020,26.0,OBSERVE,2026-08-25T20:48:08+00:00,2026-09-09T19:21:13+00:00,25,16,1,0,discovery,0.20,"max_source_weight=0.20 -> 9.0 | best_evidence=discovery -> +0.0 | independent_spam_groups=1 -> +0.0 | seen_runs=16 -> +12.0 | age_days=25 -> recency +5.0, stale 0.0 | safe_groups=0 -> 0.0"
659371602,26.0,OBSERVE,2026-09-10T19:11:24+00:00,2026-09-20T18:53:27+00:00,14,11,1,0,discovery,0.20,"max_source_weight=0.20 -> 9.0 | best_evidence=discovery -> +0.0 | independent_spam_groups=1 -> +0.0 | seen_runs=11 -> +12.0 | age_days=14 -> recency +5.0, stale 0.0 | safe_groups=0 -> 0.0"
659997997,26.0,OBSERVE,2026-09-04T19:03:03+00:00,2026-09-15T19:45:50+00:00,18,12,1,0,discovery,0.20,"max_source_weight=0.20 -> 9.0 | best_evidence=discovery -> +0.0 | independent_spam_groups=1 -> +0.0 | seen_runs=12 -> +12.0 | age_days=18 -> recency +5.0, stale 0.0 | safe_groups=0 -> 0.0"
660039508,26.0,OBSERVE,2026-09-10T19:11:24+00:00,2026-09-20T18:53:27+00:00,14,11,1,0,discovery,0.20,"max_source_weight=0.20 -> 9.0 | best_evidence=discovery -> +0.0 | independent_spam_groups=1 -> +0.0 | seen_runs=11 -> +12.0 | age_days=14 -> recency +5.0, stale 0.0 | safe_groups=0 -> 0.0"
660376541,26.0,OBSERVE,2026-08-25T20:48:08+00:00,2026-09-09T19:21:13+00:00,25,16,1,0,discovery,0.20,"max_source_weight=0.20 -> 9.0 | best_evidence=discovery -> +0.0 | independent_spam_groups=1 -> +0.0 | seen_runs=16 -> +12.0 | age_days=25 -> recency +5.0, stale 0.0 | safe_groups=0 -> 0.0"
660575177,26.0,OBSERVE,2026-09-10T19:11:24+00:00,2026-09-24T20:03:41+00:00,9,15,1,0,discovery,0.20,"max_source_weight=0.20 -> 9.0 | best_evidence=discovery -> +0.0 | independent_spam_groups=1 -> +0.0 | seen_runs=15 -> +12.0 | age_days=9 -> recency +5.0, stale 0.0 | safe_groups=0 -> 0.0"
660827790,26.0,OBSERVE,2026-09-10T19:11:24+00:00,2026-09-21T20:29:27+00:00,12,12,1,0,discovery,0.20,"max_source_weight=0.20 -> 9.0 | best_evidence=discovery -> +0.0 | independent_spam_groups=1 -> +0.0 | seen_runs=12 -> +12.0 | age_days=12 -> recency +5.0, stale 0.0 | safe_groups=0 -> 0.0"
661644021,26.0,OBSERVE,2026-08-25T20:48:08+00:00,2026-09-09T19:21:13+00:00,25,16,1,0,discovery,0.20,"max_source_weight=0.20 -> 9.0 | best_evidence=discovery -> +0.0 | independent_spam_groups=1 -> +0.0 | seen_runs=16 -> +12.0 | age_days=25 -> recency +5.0, stale 0.0 | safe_groups=0 -> 0.0"
665752071,26.0,OBSERVE,2026-08-26T17:34:45+00:00,2026-09-11T19:13:24+00:00,23,17,1,0,discovery,0.20,"max_source_weight=0.20 -> 9.0 | best_evidence=discovery -> +0.0 | independent_spam_groups=1 -> +0.0 | seen_runs=17 -> +12.0 | age_days=23 -> recency +5.0, stale 0.0 | safe_groups=0 -> 0.0"
667629001,26.0,OBSERVE,2026-08-25T20:48:08+00:00,2026-09-09T19:21:13+00:00,25,16,1,0,discovery,0.20,"max_source_weight=0.20 -> 9.0 | best_evidence=discovery -> +0.0 | independent_spam_groups=1 -> +0.0 | seen_runs=16 -> +12.0 | age_days=25 -> recency +5.0, stale 0.0 | safe_groups=0 -> 0.0"
669342886,26.0,OBSERVE,2026-09-10T19:11:24+00:00,2026-09-20T18:53:27+00:00,14,11,1,0,discovery,0.20,"max_source_weight=0.20 -> 9.0 | best_evidence=discovery -> +0.0 | independent_spam_groups=1 -> +0.0 | seen_runs=11 -> +12.0 | age_days=14 -> recency +5.0, stale 0.0 | safe_groups=0 -> 0.0"
669665168,26.0,OBSERVE,2026-09-10T19:11:24+00:00,2026-09-20T18:53:27+00:00,14,11,1,0,discovery,0.20,"max_source_weight=0.20 -> 9.0 | best_evidence=discovery -> +0.0 | independent_spam_groups=1 -> +0.0 | seen_runs=11 -> +12.0 | age_days=14 -> recency +5.0, stale 0.0 | safe_groups=0 -> 0.0"
672233188,26.0,OBSERVE,2026-08-28T01:00:53+00:00,2026-09-11T19:13:24+00:00,23,16,1,0,discovery,0.20,"max_source_weight=0.20 -> 9.0 | best_evidence=discovery -> +0.0 | independent_spam_groups=1 -> +0.0 | seen_runs=16 -> +12.0 | age_days=23 -> recency +5.0, stale 0.0 | safe_groups=0 -> 0.0"
673030265,26.0,OBSERVE,2026-08-25T20:48:08+00:00,2026-09-09T19:21:13+00:00,25,16,1,0,discovery,0.20,"max_source_weight=0.20 -> 9.0 | best_evidence=discovery -> +0.0 | independent_spam_groups=1 -> +0.0 | seen_runs=16 -> +12.0 | age_days=25 -> recency +5.0, stale 0.0 | safe_groups=0 -> 0.0"
673502727,26.0,OBSERVE,2026-08-25T20:48:08+00:00,2026-09-09T19:21:13+00:00,25,16,1,0,discovery,0.20,"max_source_weight=0.20 -> 9.0 | best_evidence=discovery -> +0.0 | independent_spam_groups=1 -> +0.0 | seen_runs=16 -> +12.0 | age_days=25 -> recency +5.0, stale 0.0 | safe_groups=0 -> 0.0"
673860883,26.0,OBSERVE,2026-08-25T20:48:08+00:00,2026-09-10T19:11:24+00:00,24,17,1,0,discovery,0.20,"max_source_weight=0.20 -> 9.0 | best_evidence=discovery -> +0.0 | independent_spam_groups=1 -> +0.0 | seen_runs=17 -> +12.0 | age_days=24 -> recency +5.0, stale 0.0 | safe_groups=0 -> 0.0"
675107466,26.0,OBSERVE,2026-08-25T20:48:08+00:00,2026-09-09T19:21:13+00:00,25,16,1,0,discovery,0.20,"max_source_weight=0.20 -> 9.0 | best_evidence=discovery -> +0.0 | independent_spam_groups=1 -> +0.0 | seen_runs=16 -> +12.0 | age_days=25 -> recency +5.0, stale 0.0 | safe_groups=0 -> 0.0"
675410717,26.0,OBSERVE,2026-08-25T20:48:08+00:00,2026-09-09T19:21:13+00:00,25,16,1,0,discovery,0.20,"max_source_weight=0.20 -> 9.0 | best_evidence=discovery -> +0.0 | independent_spam_groups=1 -> +0.0 | seen_runs=16 -> +12.0 | age_days=25 -> recency +5.0, stale 0.0 | safe_groups=0 -> 0.0"
676189110,26.0,OBSERVE,2026-09-10T19:11:24+00:00,2026-09-23T19:44:46+00:00,10,14,1,0,discovery,0.20,"max_source_weight=0.20 -> 9.0 | best_evidence=discovery -> +0.0 | independent_spam_groups=1 -> +0.0 | seen_runs=14 -> +12.0 | age_days=10 -> recency +5.0, stale 0.0 | safe_groups=0 -> 0.0"
678275199,26.0,OBSERVE,2026-08-25T20:48:08+00:00,2026-09-09T19:21:13+00:00,25,16,1,0,discovery,0.20,"max_source_weight=0.20 -> 9.0 | best_evidence=discovery -> +0.0 | independent_spam_groups=1 -> +0.0 | seen_runs=16 -> +12.0 | age_days=25 -> recency +5.0, stale 0.0 | safe_groups=0 -> 0.0"
679146021,26.0,OBSERVE,2026-08-25T20:48:08+00:00,2026-09-09T19:21:13+00:00,25,16,1,0,discovery,0.20,"max_source_weight=0.20 -> 9.0 | best_evidence=discovery -> +0.0 | independent_spam_groups=1 -> +0.0 | seen_runs=16 -> +12.0 | age_days=25 -> recency +5.0, stale 0.0 | safe_groups=0 -> 0.0"
679627116,26.0,OBSERVE,2026-09-10T19:11:24+00:00,2026-09-21T20:29:27+00:00,12,12,1,0,discovery,0.20,"max_source_weight=0.20 -> 9.0 | best_evidence=discovery -> +0.0 | independent_spam_groups=1 -> +0.0 | seen_runs=12 -> +12.0 | age_days=12 -> recency +5.0, stale 0.0 | safe_groups=0 -> 0.0"
679776377,26.0,OBSERVE,2026-09-10T19:11:24+00:00,2026-09-24T20:03:41+00:00,9,15,1,0,discovery,0.20,"max_source_weight=0.20 -> 9.0 | best_evidence=discovery -> +0.0 | independent_spam_groups=1 -> +0.0 | seen_runs=15 -> +12.0 | age_days=9 -> recency +5.0, stale 0.0 | safe_groups=0 -> 0.0"
680233989,26.0,OBSERVE,2026-08-25T20:48:08+00:00,2026-09-06T18:22:35+00:00,28,13,1,0,discovery,0.20,"max_source_weight=0.20 -> 9.0 | best_evidence=discovery -> +0.0 | independent_spam_groups=1 -> +0.0 | seen_runs=13 -> +12.0 | age_days=28 -> recency +5.0, stale 0.0 | safe_groups=0 -> 0.0"
680299868,26.0,OBSERVE,2026-09-10T19:11:24+00:00,2026-09-22T19:49:00+00:00,11,13,1,0,discovery,0.20,"max_source_weight=0.20 -> 9.0 | best_evidence=discovery -> +0.0 | independent_spam_groups=1 -> +0.0 | seen_runs=13 -> +12.0 | age_days=11 -> recency +5.0, stale 0.0 | safe_groups=0 -> 0.0"
680480031,26.0,OBSERVE,2026-09-03T19:21:36+00:00,2026-09-15T19:45:50+00:00,18,13,1,0,discovery,0.20,"max_source_weight=0.20 -> 9.0 | best_evidence=discovery -> +0.0 | independent_spam_groups=1 -> +0.0 | seen_runs=13 -> +12.0 | age_days=18 -> recency +5.0, stale 0.0 | safe_groups=0 -> 0.0"
680797347,26.0,OBSERVE,2026-09-10T19:11:24+00:00,2026-09-23T19:44:46+00:00,10,14,1,0,discovery,0.20,"max_source_weight=0.20 -> 9.0 | best_evidence=discovery -> +0.0 | independent_spam_groups=1 -> +0.0 | seen_runs=14 -> +12.0 | age_days=10 -> recency +5.0, stale 0.0 | safe_groups=0 -> 0.0"
681153425,26.0,OBSERVE,2026-09-10T19:11:24+00:00,2026-09-22T19:49:00+00:00,11,13,1,0,discovery,0.20,"max_source_weight=0.20 -> 9.0 | best_evidence=discovery -> +0.0 | independent_spam_groups=1 -> +0.0 | seen_runs=13 -> +12.0 | age_days=11 -> recency +5.0, stale 0.0 | safe_groups=0 -> 0.0"
681330570,26.0,OBSERVE,2026-08-25T20:48:08+00:00,2026-09-07T20:02:18+00:00,26,14,1,0,discovery,0.20,"max_source_weight=0.20 -> 9.0 | best_evidence=discovery -> +0.0 | independent_spam_groups=1 -> +0.0 | seen_runs=14 -> +12.0 | age_days=26 -> recency +5.0, stale 0.0 | safe_groups=0 -> 0.0"
682241409,26.0,OBSERVE,2026-08-25T20:48:08+00:00,2026-09-04T19:03:03+00:00,30,11,1,0,discovery,0.20,"max_source_weight=0.20 -> 9.0 | best_evidence=discovery -> +0.0 | independent_spam_groups=1 -> +0.0 | seen_runs=11 -> +12.0 | age_days=30 -> recency +5.0, stale 0.0 | safe_groups=0 -> 0.0"
682624041,26.0,OBSERVE,2026-08-25T20:48:08+00:00,2026-09-08T19:29:58+00:00,26,15,1,0,discovery,0.20,"max_source_weight=0.20 -> 9.0 | best_evidence=discovery -> +0.0 | independent_spam_groups=1 -> +0.0 | seen_runs=15 -> +12.0 | age_days=26 -> recency +5.0, stale 0.0 | safe_groups=0 -> 0.0"
683501698,26.0,OBSERVE,2026-08-25T20:48:08+00:00,2026-09-09T19:21:13+00:00,25,16,1,0,discovery,0.20,"max_source_weight=0.20 -> 9.0 | best_evidence=discovery -> +0.0 | independent_spam_groups=1 -> +0.0 | seen_runs=16 -> +12.0 | age_days=25 -> recency +5.0, stale 0.0 | safe_groups=0 -> 0.0"
684065807,26.0,OBSERVE,2026-08-25T20:48:08+00:00,2026-09-09T19:21:13+00:00,25,16,1,0,discovery,0.20,"max_source_weight=0.20 -> 9.0 | best_evidence=discovery -> +0.0 | independent_spam_groups=1 -> +0.0 | seen_runs=16 -> +12.0 | age_days=25 -> recency +5.0, stale 0.0 | safe_groups=0 -> 0.0"
685157256,26.0,OBSERVE,2026-08-25T20:48:08+00:00,2026-09-09T19:21:13+00:00,25,16,1,0,discovery,0.20,"max_source_weight=0.20 -> 9.0 | best_evidence=discovery -> +0.0 | independent_spam_groups=1 -> +0.0 | seen_runs=16 -> +12.0 | age_days=25 -> recency +5.0, stale 0.0 | safe_groups=0 -> 0.0"
685278404,26.0,OBSERVE,2026-08-25T20:48:08+00:00,2026-09-09T19:21:13+00:00,25,16,1,0,discovery,0.20,"max_source_weight=0.20 -> 9.0 | best_evidence=discovery -> +0.0 | independent_spam_groups=1 -> +0.0 | seen_runs=16 -> +12.0 | age_days=25 -> recency +5.0, stale 0.0 | safe_groups=0 -> 0.0"
685451154,26.0,OBSERVE,2026-08-25T20:48:08+00:00,2026-09-09T19:21:13+00:00,25,16,1,0,discovery,0.20,"max_source_weight=0.20 -> 9.0 | best_evidence=discovery -> +0.0 | independent_spam_groups=1 -> +0.0 | seen_runs=16 -> +12.0 | age_days=25 -> recency +5.0, stale 0.0 | safe_groups=0 -> 0.0"
685989378,26.0,OBSERVE,2026-08-25T20:48:08+00:00,2026-09-09T19:21:13+00:00,25,16,1,0,discovery,0.20,"max_source_weight=0.20 -> 9.0 | best_evidence=discovery -> +0.0 | independent_spam_groups=1 -> +0.0 | seen_runs=16 -> +12.0 | age_days=25 -> recency +5.0, stale 0.0 | safe_groups=0 -> 0.0"
687052321,26.0,OBSERVE,2026-08-25T20:48:08+00:00,2026-09-09T19:21:13+00:00,25,16,1,0,discovery,0.20,"max_source_weight=0.20 -> 9.0 | best_evidence=discovery -> +0.0 | independent_spam_groups=1 -> +0.0 | seen_runs=16 -> +12.0 | age_days=25 -> recency +5.0, stale 0.0 | safe_groups=0 -> 0.0"
688825084,26.0,OBSERVE,2026-08-25T20:48:08+00:00,2026-09-09T19:21:13+00:00,25,16,1,0,discovery,0.20,"max_source_weight=0.20 -> 9.0 | best_evidence=discovery -> +0.0 | independent_spam_groups=1 -> +0.0 | seen_runs=16 -> +12.0 | age_days=25 -> recency +5.0, stale 0.0 | safe_groups=0 -> 0.0"
689322945,26.0,OBSERVE,2026-09-10T19:11:24+00:00,2026-09-21T20:29:27+00:00,12,12,1,0,discovery,0.20,"max_source_weight=0.20 -> 9.0 | best_evidence=discovery -> +0.0 | independent_spam_groups=1 -> +0.0 | seen_runs=12 -> +12.0 | age_days=12 -> recency +5.0, stale 0.0 | safe_groups=0 -> 0.0"
689415569,26.0,OBSERVE,2026-08-25T20:48:08+00:00,2026-09-06T18:22:35+00:00,28,13,1,0,discovery,0.20,"max_source_weight=0.20 -> 9.0 | best_evidence=discovery -> +0.0 | independent_spam_groups=1 -> +0.0 | seen_runs=13 -> +12.0 | age_days=28 -> recency +5.0, stale 0.0 | safe_groups=0 -> 0.0"
689840062,26.0,OBSERVE,2026-08-25T20:48:08+00:00,2026-09-09T19:21:13+00:00,25,16,1,0,discovery,0.20,"max_source_weight=0.20 -> 9.0 | best_evidence=discovery -> +0.0 | independent_spam_groups=1 -> +0.0 | seen_runs=16 -> +12.0 | age_days=25 -> recency +5.0, stale 0.0 | safe_groups=0 -> 0.0"
690804170,26.0,OBSERVE,2026-09-10T19:11:24+00:00,2026-09-25T20:05:11+00:00,8,16,1,0,discovery,0.20,"max_source_weight=0.20 -> 9.0 | best_evidence=discovery -> +0.0 | independent_spam_groups=1 -> +0.0 | seen_runs=16 -> +12.0 | age_days=8 -> recency +5.0, stale 0.0 | safe_groups=0 -> 0.0"
691073144,26.0,OBSERVE,2026-08-25T20:48:08+00:00,2026-09-09T19:21:13+00:00,25,16,1,0,discovery,0.20,"max_source_weight=0.20 -> 9.0 | best_evidence=discovery -> +0.0 | independent_spam_groups=1 -> +0.0 | seen_runs=16 -> +12.0 | age_days=25 -> recency +5.0, stale 0.0 | safe_groups=0 -> 0.0"
691943494,26.0,OBSERVE,2026-08-25T20:48:08+00:00,2026-09-09T19:21:13+00:00,25,16,1,0,discovery,0.20,"max_source_weight=0.20 -> 9.0 | best_evidence=discovery -> +0.0 | independent_spam_groups=1 -> +0.0 | seen_runs=16 -> +12.0 | age_days=25 -> recency +5.0, stale 0.0 | safe_groups=0 -> 0.0"
695235316,26.0,OBSERVE,2026-09-04T19:03:03+00:00,2026-09-17T19:47:48+00:00,16,14,1,0,discovery,0.20,"max_source_weight=0.20 -> 9.0 | best_evidence=discovery -> +0.0 | independent_spam_groups=1 -> +0.0 | seen_runs=14 -> +12.0 | age_days=16 -> recency +5.0, stale 0.0 | safe_groups=0 -> 0.0"
695805036,26.0,OBSERVE,2026-08-25T20:48:08+00:00,2026-09-09T19:21:13+00:00,25,16,1,0,discovery,0.20,"max_source_weight=0.20 -> 9.0 | best_evidence=discovery -> +0.0 | independent_spam_groups=1 -> +0.0 | seen_runs=16 -> +12.0 | age_days=25 -> recency +5.0, stale 0.0 | safe_groups=0 -> 0.0"
696348962,26.0,OBSERVE,2026-09-10T19:11:24+00:00,2026-09-20T18:53:27+00:00,14,11,1,0,discovery,0.20,"max_source_weight=0.20 -> 9.0 | best_evidence=discovery -> +0.0 | independent_spam_groups=1 -> +0.0 | seen_runs=11 -> +12.0 | age_days=14 -> recency +5.0, stale 0.0 | safe_groups=0 -> 0.0"
696653964,26.0,OBSERVE,2026-08-25T20:48:08+00:00,2026-09-09T19:21:13+00:00,25,16,1,0,discovery,0.20,"max_source_weight=0.20 -> 9.0 | best_evidence=discovery -> +0.0 | independent_spam_groups=1 -> +0.0 | seen_runs=16 -> +12.0 | age_days=25 -> recency +5.0, stale 0.0 | safe_groups=0 -> 0.0"
698688973,26.0,OBSERVE,2026-09-01T19:28:04+00:00,2026-09-14T20:22:20+00:00,19,14,1,0,discovery,0.20,"max_source_weight=0.20 -> 9.0 | best_evidence=discovery -> +0.0 | independent_spam_groups=1 -> +0.0 | seen_runs=14 -> +12.0 | age_days=19 -> recency +5.0, stale 0.0 | safe_groups=0 -> 0.0"
699934742,26.0,OBSERVE,2026-09-10T19:11:24+00:00,2026-09-22T19:49:00+00:00,11,13,1,0,discovery,0.20,"max_source_weight=0.20 -> 9.0 | best_evidence=discovery -> +0.0 | independent_spam_groups=1 -> +0.0 | seen_runs=13 -> +12.0 | age_days=11 -> recency +5.0, stale 0.0 | safe_groups=0 -> 0.0"
720258226,26.0,OBSERVE,2026-09-04T19:03:03+00:00,2026-09-17T19:47:48+00:00,16,14,1,0,discovery,0.20,"max_source_weight=0.20 -> 9.0 | best_evidence=discovery -> +0.0 | independent_spam_groups=1 -> +0.0 | seen_runs=14 -> +12.0 | age_days=16 -> recency +5.0, stale 0.0 | safe_groups=0 -> 0.0"
745022275,26.0,OBSERVE,2026-08-25T20:48:08+00:00,2026-09-09T19:21:13+00:00,25,16,1,0,discovery,0.20,"max_source_weight=0.20 -> 9.0 | best_evidence=discovery -> +0.0 | independent_spam_groups=1 -> +0.0 | seen_runs=16 -> +12.0 | age_days=25 -> recency +5.0, stale 0.0 | safe_groups=0 -> 0.0"
800404047,26.0,OBSERVE,2026-08-25T20:48:08+00:00,2026-09-09T19:21:13+00:00,25,16,1,0,discovery,0.20,"max_source_weight=0.20 -> 9.0 | best_evidence=discovery -> +0.0 | independent_spam_groups=1 -> +0.0 | seen_runs=16 -> +12.0 | age_days=25 -> recency +5.0, stale 0.0 | safe_groups=0 -> 0.0"
810101448,26.0,OBSERVE,2026-08-25T20:48:08+00:00,2026-09-09T19:21:13+00:00,25,16,1,0,discovery,0.20,"max_source_weight=0.20 -> 9.0 | best_evidence=discovery -> +0.0 | independent_spam_groups=1 -> +0.0 | seen_runs=16 -> +12.0 | age_days=25 -> recency +5.0, stale 0.0 | safe_groups=0 -> 0.0"
824810131,26.0,OBSERVE,2026-09-02T19:27:12+00:00,2026-09-15T19:45:50+00:00,18,14,1,0,discovery,0.20,"max_source_weight=0.20 -> 9.0 | best_evidence=discovery -> +0.0 | independent_spam_groups=1 -> +0.0 | seen_runs=14 -> +12.0 | age_days=18 -> recency +5.0, stale 0.0 | safe_groups=0 -> 0.0"
843687005,26.0,OBSERVE,2026-09-08T19:29:58+00:00,2026-09-18T19:06:05+00:00,16,11,1,0,discovery,0.20,"max_source_weight=0.20 -> 9.0 | best_evidence=discovery -> +0.0 | independent_spam_groups=1 -> +0.0 | seen_runs=11 -> +12.0 | age_days=16 -> recency +5.0, stale 0.0 | safe_groups=0 -> 0.0"
854459039,26.0,OBSERVE,2026-08-25T20:48:08+00:00,2026-09-09T19:21:13+00:00,25,16,1,0,discovery,0.20,"max_source_weight=0.20 -> 9.0 | best_evidence=discovery -> +0.0 | independent_spam_groups=1 -> +0.0 | seen_runs=16 -> +12.0 | age_days=25 -> recency +5.0, stale 0.0 | safe_groups=0 -> 0.0"
854794388,26.0,OBSERVE,2026-08-25T20:48:08+00:00,2026-09-09T19:21:13+00:00,25,16,1,0,discovery,0.20,"max_source_weight=0.20 -> 9.0 | best_evidence=discovery -> +0.0 | independent_spam_groups=1 -> +0.0 | seen_runs=16 -> +12.0 | age_days=25 -> recency +5.0, stale 0.0 | safe_groups=0 -> 0.0"
856626412,26.0,OBSERVE,2026-08-25T20:48:08+00:00,2026-09-09T19:21:13+00:00,25,16,1,0,discovery,0.20,"max_source_weight=0.20 -> 9.0 | best_evidence=discovery -> +0.0 | independent_spam_groups=1 -> +0.0 | seen_runs=16 -> +12.0 | age_days=25 -> recency +5.0, stale 0.0 | safe_groups=0 -> 0.0"
865449575,26.0,OBSERVE,2026-08-25T20:48:08+00:00,2026-09-09T19:21:13+00:00,25,16,1,0,discovery,0.20,"max_source_weight=0.20 -> 9.0 | best_evidence=discovery -> +0.0 | independent_spam_groups=1 -> +0.0 | seen_runs=16 -> +12.0 | age_days=25 -> recency +5.0, stale 0.0 | safe_groups=0 -> 0.0"
868687390,26.0,OBSERVE,2026-08-25T20:48:08+00:00,2026-09-09T19:21:13+00:00,25,16,1,0,discovery,0.20,"max_source_weight=0.20 -> 9.0 | best_evidence=discovery -> +0.0 | independent_spam_groups=1 -> +0.0 | seen_runs=16 -> +12.0 | age_days=25 -> recency +5.0, stale 0.0 | safe_groups=0 -> 0.0"
872296061,26.0,OBSERVE,2026-08-25T20:48:08+00:00,2026-09-10T19:11:24+00:00,24,17,1,0,discovery,0.20,"max_source_weight=0.20 -> 9.0 | best_evidence=discovery -> +0.0 | independent_spam_groups=1 -> +0.0 | seen_runs=17 -> +12.0 | age_days=24 -> recency +5.0, stale 0.0 | safe_groups=0 -> 0.0"
881100230,26.0,OBSERVE,2026-08-25T20:48:08+00:00,2026-09-09T19:21:13+00:00,25,16,1,0,discovery,0.20,"max_source_weight=0.20 -> 9.0 | best_evidence=discovery -> +0.0 | independent_spam_groups=1 -> +0.0 | seen_runs=16 -> +12.0 | age_days=25 -> recency +5.0, stale 0.0 | safe_groups=0 -> 0.0"
900056965,26.0,OBSERVE,2026-08-25T20:48:08+00:00,2026-09-09T19:21:13+00:00,25,16,1,0,discovery,0.20,"max_source_weight=0.20 -> 9.0 | best_evidence=discovery -> +0.0 | independent_spam_groups=1 -> +0.0 | seen_runs=16 -> +12.0 | age_days=25 -> recency +5.0, stale 0.0 | safe_groups=0 -> 0.0"
900535661,26.0,OBSERVE,2026-08-25T20:48:08+00:00,2026-09-09T19:21:13+00:00,25,16,1,0,discovery,0.20,"max_source_weight=0.20 -> 9.0 | best_evidence=discovery -> +0.0 | independent_spam_groups=1 -> +0.0 | seen_runs=16 -> +12.0 | age_days=25 -> recency +5.0, stale 0.0 | safe_groups=0 -> 0.0"
900696853,26.0,OBSERVE,2026-09-02T19:27:12+00:00,2026-09-15T19:45:50+00:00,18,14,1,0,discovery,0.20,"max_source_weight=0.20 -> 9.0 | best_evidence=discovery -> +0.0 | independent_spam_groups=1 -> +0.0 | seen_runs=14 -> +12.0 | age_days=18 -> recency +5.0, stale 0.0 | safe_groups=0 -> 0.0"
900828787,26.0,OBSERVE,2026-09-10T19:11:24+00:00,2026-09-19T18:40:35+00:00,15,10,1,0,discovery,0.20,"max_source_weight=0.20 -> 9.0 | best_evidence=discovery -> +0.0 | independent_spam_groups=1 -> +0.0 | seen_runs=10 -> +12.0 | age_days=15 -> recency +5.0, stale 0.0 | safe_groups=0 -> 0.0"
901001814,26.0,OBSERVE,2026-08-25T20:48:08+00:00,2026-09-09T19:21:13+00:00,25,16,1,0,discovery,0.20,"max_source_weight=0.20 -> 9.0 | best_evidence=discovery -> +0.0 | independent_spam_groups=1 -> +0.0 | seen_runs=16 -> +12.0 | age_days=25 -> recency +5.0, stale 0.0 | safe_groups=0 -> 0.0"
910001665,26.0,OBSERVE,2026-08-25T20:48:08+00:00,2026-09-10T19:11:24+00:00,24,17,1,0,discovery,0.20,"max_source_weight=0.20 -> 9.0 | best_evidence=discovery -> +0.0 | independent_spam_groups=1 -> +0.0 | seen_runs=17 -> +12.0 | age_days=24 -> recency +5.0, stale 0.0 | safe_groups=0 -> 0.0"
910008055,26.0,OBSERVE,2026-09-09T19:21:13+00:00,2026-09-18T19:06:05+00:00,16,10,1,0,discovery,0.20,"max_source_weight=0.20 -> 9.0 | best_evidence=discovery -> +0.0 | independent_spam_groups=1 -> +0.0 | seen_runs=10 -> +12.0 | age_days=16 -> recency +5.0, stale 0.0 | safe_groups=0 -> 0.0"
910684105,26.0,OBSERVE,2026-09-03T19:21:36+00:00,2026-09-15T19:45:50+00:00,18,13,1,0,discovery,0.20,"max_source_weight=0.20 -> 9.0 | best_evidence=discovery -> +0.0 | independent_spam_groups=1 -> +0.0 | seen_runs=13 -> +12.0 | age_days=18 -> recency +5.0, stale 0.0 | safe_groups=0 -> 0.0"
910773588,26.0,OBSERVE,2026-08-25T20:48:08+00:00,2026-09-09T19:21:13+00:00,25,16,1,0,discovery,0.20,"max_source_weight=0.20 -> 9.0 | best_evidence=discovery -> +0.0 | independent_spam_groups=1 -> +0.0 | seen_runs=16 -> +12.0 | age_days=25 -> recency +5.0, stale 0.0 | safe_groups=0 -> 0.0"
911562205,26.0,OBSERVE,2026-08-25T20:48:08+00:00,2026-09-09T19:21:13+00:00,25,16,1,0,discovery,0.20,"max_source_weight=0.20 -> 9.0 | best_evidence=discovery -> +0.0 | independent_spam_groups=1 -> +0.0 | seen_runs=16 -> +12.0 | age_days=25 -> recency +5.0, stale 0.0 | safe_groups=0 -> 0.0"
911946084,26.0,OBSERVE,2026-08-25T20:48:08+00:00,2026-09-09T19:21:13+00:00,25,16,1,0,discovery,0.20,"max_source_weight=0.20 -> 9.0 | best_evidence=discovery -> +0.0 | independent_spam_groups=1 -> +0.0 | seen_runs=16 -> +12.0 | age_days=25 -> recency +5.0, stale 0.0 | safe_groups=0 -> 0.0"
911980785,26.0,OBSERVE,2026-09-05T18:23:44+00:00,2026-09-17T19:47:48+00:00,16,13,1,0,discovery,0.20,"max_source_weight=0.20 -> 9.0 | best_evidence=discovery -> +0.0 | independent_spam_groups=1 -> +0.0 | seen_runs=13 -> +12.0 | age_days=16 -> recency +5.0, stale 0.0 | safe_groups=0 -> 0.0"
912151924,26.0,OBSERVE,2026-09-02T19:27:12+00:00,2026-09-15T19:45:50+00:00,18,14,1,0,discovery,0.20,"max_source_weight=0.20 -> 9.0 | best_evidence=discovery -> +0.0 | independent_spam_groups=1 -> +0.0 | seen_runs=14 -> +12.0 | age_days=18 -> recency +5.0, stale 0.0 | safe_groups=0 -> 0.0"
912307865,26.0,OBSERVE,2026-08-25T20:48:08+00:00,2026-09-09T19:21:13+00:00,25,16,1,0,discovery,0.20,"max_source_weight=0.20 -> 9.0 | best_evidence=discovery -> +0.0 | independent_spam_groups=1 -> +0.0 | seen_runs=16 -> +12.0 | age_days=25 -> recency +5.0, stale 0.0 | safe_groups=0 -> 0.0"
913404785,26.0,OBSERVE,2026-08-25T20:48:08+00:00,2026-09-09T19:21:13+00:00,25,16,1,0,discovery,0.20,"max_source_weight=0.20 -> 9.0 | best_evidence=discovery -> +0.0 | independent_spam_groups=1 -> +0.0 | seen_runs=16 -> +12.0 | age_days=25 -> recency +5.0, stale 0.0 | safe_groups=0 -> 0.0"
913431960,26.0,OBSERVE,2026-09-07T20:02:18+00:00,2026-09-18T19:06:05+00:00,16,12,1,0,discovery,0.20,"max_source_weight=0.20 -> 9.0 | best_evidence=discovery -> +0.0 | independent_spam_groups=1 -> +0.0 | seen_runs=12 -> +12.0 | age_days=16 -> recency +5.0, stale 0.0 | safe_groups=0 -> 0.0"
914102820,26.0,OBSERVE,2026-08-25T20:48:08+00:00,2026-09-09T19:21:13+00:00,25,16,1,0,discovery,0.20,"max_source_weight=0.20 -> 9.0 | best_evidence=discovery -> +0.0 | independent_spam_groups=1 -> +0.0 | seen_runs=16 -> +12.0 | age_days=25 -> recency +5.0, stale 0.0 | safe_groups=0 -> 0.0"
916710389,26.0,OBSERVE,2026-08-25T20:48:08+00:00,2026-09-09T19:21:13+00:00,25,16,1,0,discovery,0.20,"max_source_weight=0.20 -> 9.0 | best_evidence=discovery -> +0.0 | independent_spam_groups=1 -> +0.0 | seen_runs=16 -> +12.0 | age_days=25 -> recency +5.0, stale 0.0 | safe_groups=0 -> 0.0"
919019963,26.0,OBSERVE,2026-08-25T20:48:08+00:00,2026-09-09T19:21:13+00:00,25,16,1,0,discovery,0.20,"max_source_weight=0.20 -> 9.0 | best_evidence=discovery -> +0.0 | independent_spam_groups=1 -> +0.0 | seen_runs=16 -> +12.0 | age_days=25 -> recency +5.0, stale 0.0 | safe_groups=0 -> 0.0"
919595505,26.0,OBSERVE,2026-09-03T19:21:36+00:00,2026-09-15T19:45:50+00:00,18,13,1,0,discovery,0.20,"max_source_weight=0.20 -> 9.0 | best_evidence=discovery -> +0.0 | independent_spam_groups=1 -> +0.0 | seen_runs=13 -> +12.0 | age_days=18 -> recency +5.0, stale 0.0 | safe_groups=0 -> 0.0"
919597681,26.0,OBSERVE,2026-08-25T20:48:08+00:00,2026-09-09T19:21:13+00:00,25,16,1,0,discovery,0.20,"max_source_weight=0.20 -> 9.0 | best_evidence=discovery -> +0.0 | independent_spam_groups=1 -> +0.0 | seen_runs=16 -> +12.0 | age_days=25 -> recency +5.0, stale 0.0 | safe_groups=0 -> 0.0"
919694653,26.0,OBSERVE,2026-08-25T20:48:08+00:00,2026-09-09T19:21:13+00:00,25,16,1,0,discovery,0.20,"max_source_weight=0.20 -> 9.0 | best_evidence=discovery -> +0.0 | independent_spam_groups=1 -> +0.0 | seen_runs=16 -> +12.0 | age_days=25 -> recency +5.0, stale 0.0 | safe_groups=0 -> 0.0"
919798568,26.0,OBSERVE,2026-08-25T20:48:08+00:00,2026-09-09T19:21:13+00:00,25,16,1,0,discovery,0.20,"max_source_weight=0.20 -> 9.0 | best_evidence=discovery -> +0.0 | independent_spam_groups=1 -> +0.0 | seen_runs=16 -> +12.0 | age_days=25 -> recency +5.0, stale 0.0 | safe_groups=0 -> 0.0"
919798878,26.0,OBSERVE,2026-08-25T20:48:08+00:00,2026-09-09T19:21:13+00:00,25,16,1,0,discovery,0.20,"max_source_weight=0.20 -> 9.0 | best_evidence=discovery -> +0.0 | independent_spam_groups=1 -> +0.0 | seen_runs=16 -> +12.0 | age_days=25 -> recency +5.0, stale 0.0 | safe_groups=0 -> 0.0"
919970983,26.0,OBSERVE,2026-08-25T20:48:08+00:00,2026-09-09T19:21:13+00:00,25,16,1,0,discovery,0.20,"max_source_weight=0.20 -> 9.0 | best_evidence=discovery -> +0.0 | independent_spam_groups=1 -> +0.0 | seen_runs=16 -> +12.0 | age_days=25 -> recency +5.0, stale 0.0 | safe_groups=0 -> 0.0"
919970985,26.0,OBSERVE,2026-08-25T20:48:08+00:00,2026-09-09T19:21:13+00:00,25,16,1,0,discovery,0.20,"max_source_weight=0.20 -> 9.0 | best_evidence=discovery -> +0.0 | independent_spam_groups=1 -> +0.0 | seen_runs=16 -> +12.0 | age_days=25 -> recency +5.0, stale 0.0 | safe_groups=0 -> 0.0"
919974993,26.0,OBSERVE,2026-08-25T20:48:08+00:00,2026-09-09T19:21:13+00:00,25,16,1,0,discovery,0.20,"max_source_weight=0.20 -> 9.0 | best_evidence=discovery -> +0.0 | independent_spam_groups=1 -> +0.0 | seen_runs=16 -> +12.0 | age_days=25 -> recency +5.0, stale 0.0 | safe_groups=0 -> 0.0"
922062199,26.0,OBSERVE,2026-08-25T20:48:08+00:00,2026-09-09T19:21:13+00:00,25,16,1,0,discovery,0.20,"max_source_weight=0.20 -> 9.0 | best_evidence=discovery -> +0.0 | independent_spam_groups=1 -> +0.0 | seen_runs=16 -> +12.0 | age_days=25 -> recency +5.0, stale 0.0 | safe_groups=0 -> 0.0"
923583276,26.0,OBSERVE,2026-08-25T20:48:08+00:00,2026-09-09T19:21:13+00:00,25,16,1,0,discovery,0.20,"max_source_weight=0.20 -> 9.0 | best_evidence=discovery -> +0.0 | independent_spam_groups=1 -> +0.0 | seen_runs=16 -> +12.0 | age_days=25 -> recency +5.0, stale 0.0 | safe_groups=0 -> 0.0"
924944721,26.0,OBSERVE,2026-09-03T19:21:36+00:00,2026-09-15T19:45:50+00:00,18,13,1,0,discovery,0.20,"max_source_weight=0.20 -> 9.0 | best_evidence=discovery -> +0.0 | independent_spam_groups=1 -> +0.0 | seen_runs=13 -> +12.0 | age_days=18 -> recency +5.0, stale 0.0 | safe_groups=0 -> 0.0"
925227650,26.0,OBSERVE,2026-08-25T20:48:08+00:00,2026-09-09T19:21:13+00:00,25,16,1,0,discovery,0.20,"max_source_weight=0.20 -> 9.0 | best_evidence=discovery -> +0.0 | independent_spam_groups=1 -> +0.0 | seen_runs=16 -> +12.0 | age_days=25 -> recency +5.0, stale 0.0 | safe_groups=0 -> 0.0"
927035681,26.0,OBSERVE,2026-08-25T20:48:08+00:00,2026-09-09T19:21:13+00:00,25,16,1,0,discovery,0.20,"max_source_weight=0.20 -> 9.0 | best_evidence=discovery -> +0.0 | independent_spam_groups=1 -> +0.0 | seen_runs=16 -> +12.0 | age_days=25 -> recency +5.0, stale 0.0 | safe_groups=0 -> 0.0"
927684585,26.0,OBSERVE,2026-08-25T20:48:08+00:00,2026-09-09T19:21:13+00:00,25,16,1,0,discovery,0.20,"max_source_weight=0.20 -> 9.0 | best_evidence=discovery -> +0.0 | independent_spam_groups=1 -> +0.0 | seen_runs=16 -> +12.0 | age_days=25 -> recency +5.0, stale 0.0 | safe_groups=0 -> 0.0"
928041304,26.0,OBSERVE,2026-09-01T19:28:04+00:00,2026-09-15T19:45:50+00:00,18,15,1,0,discovery,0.20,"max_source_weight=0.20 -> 9.0 | best_evidence=discovery -> +0.0 | independent_spam_groups=1 -> +0.0 | seen_runs=15 -> +12.0 | age_days=18 -> recency +5.0, stale 0.0 | safe_groups=0 -> 0.0"
930331757,26.0,OBSERVE,2026-08-25T20:48:08+00:00,2026-09-09T19:21:13+00:00,25,16,1,0,discovery,0.20,"max_source_weight=0.20 -> 9.0 | best_evidence=discovery -> +0.0 | independent_spam_groups=1 -> +0.0 | seen_runs=16 -> +12.0 | age_days=25 -> recency +5.0, stale 0.0 | safe_groups=0 -> 0.0"
930451929,26.0,OBSERVE,2026-08-25T20:48:08+00:00,2026-09-09T19:21:13+00:00,25,16,1,0,discovery,0.20,"max_source_weight=0.20 -> 9.0 | best_evidence=discovery -> +0.0 | independent_spam_groups=1 -> +0.0 | seen_runs=16 -> +12.0 | age_days=25 -> recency +5.0, stale 0.0 | safe_groups=0 -> 0.0"
930452078,26.0,OBSERVE,2026-08-25T20:48:08+00:00,2026-09-09T19:21:13+00:00,25,16,1,0,discovery,0.20,"max_source_weight=0.20 -> 9.0 | best_evidence=discovery -> +0.0 | independent_spam_groups=1 -> +0.0 | seen_runs=16 -> +12.0 | age_days=25 -> recency +5.0, stale 0.0 | safe_groups=0 -> 0.0"
930907391,26.0,OBSERVE,2026-08-25T20:48:08+00:00,2026-09-09T19:21:13+00:00,25,16,1,0,discovery,0.20,"max_source_weight=0.20 -> 9.0 | best_evidence=discovery -> +0.0 | independent_spam_groups=1 -> +0.0 | seen_runs=16 -> +12.0 | age_days=25 -> recency +5.0, stale 0.0 | safe_groups=0 -> 0.0"
931200169,26.0,OBSERVE,2026-08-31T21:32:23+00:00,2026-09-13T18:51:40+00:00,21,14,1,0,discovery,0.20,"max_source_weight=0.20 -> 9.0 | best_evidence=discovery -> +0.0 | independent_spam_groups=1 -> +0.0 | seen_runs=14 -> +12.0 | age_days=21 -> recency +5.0, stale 0.0 | safe_groups=0 -> 0.0"
931200568,26.0,OBSERVE,2026-09-03T19:21:36+00:00,2026-09-15T19:45:50+00:00,18,13,1,0,discovery,0.20,"max_source_weight=0.20 -> 9.0 | best_evidence=discovery -> +0.0 | independent_spam_groups=1 -> +0.0 | seen_runs=13 -> +12.0 | age_days=18 -> recency +5.0, stale 0.0 | safe_groups=0 -> 0.0"
931831033,26.0,OBSERVE,2026-09-03T19:21:36+00:00,2026-09-15T19:45:50+00:00,18,13,1,0,discovery,0.20,"max_source_weight=0.20 -> 9.0 | best_evidence=discovery -> +0.0 | independent_spam_groups=1 -> +0.0 | seen_runs=13 -> +12.0 | age_days=18 -> recency +5.0, stale 0.0 | safe_groups=0 -> 0.0"
932382355,26.0,OBSERVE,2026-08-25T20:48:08+00:00,2026-09-09T19:21:13+00:00,25,16,1,0,discovery,0.20,"max_source_weight=0.20 -> 9.0 | best_evidence=discovery -> +0.0 | independent_spam_groups=1 -> +0.0 | seen_runs=16 -> +12.0 | age_days=25 -> recency +5.0, stale 0.0 | safe_groups=0 -> 0.0"
935070764,26.0,OBSERVE,2026-08-25T20:48:08+00:00,2026-09-10T19:11:24+00:00,24,17,1,0,discovery,0.20,"max_source_weight=0.20 -> 9.0 | best_evidence=discovery -> +0.0 | independent_spam_groups=1 -> +0.0 | seen_runs=17 -> +12.0 | age_days=24 -> recency +5.0, stale 0.0 | safe_groups=0 -> 0.0"
939510640,26.0,OBSERVE,2026-08-25T20:48:08+00:00,2026-09-09T19:21:13+00:00,25,16,1,0,discovery,0.20,"max_source_weight=0.20 -> 9.0 | best_evidence=discovery -> +0.0 | independent_spam_groups=1 -> +0.0 | seen_runs=16 -> +12.0 | age_days=25 -> recency +5.0, stale 0.0 | safe_groups=0 -> 0.0"
941728168,26.0,OBSERVE,2026-09-02T19:27:12+00:00,2026-09-15T19:45:50+00:00,18,14,1,0,discovery,0.20,"max_source_weight=0.20 -> 9.0 | best_evidence=discovery -> +0.0 | independent_spam_groups=1 -> +0.0 | seen_runs=14 -> +12.0 | age_days=18 -> recency +5.0, stale 0.0 | safe_groups=0 -> 0.0"
942622205,26.0,OBSERVE,2026-08-25T20:48:08+00:00,2026-09-09T19:21:13+00:00,25,16,1,0,discovery,0.20,"max_source_weight=0.20 -> 9.0 | best_evidence=discovery -> +0.0 | independent_spam_groups=1 -> +0.0 | seen_runs=16 -> +12.0 | age_days=25 -> recency +5.0, stale 0.0 | safe_groups=0 -> 0.0"
944416445,26.0,OBSERVE,2026-08-25T20:48:08+00:00,2026-09-09T19:21:13+00:00,25,16,1,0,discovery,0.20,"max_source_weight=0.20 -> 9.0 | best_evidence=discovery -> +0.0 | independent_spam_groups=1 -> +0.0 | seen_runs=16 -> +12.0 | age_days=25 -> recency +5.0, stale 0.0 | safe_groups=0 -> 0.0"
944778019,26.0,OBSERVE,2026-09-07T20:02:18+00:00,2026-09-17T19:47:48+00:00,16,11,1,0,discovery,0.20,"max_source_weight=0.20 -> 9.0 | best_evidence=discovery -> +0.0 | independent_spam_groups=1 -> +0.0 | seen_runs=11 -> +12.0 | age_days=16 -> recency +5.0, stale 0.0 | safe_groups=0 -> 0.0"
946664274,26.0,OBSERVE,2026-08-25T20:48:08+00:00,2026-09-09T19:21:13+00:00,25,16,1,0,discovery,0.20,"max_source_weight=0.20 -> 9.0 | best_evidence=discovery -> +0.0 | independent_spam_groups=1 -> +0.0 | seen_runs=16 -> +12.0 | age_days=25 -> recency +5.0, stale 0.0 | safe_groups=0 -> 0.0"
946933343,26.0,OBSERVE,2026-08-25T20:48:08+00:00,2026-09-09T19:21:13+00:00,25,16,1,0,discovery,0.20,"max_source_weight=0.20 -> 9.0 | best_evidence=discovery -> +0.0 | independent_spam_groups=1 -> +0.0 | seen_runs=16 -> +12.0 | age_days=25 -> recency +5.0, stale 0.0 | safe_groups=0 -> 0.0"
946988681,26.0,OBSERVE,2026-08-29T00:37:48+00:00,2026-09-13T18:51:40+00:00,21,17,1,0,discovery,0.20,"max_source_weight=0.20 -> 9.0 | best_evidence=discovery -> +0.0 | independent_spam_groups=1 -> +0.0 | seen_runs=17 -> +12.0 | age_days=21 -> recency +5.0, stale 0.0 | safe_groups=0 -> 0.0"
947589796,26.0,OBSERVE,2026-08-28T01:00:53+00:00,2026-09-11T19:13:24+00:00,23,16,1,0,discovery,0.20,"max_source_weight=0.20 -> 9.0 | best_evidence=discovery -> +0.0 | independent_spam_groups=1 -> +0.0 | seen_runs=16 -> +12.0 | age_days=23 -> recency +5.0, stale 0.0 | safe_groups=0 -> 0.0"
947971631,26.0,OBSERVE,2026-08-25T20:48:08+00:00,2026-09-09T19:21:13+00:00,25,16,1,0,discovery,0.20,"max_source_weight=0.20 -> 9.0 | best_evidence=discovery -> +0.0 | independent_spam_groups=1 -> +0.0 | seen_runs=16 -> +12.0 | age_days=25 -> recency +5.0, stale 0.0 | safe_groups=0 -> 0.0"
951017917,26.0,OBSERVE,2026-08-25T20:48:08+00:00,2026-09-09T19:21:13+00:00,25,16,1,0,discovery,0.20,"max_source_weight=0.20 -> 9.0 | best_evidence=discovery -> +0.0 | independent_spam_groups=1 -> +0.0 | seen_runs=16 -> +12.0 | age_days=25 -> recency +5.0, stale 0.0 | safe_groups=0 -> 0.0"
951557345,26.0,OBSERVE,2026-08-25T20:48:08+00:00,2026-09-09T19:21:13+00:00,25,16,1,0,discovery,0.20,"max_source_weight=0.20 -> 9.0 | best_evidence=discovery -> +0.0 | independent_spam_groups=1 -> +0.0 | seen_runs=16 -> +12.0 | age_days=25 -> recency +5.0, stale 0.0 | safe_groups=0 -> 0.0"
951741439,26.0,OBSERVE,2026-08-25T20:48:08+00:00,2026-09-11T19:13:24+00:00,23,18,1,0,discovery,0.20,"max_source_weight=0.20 -> 9.0 | best_evidence=discovery -> +0.0 | independent_spam_groups=1 -> +0.0 | seen_runs=18 -> +12.0 | age_days=23 -> recency +5.0, stale 0.0 | safe_groups=0 -> 0.0"
953617078,26.0,OBSERVE,2026-08-25T20:48:08+00:00,2026-09-09T19:21:13+00:00,25,16,1,0,discovery,0.20,"max_source_weight=0.20 -> 9.0 | best_evidence=discovery -> +0.0 | independent_spam_groups=1 -> +0.0 | seen_runs=16 -> +12.0 | age_days=25 -> recency +5.0, stale 0.0 | safe_groups=0 -> 0.0"
955852655,26.0,OBSERVE,2026-08-25T20:48:08+00:00,2026-09-09T19:21:13+00:00,25,16,1,0,discovery,0.20,"max_source_weight=0.20 -> 9.0 | best_evidence=discovery -> +0.0 | independent_spam_groups=1 -> +0.0 | seen_runs=16 -> +12.0 | age_days=25 -> recency +5.0, stale 0.0 | safe_groups=0 -> 0.0"
956528846,26.0,OBSERVE,2026-08-25T20:48:08+00:00,2026-09-09T19:21:13+00:00,25,16,1,0,discovery,0.20,"max_source_weight=0.20 -> 9.0 | best_evidence=discovery -> +0.0 | independent_spam_groups=1 -> +0.0 | seen_runs=16 -> +12.0 | age_days=25 -> recency +5.0, stale 0.0 | safe_groups=0 -> 0.0"
957855306,26.0,OBSERVE,2026-08-25T20:48:08+00:00,2026-09-09T19:21:13+00:00,25,16,1,0,discovery,0.20,"max_source_weight=0.20 -> 9.0 | best_evidence=discovery -> +0.0 | independent_spam_groups=1 -> +0.0 | seen_runs=16 -> +12.0 | age_days=25 -> recency +5.0, stale 0.0 | safe_groups=0 -> 0.0"
958759079,26.0,OBSERVE,2026-08-25T20:48:08+00:00,2026-09-09T19:21:13+00:00,25,16,1,0,discovery,0.20,"max_source_weight=0.20 -> 9.0 | best_evidence=discovery -> +0.0 | independent_spam_groups=1 -> +0.0 | seen_runs=16 -> +12.0 | age_days=25 -> recency +5.0, stale 0.0 | safe_groups=0 -> 0.0"
959898678,26.0,OBSERVE,2026-08-26T17:34:45+00:00,2026-09-11T19:13:24+00:00,23,17,1,0,discovery,0.20,"max_source_weight=0.20 -> 9.0 | best_evidence=discovery -> +0.0 | independent_spam_groups=1 -> +0.0 | seen_runs=17 -> +12.0 | age_days=23 -> recency +5.0, stale 0.0 | safe_groups=0 -> 0.0"
960208058,26.0,OBSERVE,2026-09-01T19:28:04+00:00,2026-09-14T20:22:20+00:00,19,14,1,0,discovery,0.20,"max_source_weight=0.20 -> 9.0 | best_evidence=discovery -> +0.0 | independent_spam_groups=1 -> +0.0 | seen_runs=14 -> +12.0 | age_days=19 -> recency +5.0, stale 0.0 | safe_groups=0 -> 0.0"
960662015,26.0,OBSERVE,2026-08-25T20:48:08+00:00,2026-09-09T19:21:13+00:00,25,16,1,0,discovery,0.20,"max_source_weight=0.20 -> 9.0 | best_evidence=discovery -> +0.0 | independent_spam_groups=1 -> +0.0 | seen_runs=16 -> +12.0 | age_days=25 -> recency +5.0, stale 0.0 | safe_groups=0 -> 0.0"
961191987,26.0,OBSERVE,2026-08-25T20:48:08+00:00,2026-09-09T19:21:13+00:00,25,16,1,0,discovery,0.20,"max_source_weight=0.20 -> 9.0 | best_evidence=discovery -> +0.0 | independent_spam_groups=1 -> +0.0 | seen_runs=16 -> +12.0 | age_days=25 -> recency +5.0, stale 0.0 | safe_groups=0 -> 0.0"
963350524,26.0,OBSERVE,2026-09-05T18:23:44+00:00,2026-09-17T19:47:48+00:00,16,13,1,0,discovery,0.20,"max_source_weight=0.20 -> 9.0 | best_evidence=discovery -> +0.0 | independent_spam_groups=1 -> +0.0 | seen_runs=13 -> +12.0 | age_days=16 -> recency +5.0, stale 0.0 | safe_groups=0 -> 0.0"
965629984,26.0,OBSERVE,2026-08-25T20:48:08+00:00,2026-09-09T19:21:13+00:00,25,16,1,0,discovery,0.20,"max_source_weight=0.20 -> 9.0 | best_evidence=discovery -> +0.0 | independent_spam_groups=1 -> +0.0 | seen_runs=16 -> +12.0 | age_days=25 -> recency +5.0, stale 0.0 | safe_groups=0 -> 0.0"
966103899,26.0,OBSERVE,2026-08-25T20:48:08+00:00,2026-09-09T19:21:13+00:00,25,16,1,0,discovery,0.20,"max_source_weight=0.20 -> 9.0 | best_evidence=discovery -> +0.0 | independent_spam_groups=1 -> +0.0 | seen_runs=16 -> +12.0 | age_days=25 -> recency +5.0, stale 0.0 | safe_groups=0 -> 0.0"
966945262,26.0,OBSERVE,2026-08-25T20:48:08+00:00,2026-09-09T19:21:13+00:00,25,16,1,0,discovery,0.20,"max_source_weight=0.20 -> 9.0 | best_evidence=discovery -> +0.0 | independent_spam_groups=1 -> +0.0 | seen_runs=16 -> +12.0 | age_days=25 -> recency +5.0, stale 0.0 | safe_groups=0 -> 0.0"
967921126,26.0,OBSERVE,2026-08-25T20:48:08+00:00,2026-09-09T19:21:13+00:00,25,16,1,0,discovery,0.20,"max_source_weight=0.20 -> 9.0 | best_evidence=discovery -> +0.0 | independent_spam_groups=1 -> +0.0 | seen_runs=16 -> +12.0 | age_days=25 -> recency +5.0, stale 0.0 | safe_groups=0 -> 0.0"
968961925,26.0,OBSERVE,2026-08-25T20:48:08+00:00,2026-09-09T19:21:13+00:00,25,16,1,0,discovery,0.20,"max_source_weight=0.20 -> 9.0 | best_evidence=discovery -> +0.0 | independent_spam_groups=1 -> +0.0 | seen_runs=16 -> +12.0 | age_days=25 -> recency +5.0, stale 0.0 | safe_groups=0 -> 0.0"
969795010,26.0,OBSERVE,2026-09-01T19:28:04+00:00,2026-09-14T20:22:20+00:00,19,14,1,0,discovery,0.20,"max_source_weight=0.20 -> 9.0 | best_evidence=discovery -> +0.0 | independent_spam_groups=1 -> +0.0 | seen_runs=14 -> +12.0 | age_days=19 -> recency +5.0, stale 0.0 | safe_groups=0 -> 0.0"
976361328,26.0,OBSERVE,2026-08-25T20:48:08+00:00,2026-09-09T19:21:13+00:00,25,16,1,0,discovery,0.20,"max_source_weight=0.20 -> 9.0 | best_evidence=discovery -> +0.0 | independent_spam_groups=1 -> +0.0 | seen_runs=16 -> +12.0 | age_days=25 -> recency +5.0, stale 0.0 | safe_groups=0 -> 0.0"
977902449,26.0,OBSERVE,2026-08-25T20:48:08+00:00,2026-09-09T19:21:13+00:00,25,16,1,0,discovery,0.20,"max_source_weight=0.20 -> 9.0 | best_evidence=discovery -> +0.0 | independent_spam_groups=1 -> +0.0 | seen_runs=16 -> +12.0 | age_days=25 -> recency +5.0, stale 0.0 | safe_groups=0 -> 0.0"
977902578,26.0,OBSERVE,2026-08-25T20:48:08+00:00,2026-09-09T19:21:13+00:00,25,16,1,0,discovery,0.20,"max_source_weight=0.20 -> 9.0 | best_evidence=discovery -> +0.0 | independent_spam_groups=1 -> +0.0 | seen_runs=16 -> +12.0 | age_days=25 -> recency +5.0, stale 0.0 | safe_groups=0 -> 0.0"
977905825,26.0,OBSERVE,2026-08-25T20:48:08+00:00,2026-09-09T19:21:13+00:00,25,16,1,0,discovery,0.20,"max_source_weight=0.20 -> 9.0 | best_evidence=discovery -> +0.0 | independent_spam_groups=1 -> +0.0 | seen_runs=16 -> +12.0 | age_days=25 -> recency +5.0, stale 0.0 | safe_groups=0 -> 0.0"
979202994,26.0,OBSERVE,2026-09-02T19:27:12+00:00,2026-09-15T19:45:50+00:00,18,14,1,0,discovery,0.20,"max_source_weight=0.20 -> 9.0 | best_evidence=discovery -> +0.0 | independent_spam_groups=1 -> +0.0 | seen_runs=14 -> +12.0 | age_days=18 -> recency +5.0, stale 0.0 | safe_groups=0 -> 0.0"
983152606,26.0,OBSERVE,2026-08-26T17:34:45+00:00,2026-09-11T19:13:24+00:00,23,17,1,0,discovery,0.20,"max_source_weight=0.20 -> 9.0 | best_evidence=discovery -> +0.0 | independent_spam_groups=1 -> +0.0 | seen_runs=17 -> +12.0 | age_days=23 -> recency +5.0, stale 0.0 | safe_groups=0 -> 0.0"
984279010,26.0,OBSERVE,2026-08-25T20:48:08+00:00,2026-09-09T19:21:13+00:00,25,16,1,0,discovery,0.20,"max_source_weight=0.20 -> 9.0 | best_evidence=discovery -> +0.0 | independent_spam_groups=1 -> +0.0 | seen_runs=16 -> +12.0 | age_days=25 -> recency +5.0, stale 0.0 | safe_groups=0 -> 0.0"
984279134,26.0,OBSERVE,2026-08-31T21:32:23+00:00,2026-09-14T20:22:20+00:00,19,15,1,0,discovery,0.20,"max_source_weight=0.20 -> 9.0 | best_evidence=discovery -> +0.0 | independent_spam_groups=1 -> +0.0 | seen_runs=15 -> +12.0 | age_days=19 -> recency +5.0, stale 0.0 | safe_groups=0 -> 0.0"
984279251,26.0,OBSERVE,2026-08-28T01:00:53+00:00,2026-09-12T18:28:48+00:00,22,17,1,0,discovery,0.20,"max_source_weight=0.20 -> 9.0 | best_evidence=discovery -> +0.0 | independent_spam_groups=1 -> +0.0 | seen_runs=17 -> +12.0 | age_days=22 -> recency +5.0, stale 0.0 | safe_groups=0 -> 0.0"
988142476,26.0,OBSERVE,2026-08-25T20:48:08+00:00,2026-09-10T19:11:24+00:00,24,17,1,0,discovery,0.20,"max_source_weight=0.20 -> 9.0 | best_evidence=discovery -> +0.0 | independent_spam_groups=1 -> +0.0 | seen_runs=17 -> +12.0 | age_days=24 -> recency +5.0, stale 0.0 | safe_groups=0 -> 0.0"
601351634,25.0,OBSERVE,2026-10-02T20:50:00+00:00,2026-10-04T19:43:02+00:00,0,3,1,0,discovery,0.20,"max_source_weight=0.20 -> 9.0 | best_evidence=discovery -> +0.0 | independent_spam_groups=1 -> +0.0 | seen_runs=3 -> +8.0 | age_days=0 -> recency +8.0, stale 0.0 | safe_groups=0 -> 0.0"
635816158,25.0,OBSERVE,2026-10-02T20:50:00+00:00,2026-10-04T19:43:02+00:00,0,3,1,0,discovery,0.20,"max_source_weight=0.20 -> 9.0 | best_evidence=discovery -> +0.0 | independent_spam_groups=1 -> +0.0 | seen_runs=3 -> +8.0 | age_days=0 -> recency +8.0, stale 0.0 | safe_groups=0 -> 0.0"
653530078,25.0,OBSERVE,2026-10-02T20:50:00+00:00,2026-10-04T19:43:02+00:00,0,3,1,0,discovery,0.20,"max_source_weight=0.20 -> 9.0 | best_evidence=discovery -> +0.0 | independent_spam_groups=1 -> +0.0 | seen_runs=3 -> +8.0 | age_days=0 -> recency +8.0, stale 0.0 | safe_groups=0 -> 0.0"
689094317,25.0,OBSERVE,2026-10-02T20:50:00+00:00,2026-10-04T19:43:02+00:00,0,3,1,0,discovery,0.20,"max_source_weight=0.20 -> 9.0 | best_evidence=discovery -> +0.0 | independent_spam_groups=1 -> +0.0 | seen_runs=3 -> +8.0 | age_days=0 -> recency +8.0, stale 0.0 | safe_groups=0 -> 0.0"
616669168,17.0,OBSERVE,2026-10-04T19:43:02+00:00,2026-10-04T19:43:02+00:00,0,1,1,0,discovery,0.20,"max_source_weight=0.20 -> 9.0 | best_evidence=discovery -> +0.0 | independent_spam_groups=1 -> +0.0 | seen_runs=1 -> +0.0 | age_days=0 -> recency +8.0, stale 0.0 | safe_groups=0 -> 0.0"
623560662,15.2,OBSERVE,2026-08-25T20:48:08+00:00,2026-08-31T21:32:23+00:00,33,7,1,0,discovery,0.25,"max_source_weight=0.25 -> 11.2 | best_evidence=discovery -> +0.0 | independent_spam_groups=1 -> +0.0 | seen_runs=7 -> +12.0 | age_days=33 -> recency +2.0, stale 10.0 | safe_groups=0 -> 0.0"
620435535,13.0,OBSERVE,2026-08-25T20:48:08+00:00,2026-09-01T19:28:04+00:00,33,8,1,0,discovery,0.20,"max_source_weight=0.20 -> 9.0 | best_evidence=discovery -> +0.0 | independent_spam_groups=1 -> +0.0 | seen_runs=8 -> +12.0 | age_days=33 -> recency +2.0, stale 10.0 | safe_groups=0 -> 0.0"
626454810,13.0,OBSERVE,2026-08-25T20:48:08+00:00,2026-08-30T19:23:11+00:00,35,6,1,0,discovery,0.20,"max_source_weight=0.20 -> 9.0 | best_evidence=discovery -> +0.0 | independent_spam_groups=1 -> +0.0 | seen_runs=6 -> +12.0 | age_days=35 -> recency +2.0, stale 10.0 | safe_groups=0 -> 0.0"
632224464,13.0,OBSERVE,2026-08-25T20:48:08+00:00,2026-09-02T19:27:12+00:00,32,9,1,0,discovery,0.20,"max_source_weight=0.20 -> 9.0 | best_evidence=discovery -> +0.0 | independent_spam_groups=1 -> +0.0 | seen_runs=9 -> +12.0 | age_days=32 -> recency +2.0, stale 10.0 | safe_groups=0 -> 0.0"
636419693,13.0,OBSERVE,2026-08-25T20:48:08+00:00,2026-08-29T00:37:48+00:00,36,4,1,0,discovery,0.20,"max_source_weight=0.20 -> 9.0 | best_evidence=discovery -> +0.0 | independent_spam_groups=1 -> +0.0 | seen_runs=4 -> +12.0 | age_days=36 -> recency +2.0, stale 10.0 | safe_groups=0 -> 0.0"
638236848,13.0,OBSERVE,2026-08-25T20:48:08+00:00,2026-08-30T19:23:11+00:00,35,6,1,0,discovery,0.20,"max_source_weight=0.20 -> 9.0 | best_evidence=discovery -> +0.0 | independent_spam_groups=1 -> +0.0 | seen_runs=6 -> +12.0 | age_days=35 -> recency +2.0, stale 10.0 | safe_groups=0 -> 0.0"
638341743,13.0,OBSERVE,2026-08-25T20:48:08+00:00,2026-08-30T19:23:11+00:00,35,6,1,0,discovery,0.20,"max_source_weight=0.20 -> 9.0 | best_evidence=discovery -> +0.0 | independent_spam_groups=1 -> +0.0 | seen_runs=6 -> +12.0 | age_days=35 -> recency +2.0, stale 10.0 | safe_groups=0 -> 0.0"
638380221,13.0,OBSERVE,2026-08-25T20:48:08+00:00,2026-08-31T21:32:23+00:00,33,7,1,0,discovery,0.20,"max_source_weight=0.20 -> 9.0 | best_evidence=discovery -> +0.0 | independent_spam_groups=1 -> +0.0 | seen_runs=7 -> +12.0 | age_days=33 -> recency +2.0, stale 10.0 | safe_groups=0 -> 0.0"
638854657,13.0,OBSERVE,2026-08-25T20:48:08+00:00,2026-08-31T21:32:23+00:00,33,7,1,0,discovery,0.20,"max_source_weight=0.20 -> 9.0 | best_evidence=discovery -> +0.0 | independent_spam_groups=1 -> +0.0 | seen_runs=7 -> +12.0 | age_days=33 -> recency +2.0, stale 10.0 | safe_groups=0 -> 0.0"
638955949,13.0,OBSERVE,2026-08-25T20:48:08+00:00,2026-08-31T21:32:23+00:00,33,7,1,0,discovery,0.20,"max_source_weight=0.20 -> 9.0 | best_evidence=discovery -> +0.0 | independent_spam_groups=1 -> +0.0 | seen_runs=7 -> +12.0 | age_days=33 -> recency +2.0, stale 10.0 | safe_groups=0 -> 0.0"
639670252,13.0,OBSERVE,2026-08-25T20:48:08+00:00,2026-09-01T19:28:04+00:00,33,8,1,0,discovery,0.20,"max_source_weight=0.20 -> 9.0 | best_evidence=discovery -> +0.0 | independent_spam_groups=1 -> +0.0 | seen_runs=8 -> +12.0 | age_days=33 -> recency +2.0, stale 10.0 | safe_groups=0 -> 0.0"
646175259,13.0,OBSERVE,2026-08-25T20:48:08+00:00,2026-08-31T21:32:23+00:00,33,7,1,0,discovery,0.20,"max_source_weight=0.20 -> 9.0 | best_evidence=discovery -> +0.0 | independent_spam_groups=1 -> +0.0 | seen_runs=7 -> +12.0 | age_days=33 -> recency +2.0, stale 10.0 | safe_groups=0 -> 0.0"
646401559,13.0,OBSERVE,2026-08-25T20:48:08+00:00,2026-08-31T21:32:23+00:00,33,7,1,0,discovery,0.20,"max_source_weight=0.20 -> 9.0 | best_evidence=discovery -> +0.0 | independent_spam_groups=1 -> +0.0 | seen_runs=7 -> +12.0 | age_days=33 -> recency +2.0, stale 10.0 | safe_groups=0 -> 0.0"
646679155,13.0,OBSERVE,2026-08-25T20:48:08+00:00,2026-08-31T21:32:23+00:00,33,7,1,0,discovery,0.20,"max_source_weight=0.20 -> 9.0 | best_evidence=discovery -> +0.0 | independent_spam_groups=1 -> +0.0 | seen_runs=7 -> +12.0 | age_days=33 -> recency +2.0, stale 10.0 | safe_groups=0 -> 0.0"
646825144,13.0,OBSERVE,2026-08-25T20:48:08+00:00,2026-09-01T19:28:04+00:00,33,8,1,0,discovery,0.20,"max_source_weight=0.20 -> 9.0 | best_evidence=discovery -> +0.0 | independent_spam_groups=1 -> +0.0 | seen_runs=8 -> +12.0 | age_days=33 -> recency +2.0, stale 10.0 | safe_groups=0 -> 0.0"
650261549,13.0,OBSERVE,2026-08-25T20:48:08+00:00,2026-09-03T19:21:36+00:00,31,10,1,0,discovery,0.20,"max_source_weight=0.20 -> 9.0 | best_evidence=discovery -> +0.0 | independent_spam_groups=1 -> +0.0 | seen_runs=10 -> +12.0 | age_days=31 -> recency +2.0, stale 10.0 | safe_groups=0 -> 0.0"
650566603,13.0,OBSERVE,2026-08-25T20:48:08+00:00,2026-09-01T19:28:04+00:00,33,8,1,0,discovery,0.20,"max_source_weight=0.20 -> 9.0 | best_evidence=discovery -> +0.0 | independent_spam_groups=1 -> +0.0 | seen_runs=8 -> +12.0 | age_days=33 -> recency +2.0, stale 10.0 | safe_groups=0 -> 0.0"
659454754,13.0,OBSERVE,2026-08-25T20:48:08+00:00,2026-09-03T19:21:36+00:00,31,10,1,0,discovery,0.20,"max_source_weight=0.20 -> 9.0 | best_evidence=discovery -> +0.0 | independent_spam_groups=1 -> +0.0 | seen_runs=10 -> +12.0 | age_days=31 -> recency +2.0, stale 10.0 | safe_groups=0 -> 0.0"
659460800,13.0,OBSERVE,2026-08-25T20:48:08+00:00,2026-08-29T00:37:48+00:00,36,4,1,0,discovery,0.20,"max_source_weight=0.20 -> 9.0 | best_evidence=discovery -> +0.0 | independent_spam_groups=1 -> +0.0 | seen_runs=4 -> +12.0 | age_days=36 -> recency +2.0, stale 10.0 | safe_groups=0 -> 0.0"
660189964,13.0,OBSERVE,2026-08-25T20:48:08+00:00,2026-08-30T19:23:11+00:00,35,6,1,0,discovery,0.20,"max_source_weight=0.20 -> 9.0 | best_evidence=discovery -> +0.0 | independent_spam_groups=1 -> +0.0 | seen_runs=6 -> +12.0 | age_days=35 -> recency +2.0, stale 10.0 | safe_groups=0 -> 0.0"
660979741,13.0,OBSERVE,2026-08-25T20:48:08+00:00,2026-08-30T19:23:11+00:00,35,6,1,0,discovery,0.20,"max_source_weight=0.20 -> 9.0 | best_evidence=discovery -> +0.0 | independent_spam_groups=1 -> +0.0 | seen_runs=6 -> +12.0 | age_days=35 -> recency +2.0, stale 10.0 | safe_groups=0 -> 0.0"
667481770,13.0,OBSERVE,2026-08-25T20:48:08+00:00,2026-09-02T19:27:12+00:00,32,9,1,0,discovery,0.20,"max_source_weight=0.20 -> 9.0 | best_evidence=discovery -> +0.0 | independent_spam_groups=1 -> +0.0 | seen_runs=9 -> +12.0 | age_days=32 -> recency +2.0, stale 10.0 | safe_groups=0 -> 0.0"
669115129,13.0,OBSERVE,2026-08-25T20:48:08+00:00,2026-08-31T21:32:23+00:00,33,7,1,0,discovery,0.20,"max_source_weight=0.20 -> 9.0 | best_evidence=discovery -> +0.0 | independent_spam_groups=1 -> +0.0 | seen_runs=7 -> +12.0 | age_days=33 -> recency +2.0, stale 10.0 | safe_groups=0 -> 0.0"
669227131,13.0,OBSERVE,2026-08-25T20:48:08+00:00,2026-08-31T21:32:23+00:00,33,7,1,0,discovery,0.20,"max_source_weight=0.20 -> 9.0 | best_evidence=discovery -> +0.0 | independent_spam_groups=1 -> +0.0 | seen_runs=7 -> +12.0 | age_days=33 -> recency +2.0, stale 10.0 | safe_groups=0 -> 0.0"
669985557,13.0,OBSERVE,2026-08-25T20:48:08+00:00,2026-08-31T21:32:23+00:00,33,7,1,0,discovery,0.20,"max_source_weight=0.20 -> 9.0 | best_evidence=discovery -> +0.0 | independent_spam_groups=1 -> +0.0 | seen_runs=7 -> +12.0 | age_days=33 -> recency +2.0, stale 10.0 | safe_groups=0 -> 0.0"
676656874,13.0,OBSERVE,2026-08-25T20:48:08+00:00,2026-09-01T19:28:04+00:00,33,8,1,0,discovery,0.20,"max_source_weight=0.20 -> 9.0 | best_evidence=discovery -> +0.0 | independent_spam_groups=1 -> +0.0 | seen_runs=8 -> +12.0 | age_days=33 -> recency +2.0, stale 10.0 | safe_groups=0 -> 0.0"
677086832,13.0,OBSERVE,2026-08-25T20:48:08+00:00,2026-09-02T19:27:12+00:00,32,9,1,0,discovery,0.20,"max_source_weight=0.20 -> 9.0 | best_evidence=discovery -> +0.0 | independent_spam_groups=1 -> +0.0 | seen_runs=9 -> +12.0 | age_days=32 -> recency +2.0, stale 10.0 | safe_groups=0 -> 0.0"
679115001,13.0,OBSERVE,2026-08-25T20:48:08+00:00,2026-09-01T19:28:04+00:00,33,8,1,0,discovery,0.20,"max_source_weight=0.20 -> 9.0 | best_evidence=discovery -> +0.0 | independent_spam_groups=1 -> +0.0 | seen_runs=8 -> +12.0 | age_days=33 -> recency +2.0, stale 10.0 | safe_groups=0 -> 0.0"
679179171,13.0,OBSERVE,2026-08-25T20:48:08+00:00,2026-09-01T19:28:04+00:00,33,8,1,0,discovery,0.20,"max_source_weight=0.20 -> 9.0 | best_evidence=discovery -> +0.0 | independent_spam_groups=1 -> +0.0 | seen_runs=8 -> +12.0 | age_days=33 -> recency +2.0, stale 10.0 | safe_groups=0 -> 0.0"
679189220,13.0,OBSERVE,2026-08-25T20:48:08+00:00,2026-09-01T19:28:04+00:00,33,8,1,0,discovery,0.20,"max_source_weight=0.20 -> 9.0 | best_evidence=discovery -> +0.0 | independent_spam_groups=1 -> +0.0 | seen_runs=8 -> +12.0 | age_days=33 -> recency +2.0, stale 10.0 | safe_groups=0 -> 0.0"
679667777,13.0,OBSERVE,2026-08-25T20:48:08+00:00,2026-08-31T21:32:23+00:00,33,7,1,0,discovery,0.20,"max_source_weight=0.20 -> 9.0 | best_evidence=discovery -> +0.0 | independent_spam_groups=1 -> +0.0 | seen_runs=7 -> +12.0 | age_days=33 -> recency +2.0, stale 10.0 | safe_groups=0 -> 0.0"
680319570,13.0,OBSERVE,2026-08-25T20:48:08+00:00,2026-09-03T19:21:36+00:00,31,10,1,0,discovery,0.20,"max_source_weight=0.20 -> 9.0 | best_evidence=discovery -> +0.0 | independent_spam_groups=1 -> +0.0 | seen_runs=10 -> +12.0 | age_days=31 -> recency +2.0, stale 10.0 | safe_groups=0 -> 0.0"
680389237,13.0,OBSERVE,2026-08-25T20:48:08+00:00,2026-09-03T19:21:36+00:00,31,10,1,0,discovery,0.20,"max_source_weight=0.20 -> 9.0 | best_evidence=discovery -> +0.0 | independent_spam_groups=1 -> +0.0 | seen_runs=10 -> +12.0 | age_days=31 -> recency +2.0, stale 10.0 | safe_groups=0 -> 0.0"
680672747,13.0,OBSERVE,2026-08-25T20:48:08+00:00,2026-09-01T19:28:04+00:00,33,8,1,0,discovery,0.20,"max_source_weight=0.20 -> 9.0 | best_evidence=discovery -> +0.0 | independent_spam_groups=1 -> +0.0 | seen_runs=8 -> +12.0 | age_days=33 -> recency +2.0, stale 10.0 | safe_groups=0 -> 0.0"
680821335,13.0,OBSERVE,2026-08-25T20:48:08+00:00,2026-09-01T19:28:04+00:00,33,8,1,0,discovery,0.20,"max_source_weight=0.20 -> 9.0 | best_evidence=discovery -> +0.0 | independent_spam_groups=1 -> +0.0 | seen_runs=8 -> +12.0 | age_days=33 -> recency +2.0, stale 10.0 | safe_groups=0 -> 0.0"
696654633,13.0,OBSERVE,2026-08-25T20:48:08+00:00,2026-09-03T19:21:36+00:00,31,10,1,0,discovery,0.20,"max_source_weight=0.20 -> 9.0 | best_evidence=discovery -> +0.0 | independent_spam_groups=1 -> +0.0 | seen_runs=10 -> +12.0 | age_days=31 -> recency +2.0, stale 10.0 | safe_groups=0 -> 0.0"
854564860,13.0,OBSERVE,2026-08-25T20:48:08+00:00,2026-09-02T19:27:12+00:00,32,9,1,0,discovery,0.20,"max_source_weight=0.20 -> 9.0 | best_evidence=discovery -> +0.0 | independent_spam_groups=1 -> +0.0 | seen_runs=9 -> +12.0 | age_days=32 -> recency +2.0, stale 10.0 | safe_groups=0 -> 0.0"
877450217,13.0,OBSERVE,2026-08-25T20:48:08+00:00,2026-09-02T19:27:12+00:00,32,9,1,0,discovery,0.20,"max_source_weight=0.20 -> 9.0 | best_evidence=discovery -> +0.0 | independent_spam_groups=1 -> +0.0 | seen_runs=9 -> +12.0 | age_days=32 -> recency +2.0, stale 10.0 | safe_groups=0 -> 0.0"
947971637,13.0,OBSERVE,2026-08-25T20:48:08+00:00,2026-09-02T19:27:12+00:00,32,9,1,0,discovery,0.20,"max_source_weight=0.20 -> 9.0 | best_evidence=discovery -> +0.0 | independent_spam_groups=1 -> +0.0 | seen_runs=9 -> +12.0 | age_days=32 -> recency +2.0, stale 10.0 | safe_groups=0 -> 0.0"
958489502,13.0,OBSERVE,2026-08-25T20:48:08+00:00,2026-09-02T19:27:12+00:00,32,9,1,0,discovery,0.20,"max_source_weight=0.20 -> 9.0 | best_evidence=discovery -> +0.0 | independent_spam_groups=1 -> +0.0 | seen_runs=9 -> +12.0 | age_days=32 -> recency +2.0, stale 10.0 | safe_groups=0 -> 0.0"
973930952,13.0,OBSERVE,2026-08-25T20:48:08+00:00,2026-09-02T19:27:12+00:00,32,9,1,0,discovery,0.20,"max_source_weight=0.20 -> 9.0 | best_evidence=discovery -> +0.0 | independent_spam_groups=1 -> +0.0 | seen_runs=9 -> +12.0 | age_days=32 -> recency +2.0, stale 10.0 | safe_groups=0 -> 0.0"
659317804,9.0,OBSERVE,2026-08-25T20:48:08+00:00,2026-08-28T01:00:53+00:00,37,3,1,0,discovery,0.20,"max_source_weight=0.20 -> 9.0 | best_evidence=discovery -> +0.0 | independent_spam_groups=1 -> +0.0 | seen_runs=3 -> +8.0 | age_days=37 -> recency +2.0, stale 10.0 | safe_groups=0 -> 0.0"
951838380,9.0,OBSERVE,2026-08-25T20:48:08+00:00,2026-08-28T01:00:53+00:00,37,3,1,0,discovery,0.20,"max_source_weight=0.20 -> 9.0 | best_evidence=discovery -> +0.0 | independent_spam_groups=1 -> +0.0 | seen_runs=3 -> +8.0 | age_days=37 -> recency +2.0, stale 10.0 | safe_groups=0 -> 0.0"
959615525,9.0,OBSERVE,2026-08-25T20:48:08+00:00,2026-08-28T01:00:53+00:00,37,3,1,0,discovery,0.20,"max_source_weight=0.20 -> 9.0 | best_evidence=discovery -> +0.0 | independent_spam_groups=1 -> +0.0 | seen_runs=3 -> +8.0 | age_days=37 -> recency +2.0, stale 10.0 | safe_groups=0 -> 0.0"
628581259,5.0,OBSERVE,2026-08-25T20:48:08+00:00,2026-08-26T17:34:45+00:00,39,2,1,0,discovery,0.20,"max_source_weight=0.20 -> 9.0 | best_evidence=discovery -> +0.0 | independent_spam_groups=1 -> +0.0 | seen_runs=2 -> +4.0 | age_days=39 -> recency +2.0, stale 10.0 | safe_groups=0 -> 0.0"
636192103,5.0,OBSERVE,2026-08-25T20:48:08+00:00,2026-08-26T17:34:45+00:00,39,2,1,0,discovery,0.20,"max_source_weight=0.20 -> 9.0 | best_evidence=discovery -> +0.0 | independent_spam_groups=1 -> +0.0 | seen_runs=2 -> +4.0 | age_days=39 -> recency +2.0, stale 10.0 | safe_groups=0 -> 0.0"
636288608,5.0,OBSERVE,2026-08-25T20:48:08+00:00,2026-08-26T17:34:45+00:00,39,2,1,0,discovery,0.20,"max_source_weight=0.20 -> 9.0 | best_evidence=discovery -> +0.0 | independent_spam_groups=1 -> +0.0 | seen_runs=2 -> +4.0 | age_days=39 -> recency +2.0, stale 10.0 | safe_groups=0 -> 0.0"
657510040,5.0,OBSERVE,2026-08-25T20:48:08+00:00,2026-08-26T17:34:45+00:00,39,2,1,0,discovery,0.20,"max_source_weight=0.20 -> 9.0 | best_evidence=discovery -> +0.0 | independent_spam_groups=1 -> +0.0 | seen_runs=2 -> +4.0 | age_days=39 -> recency +2.0, stale 10.0 | safe_groups=0 -> 0.0"
960453880,5.0,OBSERVE,2026-08-25T20:48:08+00:00,2026-08-26T17:34:45+00:00,39,2,1,0,discovery,0.20,"max_source_weight=0.20 -> 9.0 | best_evidence=discovery -> +0.0 | independent_spam_groups=1 -> +0.0 | seen_runs=2 -> +4.0 | age_days=39 -> recency +2.0, stale 10.0 | safe_groups=0 -> 0.0"
608602539,1.0,OBSERVE,2026-08-25T20:48:08+00:00,2026-08-25T20:48:08+00:00,39,1,1,0,discovery,0.20,"max_source_weight=0.20 -> 9.0 | best_evidence=discovery -> +0.0 | independent_spam_groups=1 -> +0.0 | seen_runs=1 -> +0.0 | age_days=39 -> recency +2.0, stale 10.0 | safe_groups=0 -> 0.0"
609957563,1.0,OBSERVE,2026-08-25T20:48:08+00:00,2026-08-25T20:48:08+00:00,39,1,1,0,discovery,0.20,"max_source_weight=0.20 -> 9.0 | best_evidence=discovery -> +0.0 | independent_spam_groups=1 -> +0.0 | seen_runs=1 -> +0.0 | age_days=39 -> recency +2.0, stale 10.0 | safe_groups=0 -> 0.0"
630494048,1.0,OBSERVE,2026-08-25T20:48:08+00:00,2026-08-25T20:48:08+00:00,39,1,1,0,discovery,0.20,"max_source_weight=0.20 -> 9.0 | best_evidence=discovery -> +0.0 | independent_spam_groups=1 -> +0.0 | seen_runs=1 -> +0.0 | age_days=39 -> recency +2.0, stale 10.0 | safe_groups=0 -> 0.0"
681352381,1.0,OBSERVE,2026-08-25T20:48:08+00:00,2026-08-25T20:48:08+00:00,39,1,1,0,discovery,0.20,"max_source_weight=0.20 -> 9.0 | best_evidence=discovery -> +0.0 | independent_spam_groups=1 -> +0.0 | seen_runs=1 -> +0.0 | age_days=39 -> recency +2.0, stale 10.0 | safe_groups=0 -> 0.0"
